
-- Executing script file `results/discovery/mac_arrival_challenge_20260905/mul24_mac_arrival_dadda_koggestone_xormaj_classic.ys' --

1. Executing Verilog-2005 frontend: results/discovery/mac_arrival_challenge_20260905/cells.v
Parsing Verilog input from `results/discovery/mac_arrival_challenge_20260905/cells.v' to AST representation.
Generating RTLIL representation for module `\gen_and2'.
Generating RTLIL representation for module `\gen_or2'.
Generating RTLIL representation for module `\gen_mux2'.
Generating RTLIL representation for module `\gen_xor2'.
Generating RTLIL representation for module `\gen_xor3'.
Generating RTLIL representation for module `\gen_ha'.
Generating RTLIL representation for module `\gen_fa'.
Generating RTLIL representation for module `\gen_famux'.
Generating RTLIL representation for module `\gen_pg'.
Generating RTLIL representation for module `\gen_black'.
Generating RTLIL representation for module `\gen_gray'.
Successfully finished Verilog frontend.

2. Executing Verilog-2005 frontend: results/discovery/mac_arrival_challenge_20260905/rtl/mul24_mac_arrival_dadda_koggestone_xormaj.v
Parsing Verilog input from `results/discovery/mac_arrival_challenge_20260905/rtl/mul24_mac_arrival_dadda_koggestone_xormaj.v' to AST representation.
Generating RTLIL representation for module `\mul24_mac_arrival_dadda_koggestone_xormaj'.
Successfully finished Verilog frontend.

3. Executing ATTRMAP pass (move or copy attributes).
Removed attribute on gen_gray: keep_hierarchy=1
Removed attribute on gen_black: keep_hierarchy=1
Removed attribute on gen_pg: keep_hierarchy=1
Removed attribute on gen_famux: keep_hierarchy=1
Removed attribute on gen_fa: keep_hierarchy=1
Removed attribute on gen_ha: keep_hierarchy=1
Removed attribute on gen_xor3: keep_hierarchy=1
Removed attribute on gen_xor2: keep_hierarchy=1
Removed attribute on gen_mux2: keep_hierarchy=1
Removed attribute on gen_or2: keep_hierarchy=1
Removed attribute on gen_and2: keep_hierarchy=1

4. Executing HIERARCHY pass (managing design hierarchy).

4.1. Analyzing design hierarchy..
Top module:  \mul24_mac_arrival_dadda_koggestone_xormaj
Used module:     \gen_or2
Used module:     \gen_xor2
Used module:     \gen_and2
Used module:     \gen_gray
Used module:     \gen_black
Used module:     \gen_pg
Used module:     \gen_fa
Used module:     \gen_ha

4.2. Analyzing design hierarchy..
Top module:  \mul24_mac_arrival_dadda_koggestone_xormaj
Used module:     \gen_or2
Used module:     \gen_xor2
Used module:     \gen_and2
Used module:     \gen_gray
Used module:     \gen_black
Used module:     \gen_pg
Used module:     \gen_fa
Used module:     \gen_ha
Removing unused module `\gen_famux'.
Removing unused module `\gen_xor3'.
Removing unused module `\gen_mux2'.
Removed 3 unused modules.
Mapping positional arguments of cell mul24_mac_arrival_dadda_koggestone_xormaj.u1692 (gen_or2).
Mapping positional arguments of cell mul24_mac_arrival_dadda_koggestone_xormaj.u1691 (gen_or2).
Mapping positional arguments of cell mul24_mac_arrival_dadda_koggestone_xormaj.u1690 (gen_or2).
Mapping positional arguments of cell mul24_mac_arrival_dadda_koggestone_xormaj.u1689 (gen_or2).
Mapping positional arguments of cell mul24_mac_arrival_dadda_koggestone_xormaj.u1688 (gen_or2).
Mapping positional arguments of cell mul24_mac_arrival_dadda_koggestone_xormaj.u1687 (gen_or2).
Mapping positional arguments of cell mul24_mac_arrival_dadda_koggestone_xormaj.u1686 (gen_or2).
Mapping positional arguments of cell mul24_mac_arrival_dadda_koggestone_xormaj.u1685 (gen_or2).
Mapping positional arguments of cell mul24_mac_arrival_dadda_koggestone_xormaj.u1684 (gen_or2).
Mapping positional arguments of cell mul24_mac_arrival_dadda_koggestone_xormaj.u1683 (gen_or2).
Mapping positional arguments of cell mul24_mac_arrival_dadda_koggestone_xormaj.u1682 (gen_or2).
Mapping positional arguments of cell mul24_mac_arrival_dadda_koggestone_xormaj.u1681 (gen_or2).
Mapping positional arguments of cell mul24_mac_arrival_dadda_koggestone_xormaj.u1680 (gen_or2).
Mapping positional arguments of cell mul24_mac_arrival_dadda_koggestone_xormaj.u1679 (gen_or2).
Mapping positional arguments of cell mul24_mac_arrival_dadda_koggestone_xormaj.u1678 (gen_or2).
Mapping positional arguments of cell mul24_mac_arrival_dadda_koggestone_xormaj.u1677 (gen_or2).
Mapping positional arguments of cell mul24_mac_arrival_dadda_koggestone_xormaj.u1676 (gen_or2).
Mapping positional arguments of cell mul24_mac_arrival_dadda_koggestone_xormaj.u1675 (gen_or2).
Mapping positional arguments of cell mul24_mac_arrival_dadda_koggestone_xormaj.u1674 (gen_or2).
Mapping positional arguments of cell mul24_mac_arrival_dadda_koggestone_xormaj.u1673 (gen_or2).
Mapping positional arguments of cell mul24_mac_arrival_dadda_koggestone_xormaj.u1672 (gen_or2).
Mapping positional arguments of cell mul24_mac_arrival_dadda_koggestone_xormaj.u1671 (gen_or2).
Mapping positional arguments of cell mul24_mac_arrival_dadda_koggestone_xormaj.u1670 (gen_or2).
Mapping positional arguments of cell mul24_mac_arrival_dadda_koggestone_xormaj.u1669 (gen_or2).
Mapping positional arguments of cell mul24_mac_arrival_dadda_koggestone_xormaj.u1668 (gen_or2).
Mapping positional arguments of cell mul24_mac_arrival_dadda_koggestone_xormaj.u1667 (gen_or2).
Mapping positional arguments of cell mul24_mac_arrival_dadda_koggestone_xormaj.u1666 (gen_or2).
Mapping positional arguments of cell mul24_mac_arrival_dadda_koggestone_xormaj.u1665 (gen_or2).
Mapping positional arguments of cell mul24_mac_arrival_dadda_koggestone_xormaj.u1664 (gen_or2).
Mapping positional arguments of cell mul24_mac_arrival_dadda_koggestone_xormaj.u1663 (gen_or2).
Mapping positional arguments of cell mul24_mac_arrival_dadda_koggestone_xormaj.u1662 (gen_or2).
Mapping positional arguments of cell mul24_mac_arrival_dadda_koggestone_xormaj.u1661 (gen_or2).
Mapping positional arguments of cell mul24_mac_arrival_dadda_koggestone_xormaj.u1660 (gen_or2).
Mapping positional arguments of cell mul24_mac_arrival_dadda_koggestone_xormaj.u1659 (gen_or2).
Mapping positional arguments of cell mul24_mac_arrival_dadda_koggestone_xormaj.u1658 (gen_or2).
Mapping positional arguments of cell mul24_mac_arrival_dadda_koggestone_xormaj.u1657 (gen_or2).
Mapping positional arguments of cell mul24_mac_arrival_dadda_koggestone_xormaj.u1656 (gen_or2).
Mapping positional arguments of cell mul24_mac_arrival_dadda_koggestone_xormaj.u1655 (gen_or2).
Mapping positional arguments of cell mul24_mac_arrival_dadda_koggestone_xormaj.u1654 (gen_or2).
Mapping positional arguments of cell mul24_mac_arrival_dadda_koggestone_xormaj.u1653 (gen_or2).
Mapping positional arguments of cell mul24_mac_arrival_dadda_koggestone_xormaj.u1652 (gen_or2).
Mapping positional arguments of cell mul24_mac_arrival_dadda_koggestone_xormaj.u1651 (gen_or2).
Mapping positional arguments of cell mul24_mac_arrival_dadda_koggestone_xormaj.u1650 (gen_or2).
Mapping positional arguments of cell mul24_mac_arrival_dadda_koggestone_xormaj.u1649 (gen_or2).
Mapping positional arguments of cell mul24_mac_arrival_dadda_koggestone_xormaj.u1648 (gen_or2).
Mapping positional arguments of cell mul24_mac_arrival_dadda_koggestone_xormaj.u1647 (gen_or2).
Mapping positional arguments of cell mul24_mac_arrival_dadda_koggestone_xormaj.u1646 (gen_or2).
Mapping positional arguments of cell mul24_mac_arrival_dadda_koggestone_xormaj.u1645 (gen_or2).
Mapping positional arguments of cell mul24_mac_arrival_dadda_koggestone_xormaj.u1644 (gen_or2).
Mapping positional arguments of cell mul24_mac_arrival_dadda_koggestone_xormaj.u1643 (gen_xor2).
Mapping positional arguments of cell mul24_mac_arrival_dadda_koggestone_xormaj.u1642 (gen_xor2).
Mapping positional arguments of cell mul24_mac_arrival_dadda_koggestone_xormaj.u1641 (gen_xor2).
Mapping positional arguments of cell mul24_mac_arrival_dadda_koggestone_xormaj.u1640 (gen_xor2).
Mapping positional arguments of cell mul24_mac_arrival_dadda_koggestone_xormaj.u1639 (gen_xor2).
Mapping positional arguments of cell mul24_mac_arrival_dadda_koggestone_xormaj.u1638 (gen_xor2).
Mapping positional arguments of cell mul24_mac_arrival_dadda_koggestone_xormaj.u1637 (gen_xor2).
Mapping positional arguments of cell mul24_mac_arrival_dadda_koggestone_xormaj.u1636 (gen_xor2).
Mapping positional arguments of cell mul24_mac_arrival_dadda_koggestone_xormaj.u1635 (gen_xor2).
Mapping positional arguments of cell mul24_mac_arrival_dadda_koggestone_xormaj.u1634 (gen_xor2).
Mapping positional arguments of cell mul24_mac_arrival_dadda_koggestone_xormaj.u1633 (gen_xor2).
Mapping positional arguments of cell mul24_mac_arrival_dadda_koggestone_xormaj.u1632 (gen_xor2).
Mapping positional arguments of cell mul24_mac_arrival_dadda_koggestone_xormaj.u1631 (gen_xor2).
Mapping positional arguments of cell mul24_mac_arrival_dadda_koggestone_xormaj.u1630 (gen_xor2).
Mapping positional arguments of cell mul24_mac_arrival_dadda_koggestone_xormaj.u1629 (gen_xor2).
Mapping positional arguments of cell mul24_mac_arrival_dadda_koggestone_xormaj.u1628 (gen_xor2).
Mapping positional arguments of cell mul24_mac_arrival_dadda_koggestone_xormaj.u1627 (gen_xor2).
Mapping positional arguments of cell mul24_mac_arrival_dadda_koggestone_xormaj.u1626 (gen_xor2).
Mapping positional arguments of cell mul24_mac_arrival_dadda_koggestone_xormaj.u1625 (gen_xor2).
Mapping positional arguments of cell mul24_mac_arrival_dadda_koggestone_xormaj.u1624 (gen_xor2).
Mapping positional arguments of cell mul24_mac_arrival_dadda_koggestone_xormaj.u1623 (gen_xor2).
Mapping positional arguments of cell mul24_mac_arrival_dadda_koggestone_xormaj.u1622 (gen_xor2).
Mapping positional arguments of cell mul24_mac_arrival_dadda_koggestone_xormaj.u1621 (gen_xor2).
Mapping positional arguments of cell mul24_mac_arrival_dadda_koggestone_xormaj.u1620 (gen_xor2).
Mapping positional arguments of cell mul24_mac_arrival_dadda_koggestone_xormaj.u1619 (gen_xor2).
Mapping positional arguments of cell mul24_mac_arrival_dadda_koggestone_xormaj.u1618 (gen_xor2).
Mapping positional arguments of cell mul24_mac_arrival_dadda_koggestone_xormaj.u1617 (gen_xor2).
Mapping positional arguments of cell mul24_mac_arrival_dadda_koggestone_xormaj.u1616 (gen_xor2).
Mapping positional arguments of cell mul24_mac_arrival_dadda_koggestone_xormaj.u1615 (gen_xor2).
Mapping positional arguments of cell mul24_mac_arrival_dadda_koggestone_xormaj.u1614 (gen_xor2).
Mapping positional arguments of cell mul24_mac_arrival_dadda_koggestone_xormaj.u1613 (gen_xor2).
Mapping positional arguments of cell mul24_mac_arrival_dadda_koggestone_xormaj.u1612 (gen_xor2).
Mapping positional arguments of cell mul24_mac_arrival_dadda_koggestone_xormaj.u1611 (gen_xor2).
Mapping positional arguments of cell mul24_mac_arrival_dadda_koggestone_xormaj.u1610 (gen_xor2).
Mapping positional arguments of cell mul24_mac_arrival_dadda_koggestone_xormaj.u1609 (gen_xor2).
Mapping positional arguments of cell mul24_mac_arrival_dadda_koggestone_xormaj.u1608 (gen_xor2).
Mapping positional arguments of cell mul24_mac_arrival_dadda_koggestone_xormaj.u1607 (gen_xor2).
Mapping positional arguments of cell mul24_mac_arrival_dadda_koggestone_xormaj.u1606 (gen_and2).
Mapping positional arguments of cell mul24_mac_arrival_dadda_koggestone_xormaj.u1605 (gen_and2).
Mapping positional arguments of cell mul24_mac_arrival_dadda_koggestone_xormaj.u1604 (gen_and2).
Mapping positional arguments of cell mul24_mac_arrival_dadda_koggestone_xormaj.u1603 (gen_and2).
Mapping positional arguments of cell mul24_mac_arrival_dadda_koggestone_xormaj.u1602 (gen_and2).
Mapping positional arguments of cell mul24_mac_arrival_dadda_koggestone_xormaj.u1601 (gen_and2).
Mapping positional arguments of cell mul24_mac_arrival_dadda_koggestone_xormaj.u1600 (gen_and2).
Mapping positional arguments of cell mul24_mac_arrival_dadda_koggestone_xormaj.u1599 (gen_and2).
Mapping positional arguments of cell mul24_mac_arrival_dadda_koggestone_xormaj.u1598 (gen_and2).
Mapping positional arguments of cell mul24_mac_arrival_dadda_koggestone_xormaj.u1597 (gen_and2).
Mapping positional arguments of cell mul24_mac_arrival_dadda_koggestone_xormaj.u1596 (gen_and2).
Mapping positional arguments of cell mul24_mac_arrival_dadda_koggestone_xormaj.u1595 (gen_and2).
Mapping positional arguments of cell mul24_mac_arrival_dadda_koggestone_xormaj.u1594 (gen_and2).
Mapping positional arguments of cell mul24_mac_arrival_dadda_koggestone_xormaj.u1593 (gen_and2).
Mapping positional arguments of cell mul24_mac_arrival_dadda_koggestone_xormaj.u1592 (gen_and2).
Mapping positional arguments of cell mul24_mac_arrival_dadda_koggestone_xormaj.u1591 (gen_and2).
Mapping positional arguments of cell mul24_mac_arrival_dadda_koggestone_xormaj.u1590 (gen_and2).
Mapping positional arguments of cell mul24_mac_arrival_dadda_koggestone_xormaj.u1589 (gen_and2).
Mapping positional arguments of cell mul24_mac_arrival_dadda_koggestone_xormaj.u1588 (gen_and2).
Mapping positional arguments of cell mul24_mac_arrival_dadda_koggestone_xormaj.u1587 (gen_and2).
Mapping positional arguments of cell mul24_mac_arrival_dadda_koggestone_xormaj.u1586 (gen_and2).
Mapping positional arguments of cell mul24_mac_arrival_dadda_koggestone_xormaj.u1585 (gen_and2).
Mapping positional arguments of cell mul24_mac_arrival_dadda_koggestone_xormaj.u1584 (gen_and2).
Mapping positional arguments of cell mul24_mac_arrival_dadda_koggestone_xormaj.u1583 (gen_and2).
Mapping positional arguments of cell mul24_mac_arrival_dadda_koggestone_xormaj.u1582 (gen_and2).
Mapping positional arguments of cell mul24_mac_arrival_dadda_koggestone_xormaj.u1581 (gen_and2).
Mapping positional arguments of cell mul24_mac_arrival_dadda_koggestone_xormaj.u1580 (gen_and2).
Mapping positional arguments of cell mul24_mac_arrival_dadda_koggestone_xormaj.u1579 (gen_and2).
Mapping positional arguments of cell mul24_mac_arrival_dadda_koggestone_xormaj.u1578 (gen_and2).
Mapping positional arguments of cell mul24_mac_arrival_dadda_koggestone_xormaj.u1577 (gen_and2).
Mapping positional arguments of cell mul24_mac_arrival_dadda_koggestone_xormaj.u1576 (gen_and2).
Mapping positional arguments of cell mul24_mac_arrival_dadda_koggestone_xormaj.u1575 (gen_and2).
Mapping positional arguments of cell mul24_mac_arrival_dadda_koggestone_xormaj.u1574 (gen_and2).
Mapping positional arguments of cell mul24_mac_arrival_dadda_koggestone_xormaj.u1573 (gen_and2).
Mapping positional arguments of cell mul24_mac_arrival_dadda_koggestone_xormaj.u1572 (gen_and2).
Mapping positional arguments of cell mul24_mac_arrival_dadda_koggestone_xormaj.u1571 (gen_and2).
Mapping positional arguments of cell mul24_mac_arrival_dadda_koggestone_xormaj.u1570 (gen_and2).
Mapping positional arguments of cell mul24_mac_arrival_dadda_koggestone_xormaj.u1569 (gen_and2).
Mapping positional arguments of cell mul24_mac_arrival_dadda_koggestone_xormaj.u1568 (gen_and2).
Mapping positional arguments of cell mul24_mac_arrival_dadda_koggestone_xormaj.u1567 (gen_and2).
Mapping positional arguments of cell mul24_mac_arrival_dadda_koggestone_xormaj.u1566 (gen_and2).
Mapping positional arguments of cell mul24_mac_arrival_dadda_koggestone_xormaj.u1565 (gen_and2).
Mapping positional arguments of cell mul24_mac_arrival_dadda_koggestone_xormaj.u1564 (gen_and2).
Mapping positional arguments of cell mul24_mac_arrival_dadda_koggestone_xormaj.u1563 (gen_and2).
Mapping positional arguments of cell mul24_mac_arrival_dadda_koggestone_xormaj.u1562 (gen_and2).
Mapping positional arguments of cell mul24_mac_arrival_dadda_koggestone_xormaj.u1561 (gen_and2).
Mapping positional arguments of cell mul24_mac_arrival_dadda_koggestone_xormaj.u1560 (gen_and2).
Mapping positional arguments of cell mul24_mac_arrival_dadda_koggestone_xormaj.u1559 (gen_and2).
Mapping positional arguments of cell mul24_mac_arrival_dadda_koggestone_xormaj.u1558 (gen_and2).
Mapping positional arguments of cell mul24_mac_arrival_dadda_koggestone_xormaj.u1557 (gen_and2).
Mapping positional arguments of cell mul24_mac_arrival_dadda_koggestone_xormaj.u1556 (gen_and2).
Mapping positional arguments of cell mul24_mac_arrival_dadda_koggestone_xormaj.u1555 (gen_and2).
Mapping positional arguments of cell mul24_mac_arrival_dadda_koggestone_xormaj.u1554 (gen_and2).
Mapping positional arguments of cell mul24_mac_arrival_dadda_koggestone_xormaj.u1553 (gen_and2).
Mapping positional arguments of cell mul24_mac_arrival_dadda_koggestone_xormaj.u1552 (gen_and2).
Mapping positional arguments of cell mul24_mac_arrival_dadda_koggestone_xormaj.u1551 (gen_and2).
Mapping positional arguments of cell mul24_mac_arrival_dadda_koggestone_xormaj.u1550 (gen_and2).
Mapping positional arguments of cell mul24_mac_arrival_dadda_koggestone_xormaj.u1549 (gen_and2).
Mapping positional arguments of cell mul24_mac_arrival_dadda_koggestone_xormaj.u1548 (gen_and2).
Mapping positional arguments of cell mul24_mac_arrival_dadda_koggestone_xormaj.u1547 (gen_and2).
Mapping positional arguments of cell mul24_mac_arrival_dadda_koggestone_xormaj.u1546 (gen_and2).
Mapping positional arguments of cell mul24_mac_arrival_dadda_koggestone_xormaj.u1545 (gen_and2).
Mapping positional arguments of cell mul24_mac_arrival_dadda_koggestone_xormaj.u1544 (gen_and2).
Mapping positional arguments of cell mul24_mac_arrival_dadda_koggestone_xormaj.u1543 (gen_and2).
Mapping positional arguments of cell mul24_mac_arrival_dadda_koggestone_xormaj.u1542 (gen_and2).
Mapping positional arguments of cell mul24_mac_arrival_dadda_koggestone_xormaj.u1541 (gen_and2).
Mapping positional arguments of cell mul24_mac_arrival_dadda_koggestone_xormaj.u1540 (gen_and2).
Mapping positional arguments of cell mul24_mac_arrival_dadda_koggestone_xormaj.u1539 (gen_and2).
Mapping positional arguments of cell mul24_mac_arrival_dadda_koggestone_xormaj.u1538 (gen_and2).
Mapping positional arguments of cell mul24_mac_arrival_dadda_koggestone_xormaj.u1537 (gen_and2).
Mapping positional arguments of cell mul24_mac_arrival_dadda_koggestone_xormaj.u1536 (gen_and2).
Mapping positional arguments of cell mul24_mac_arrival_dadda_koggestone_xormaj.u1535 (gen_and2).
Mapping positional arguments of cell mul24_mac_arrival_dadda_koggestone_xormaj.u1534 (gen_and2).
Mapping positional arguments of cell mul24_mac_arrival_dadda_koggestone_xormaj.u1533 (gen_and2).
Mapping positional arguments of cell mul24_mac_arrival_dadda_koggestone_xormaj.u1532 (gen_and2).
Mapping positional arguments of cell mul24_mac_arrival_dadda_koggestone_xormaj.u1531 (gen_and2).
Mapping positional arguments of cell mul24_mac_arrival_dadda_koggestone_xormaj.u1530 (gen_and2).
Mapping positional arguments of cell mul24_mac_arrival_dadda_koggestone_xormaj.u1529 (gen_and2).
Mapping positional arguments of cell mul24_mac_arrival_dadda_koggestone_xormaj.u1528 (gen_and2).
Mapping positional arguments of cell mul24_mac_arrival_dadda_koggestone_xormaj.u1527 (gen_and2).
Mapping positional arguments of cell mul24_mac_arrival_dadda_koggestone_xormaj.u1526 (gen_and2).
Mapping positional arguments of cell mul24_mac_arrival_dadda_koggestone_xormaj.u1525 (gen_and2).
Mapping positional arguments of cell mul24_mac_arrival_dadda_koggestone_xormaj.u1524 (gen_and2).
Mapping positional arguments of cell mul24_mac_arrival_dadda_koggestone_xormaj.u1523 (gen_and2).
Mapping positional arguments of cell mul24_mac_arrival_dadda_koggestone_xormaj.u1522 (gen_and2).
Mapping positional arguments of cell mul24_mac_arrival_dadda_koggestone_xormaj.u1521 (gen_and2).
Mapping positional arguments of cell mul24_mac_arrival_dadda_koggestone_xormaj.u1520 (gen_and2).
Mapping positional arguments of cell mul24_mac_arrival_dadda_koggestone_xormaj.u1519 (gen_and2).
Mapping positional arguments of cell mul24_mac_arrival_dadda_koggestone_xormaj.u1518 (gen_and2).
Mapping positional arguments of cell mul24_mac_arrival_dadda_koggestone_xormaj.u1517 (gen_and2).
Mapping positional arguments of cell mul24_mac_arrival_dadda_koggestone_xormaj.u1516 (gen_and2).
Mapping positional arguments of cell mul24_mac_arrival_dadda_koggestone_xormaj.u1515 (gen_and2).
Mapping positional arguments of cell mul24_mac_arrival_dadda_koggestone_xormaj.u1514 (gen_and2).
Mapping positional arguments of cell mul24_mac_arrival_dadda_koggestone_xormaj.u1513 (gen_and2).
Mapping positional arguments of cell mul24_mac_arrival_dadda_koggestone_xormaj.u1512 (gen_and2).
Mapping positional arguments of cell mul24_mac_arrival_dadda_koggestone_xormaj.u1511 (gen_and2).
Mapping positional arguments of cell mul24_mac_arrival_dadda_koggestone_xormaj.u1510 (gen_and2).
Mapping positional arguments of cell mul24_mac_arrival_dadda_koggestone_xormaj.u1509 (gen_and2).
Mapping positional arguments of cell mul24_mac_arrival_dadda_koggestone_xormaj.u1508 (gen_and2).
Mapping positional arguments of cell mul24_mac_arrival_dadda_koggestone_xormaj.u1507 (gen_and2).
Mapping positional arguments of cell mul24_mac_arrival_dadda_koggestone_xormaj.u1506 (gen_and2).
Mapping positional arguments of cell mul24_mac_arrival_dadda_koggestone_xormaj.u1505 (gen_and2).
Mapping positional arguments of cell mul24_mac_arrival_dadda_koggestone_xormaj.u1504 (gen_and2).
Mapping positional arguments of cell mul24_mac_arrival_dadda_koggestone_xormaj.u1503 (gen_and2).
Mapping positional arguments of cell mul24_mac_arrival_dadda_koggestone_xormaj.u1502 (gen_and2).
Mapping positional arguments of cell mul24_mac_arrival_dadda_koggestone_xormaj.u1501 (gen_and2).
Mapping positional arguments of cell mul24_mac_arrival_dadda_koggestone_xormaj.u1500 (gen_and2).
Mapping positional arguments of cell mul24_mac_arrival_dadda_koggestone_xormaj.u1499 (gen_and2).
Mapping positional arguments of cell mul24_mac_arrival_dadda_koggestone_xormaj.u1498 (gen_and2).
Mapping positional arguments of cell mul24_mac_arrival_dadda_koggestone_xormaj.u1497 (gen_and2).
Mapping positional arguments of cell mul24_mac_arrival_dadda_koggestone_xormaj.u1496 (gen_and2).
Mapping positional arguments of cell mul24_mac_arrival_dadda_koggestone_xormaj.u1495 (gen_and2).
Mapping positional arguments of cell mul24_mac_arrival_dadda_koggestone_xormaj.u1494 (gen_and2).
Mapping positional arguments of cell mul24_mac_arrival_dadda_koggestone_xormaj.u1493 (gen_and2).
Mapping positional arguments of cell mul24_mac_arrival_dadda_koggestone_xormaj.u1492 (gen_and2).
Mapping positional arguments of cell mul24_mac_arrival_dadda_koggestone_xormaj.u1491 (gen_and2).
Mapping positional arguments of cell mul24_mac_arrival_dadda_koggestone_xormaj.u1490 (gen_and2).
Mapping positional arguments of cell mul24_mac_arrival_dadda_koggestone_xormaj.u1489 (gen_and2).
Mapping positional arguments of cell mul24_mac_arrival_dadda_koggestone_xormaj.u1488 (gen_and2).
Mapping positional arguments of cell mul24_mac_arrival_dadda_koggestone_xormaj.u1487 (gen_and2).
Mapping positional arguments of cell mul24_mac_arrival_dadda_koggestone_xormaj.u1486 (gen_and2).
Mapping positional arguments of cell mul24_mac_arrival_dadda_koggestone_xormaj.u1485 (gen_and2).
Mapping positional arguments of cell mul24_mac_arrival_dadda_koggestone_xormaj.u1484 (gen_and2).
Mapping positional arguments of cell mul24_mac_arrival_dadda_koggestone_xormaj.u1483 (gen_and2).
Mapping positional arguments of cell mul24_mac_arrival_dadda_koggestone_xormaj.u1482 (gen_and2).
Mapping positional arguments of cell mul24_mac_arrival_dadda_koggestone_xormaj.u1481 (gen_and2).
Mapping positional arguments of cell mul24_mac_arrival_dadda_koggestone_xormaj.u1480 (gen_and2).
Mapping positional arguments of cell mul24_mac_arrival_dadda_koggestone_xormaj.u1479 (gen_and2).
Mapping positional arguments of cell mul24_mac_arrival_dadda_koggestone_xormaj.u1478 (gen_and2).
Mapping positional arguments of cell mul24_mac_arrival_dadda_koggestone_xormaj.u1477 (gen_and2).
Mapping positional arguments of cell mul24_mac_arrival_dadda_koggestone_xormaj.u1476 (gen_and2).
Mapping positional arguments of cell mul24_mac_arrival_dadda_koggestone_xormaj.u1475 (gen_and2).
Mapping positional arguments of cell mul24_mac_arrival_dadda_koggestone_xormaj.u1474 (gen_and2).
Mapping positional arguments of cell mul24_mac_arrival_dadda_koggestone_xormaj.u1473 (gen_and2).
Mapping positional arguments of cell mul24_mac_arrival_dadda_koggestone_xormaj.u1472 (gen_and2).
Mapping positional arguments of cell mul24_mac_arrival_dadda_koggestone_xormaj.u1471 (gen_and2).
Mapping positional arguments of cell mul24_mac_arrival_dadda_koggestone_xormaj.u1470 (gen_and2).
Mapping positional arguments of cell mul24_mac_arrival_dadda_koggestone_xormaj.u1469 (gen_and2).
Mapping positional arguments of cell mul24_mac_arrival_dadda_koggestone_xormaj.u1468 (gen_and2).
Mapping positional arguments of cell mul24_mac_arrival_dadda_koggestone_xormaj.u1467 (gen_and2).
Mapping positional arguments of cell mul24_mac_arrival_dadda_koggestone_xormaj.u1466 (gen_and2).
Mapping positional arguments of cell mul24_mac_arrival_dadda_koggestone_xormaj.u1465 (gen_and2).
Mapping positional arguments of cell mul24_mac_arrival_dadda_koggestone_xormaj.u1464 (gen_and2).
Mapping positional arguments of cell mul24_mac_arrival_dadda_koggestone_xormaj.u1463 (gen_and2).
Mapping positional arguments of cell mul24_mac_arrival_dadda_koggestone_xormaj.u1462 (gen_and2).
Mapping positional arguments of cell mul24_mac_arrival_dadda_koggestone_xormaj.u1461 (gen_and2).
Mapping positional arguments of cell mul24_mac_arrival_dadda_koggestone_xormaj.u1460 (gen_and2).
Mapping positional arguments of cell mul24_mac_arrival_dadda_koggestone_xormaj.u1459 (gen_and2).
Mapping positional arguments of cell mul24_mac_arrival_dadda_koggestone_xormaj.u1458 (gen_and2).
Mapping positional arguments of cell mul24_mac_arrival_dadda_koggestone_xormaj.u1457 (gen_and2).
Mapping positional arguments of cell mul24_mac_arrival_dadda_koggestone_xormaj.u1456 (gen_and2).
Mapping positional arguments of cell mul24_mac_arrival_dadda_koggestone_xormaj.u1455 (gen_and2).
Mapping positional arguments of cell mul24_mac_arrival_dadda_koggestone_xormaj.u1454 (gen_and2).
Mapping positional arguments of cell mul24_mac_arrival_dadda_koggestone_xormaj.u1453 (gen_and2).
Mapping positional arguments of cell mul24_mac_arrival_dadda_koggestone_xormaj.u1452 (gen_and2).
Mapping positional arguments of cell mul24_mac_arrival_dadda_koggestone_xormaj.u1451 (gen_and2).
Mapping positional arguments of cell mul24_mac_arrival_dadda_koggestone_xormaj.u1450 (gen_and2).
Mapping positional arguments of cell mul24_mac_arrival_dadda_koggestone_xormaj.u1449 (gen_and2).
Mapping positional arguments of cell mul24_mac_arrival_dadda_koggestone_xormaj.u1448 (gen_and2).
Mapping positional arguments of cell mul24_mac_arrival_dadda_koggestone_xormaj.u1447 (gen_xor2).
Mapping positional arguments of cell mul24_mac_arrival_dadda_koggestone_xormaj.u1446 (gen_xor2).
Mapping positional arguments of cell mul24_mac_arrival_dadda_koggestone_xormaj.u1445 (gen_xor2).
Mapping positional arguments of cell mul24_mac_arrival_dadda_koggestone_xormaj.u1444 (gen_xor2).
Mapping positional arguments of cell mul24_mac_arrival_dadda_koggestone_xormaj.u1443 (gen_xor2).
Mapping positional arguments of cell mul24_mac_arrival_dadda_koggestone_xormaj.u1442 (gen_xor2).
Mapping positional arguments of cell mul24_mac_arrival_dadda_koggestone_xormaj.u1441 (gen_xor2).
Mapping positional arguments of cell mul24_mac_arrival_dadda_koggestone_xormaj.u1440 (gen_xor2).
Mapping positional arguments of cell mul24_mac_arrival_dadda_koggestone_xormaj.u1439 (gen_xor2).
Mapping positional arguments of cell mul24_mac_arrival_dadda_koggestone_xormaj.u1438 (gen_xor2).
Mapping positional arguments of cell mul24_mac_arrival_dadda_koggestone_xormaj.u1437 (gen_xor2).
Mapping positional arguments of cell mul24_mac_arrival_dadda_koggestone_xormaj.u1436 (gen_xor2).
Mapping positional arguments of cell mul24_mac_arrival_dadda_koggestone_xormaj.u1435 (gen_xor2).
Mapping positional arguments of cell mul24_mac_arrival_dadda_koggestone_xormaj.u1434 (gen_xor2).
Mapping positional arguments of cell mul24_mac_arrival_dadda_koggestone_xormaj.u1433 (gen_xor2).
Mapping positional arguments of cell mul24_mac_arrival_dadda_koggestone_xormaj.u1432 (gen_xor2).
Mapping positional arguments of cell mul24_mac_arrival_dadda_koggestone_xormaj.u1431 (gen_xor2).
Mapping positional arguments of cell mul24_mac_arrival_dadda_koggestone_xormaj.u1430 (gen_xor2).
Mapping positional arguments of cell mul24_mac_arrival_dadda_koggestone_xormaj.u1429 (gen_xor2).
Mapping positional arguments of cell mul24_mac_arrival_dadda_koggestone_xormaj.u1428 (gen_xor2).
Mapping positional arguments of cell mul24_mac_arrival_dadda_koggestone_xormaj.u1427 (gen_xor2).
Mapping positional arguments of cell mul24_mac_arrival_dadda_koggestone_xormaj.u1426 (gen_xor2).
Mapping positional arguments of cell mul24_mac_arrival_dadda_koggestone_xormaj.u1425 (gen_xor2).
Mapping positional arguments of cell mul24_mac_arrival_dadda_koggestone_xormaj.u1424 (gen_xor2).
Mapping positional arguments of cell mul24_mac_arrival_dadda_koggestone_xormaj.u1423 (gen_xor2).
Mapping positional arguments of cell mul24_mac_arrival_dadda_koggestone_xormaj.u1422 (gen_xor2).
Mapping positional arguments of cell mul24_mac_arrival_dadda_koggestone_xormaj.u1421 (gen_xor2).
Mapping positional arguments of cell mul24_mac_arrival_dadda_koggestone_xormaj.u1420 (gen_xor2).
Mapping positional arguments of cell mul24_mac_arrival_dadda_koggestone_xormaj.u1419 (gen_xor2).
Mapping positional arguments of cell mul24_mac_arrival_dadda_koggestone_xormaj.u1418 (gen_xor2).
Mapping positional arguments of cell mul24_mac_arrival_dadda_koggestone_xormaj.u1417 (gen_xor2).
Mapping positional arguments of cell mul24_mac_arrival_dadda_koggestone_xormaj.u1416 (gen_xor2).
Mapping positional arguments of cell mul24_mac_arrival_dadda_koggestone_xormaj.u1415 (gen_xor2).
Mapping positional arguments of cell mul24_mac_arrival_dadda_koggestone_xormaj.u1414 (gen_xor2).
Mapping positional arguments of cell mul24_mac_arrival_dadda_koggestone_xormaj.u1413 (gen_xor2).
Mapping positional arguments of cell mul24_mac_arrival_dadda_koggestone_xormaj.u1412 (gen_xor2).
Mapping positional arguments of cell mul24_mac_arrival_dadda_koggestone_xormaj.u1411 (gen_xor2).
Mapping positional arguments of cell mul24_mac_arrival_dadda_koggestone_xormaj.u1410 (gen_xor2).
Mapping positional arguments of cell mul24_mac_arrival_dadda_koggestone_xormaj.u1409 (gen_xor2).
Mapping positional arguments of cell mul24_mac_arrival_dadda_koggestone_xormaj.u1408 (gen_xor2).
Mapping positional arguments of cell mul24_mac_arrival_dadda_koggestone_xormaj.u1407 (gen_xor2).
Mapping positional arguments of cell mul24_mac_arrival_dadda_koggestone_xormaj.u1406 (gen_xor2).
Mapping positional arguments of cell mul24_mac_arrival_dadda_koggestone_xormaj.u1405 (gen_xor2).
Mapping positional arguments of cell mul24_mac_arrival_dadda_koggestone_xormaj.u1404 (gen_xor2).
Mapping positional arguments of cell mul24_mac_arrival_dadda_koggestone_xormaj.u1403 (gen_xor2).
Mapping positional arguments of cell mul24_mac_arrival_dadda_koggestone_xormaj.u1402 (gen_xor2).
Mapping positional arguments of cell mul24_mac_arrival_dadda_koggestone_xormaj.u1401 (gen_xor2).
Mapping positional arguments of cell mul24_mac_arrival_dadda_koggestone_xormaj.u1400 (gen_gray).
Mapping positional arguments of cell mul24_mac_arrival_dadda_koggestone_xormaj.u1399 (gen_gray).
Mapping positional arguments of cell mul24_mac_arrival_dadda_koggestone_xormaj.u1398 (gen_gray).
Mapping positional arguments of cell mul24_mac_arrival_dadda_koggestone_xormaj.u1397 (gen_gray).
Mapping positional arguments of cell mul24_mac_arrival_dadda_koggestone_xormaj.u1396 (gen_gray).
Mapping positional arguments of cell mul24_mac_arrival_dadda_koggestone_xormaj.u1395 (gen_gray).
Mapping positional arguments of cell mul24_mac_arrival_dadda_koggestone_xormaj.u1394 (gen_gray).
Mapping positional arguments of cell mul24_mac_arrival_dadda_koggestone_xormaj.u1393 (gen_gray).
Mapping positional arguments of cell mul24_mac_arrival_dadda_koggestone_xormaj.u1392 (gen_gray).
Mapping positional arguments of cell mul24_mac_arrival_dadda_koggestone_xormaj.u1391 (gen_gray).
Mapping positional arguments of cell mul24_mac_arrival_dadda_koggestone_xormaj.u1390 (gen_gray).
Mapping positional arguments of cell mul24_mac_arrival_dadda_koggestone_xormaj.u1389 (gen_gray).
Mapping positional arguments of cell mul24_mac_arrival_dadda_koggestone_xormaj.u1388 (gen_gray).
Mapping positional arguments of cell mul24_mac_arrival_dadda_koggestone_xormaj.u1387 (gen_gray).
Mapping positional arguments of cell mul24_mac_arrival_dadda_koggestone_xormaj.u1386 (gen_gray).
Mapping positional arguments of cell mul24_mac_arrival_dadda_koggestone_xormaj.u1385 (gen_gray).
Mapping positional arguments of cell mul24_mac_arrival_dadda_koggestone_xormaj.u1384 (gen_black).
Mapping positional arguments of cell mul24_mac_arrival_dadda_koggestone_xormaj.u1383 (gen_black).
Mapping positional arguments of cell mul24_mac_arrival_dadda_koggestone_xormaj.u1382 (gen_black).
Mapping positional arguments of cell mul24_mac_arrival_dadda_koggestone_xormaj.u1381 (gen_black).
Mapping positional arguments of cell mul24_mac_arrival_dadda_koggestone_xormaj.u1380 (gen_black).
Mapping positional arguments of cell mul24_mac_arrival_dadda_koggestone_xormaj.u1379 (gen_black).
Mapping positional arguments of cell mul24_mac_arrival_dadda_koggestone_xormaj.u1378 (gen_black).
Mapping positional arguments of cell mul24_mac_arrival_dadda_koggestone_xormaj.u1377 (gen_black).
Mapping positional arguments of cell mul24_mac_arrival_dadda_koggestone_xormaj.u1376 (gen_black).
Mapping positional arguments of cell mul24_mac_arrival_dadda_koggestone_xormaj.u1375 (gen_black).
Mapping positional arguments of cell mul24_mac_arrival_dadda_koggestone_xormaj.u1374 (gen_black).
Mapping positional arguments of cell mul24_mac_arrival_dadda_koggestone_xormaj.u1373 (gen_black).
Mapping positional arguments of cell mul24_mac_arrival_dadda_koggestone_xormaj.u1372 (gen_black).
Mapping positional arguments of cell mul24_mac_arrival_dadda_koggestone_xormaj.u1371 (gen_black).
Mapping positional arguments of cell mul24_mac_arrival_dadda_koggestone_xormaj.u1370 (gen_black).
Mapping positional arguments of cell mul24_mac_arrival_dadda_koggestone_xormaj.u1369 (gen_black).
Mapping positional arguments of cell mul24_mac_arrival_dadda_koggestone_xormaj.u1368 (gen_gray).
Mapping positional arguments of cell mul24_mac_arrival_dadda_koggestone_xormaj.u1367 (gen_gray).
Mapping positional arguments of cell mul24_mac_arrival_dadda_koggestone_xormaj.u1366 (gen_gray).
Mapping positional arguments of cell mul24_mac_arrival_dadda_koggestone_xormaj.u1365 (gen_gray).
Mapping positional arguments of cell mul24_mac_arrival_dadda_koggestone_xormaj.u1364 (gen_gray).
Mapping positional arguments of cell mul24_mac_arrival_dadda_koggestone_xormaj.u1363 (gen_gray).
Mapping positional arguments of cell mul24_mac_arrival_dadda_koggestone_xormaj.u1362 (gen_gray).
Mapping positional arguments of cell mul24_mac_arrival_dadda_koggestone_xormaj.u1361 (gen_gray).
Mapping positional arguments of cell mul24_mac_arrival_dadda_koggestone_xormaj.u1360 (gen_gray).
Mapping positional arguments of cell mul24_mac_arrival_dadda_koggestone_xormaj.u1359 (gen_gray).
Mapping positional arguments of cell mul24_mac_arrival_dadda_koggestone_xormaj.u1358 (gen_gray).
Mapping positional arguments of cell mul24_mac_arrival_dadda_koggestone_xormaj.u1357 (gen_gray).
Mapping positional arguments of cell mul24_mac_arrival_dadda_koggestone_xormaj.u1356 (gen_gray).
Mapping positional arguments of cell mul24_mac_arrival_dadda_koggestone_xormaj.u1355 (gen_gray).
Mapping positional arguments of cell mul24_mac_arrival_dadda_koggestone_xormaj.u1354 (gen_gray).
Mapping positional arguments of cell mul24_mac_arrival_dadda_koggestone_xormaj.u1353 (gen_gray).
Mapping positional arguments of cell mul24_mac_arrival_dadda_koggestone_xormaj.u1352 (gen_black).
Mapping positional arguments of cell mul24_mac_arrival_dadda_koggestone_xormaj.u1351 (gen_black).
Mapping positional arguments of cell mul24_mac_arrival_dadda_koggestone_xormaj.u1350 (gen_black).
Mapping positional arguments of cell mul24_mac_arrival_dadda_koggestone_xormaj.u1349 (gen_black).
Mapping positional arguments of cell mul24_mac_arrival_dadda_koggestone_xormaj.u1348 (gen_black).
Mapping positional arguments of cell mul24_mac_arrival_dadda_koggestone_xormaj.u1347 (gen_black).
Mapping positional arguments of cell mul24_mac_arrival_dadda_koggestone_xormaj.u1346 (gen_black).
Mapping positional arguments of cell mul24_mac_arrival_dadda_koggestone_xormaj.u1345 (gen_black).
Mapping positional arguments of cell mul24_mac_arrival_dadda_koggestone_xormaj.u1344 (gen_black).
Mapping positional arguments of cell mul24_mac_arrival_dadda_koggestone_xormaj.u1343 (gen_black).
Mapping positional arguments of cell mul24_mac_arrival_dadda_koggestone_xormaj.u1342 (gen_black).
Mapping positional arguments of cell mul24_mac_arrival_dadda_koggestone_xormaj.u1341 (gen_black).
Mapping positional arguments of cell mul24_mac_arrival_dadda_koggestone_xormaj.u1340 (gen_black).
Mapping positional arguments of cell mul24_mac_arrival_dadda_koggestone_xormaj.u1339 (gen_black).
Mapping positional arguments of cell mul24_mac_arrival_dadda_koggestone_xormaj.u1338 (gen_black).
Mapping positional arguments of cell mul24_mac_arrival_dadda_koggestone_xormaj.u1337 (gen_black).
Mapping positional arguments of cell mul24_mac_arrival_dadda_koggestone_xormaj.u1336 (gen_black).
Mapping positional arguments of cell mul24_mac_arrival_dadda_koggestone_xormaj.u1335 (gen_black).
Mapping positional arguments of cell mul24_mac_arrival_dadda_koggestone_xormaj.u1334 (gen_black).
Mapping positional arguments of cell mul24_mac_arrival_dadda_koggestone_xormaj.u1333 (gen_black).
Mapping positional arguments of cell mul24_mac_arrival_dadda_koggestone_xormaj.u1332 (gen_black).
Mapping positional arguments of cell mul24_mac_arrival_dadda_koggestone_xormaj.u1331 (gen_black).
Mapping positional arguments of cell mul24_mac_arrival_dadda_koggestone_xormaj.u1330 (gen_black).
Mapping positional arguments of cell mul24_mac_arrival_dadda_koggestone_xormaj.u1329 (gen_black).
Mapping positional arguments of cell mul24_mac_arrival_dadda_koggestone_xormaj.u1328 (gen_black).
Mapping positional arguments of cell mul24_mac_arrival_dadda_koggestone_xormaj.u1327 (gen_black).
Mapping positional arguments of cell mul24_mac_arrival_dadda_koggestone_xormaj.u1326 (gen_black).
Mapping positional arguments of cell mul24_mac_arrival_dadda_koggestone_xormaj.u1325 (gen_black).
Mapping positional arguments of cell mul24_mac_arrival_dadda_koggestone_xormaj.u1324 (gen_black).
Mapping positional arguments of cell mul24_mac_arrival_dadda_koggestone_xormaj.u1323 (gen_black).
Mapping positional arguments of cell mul24_mac_arrival_dadda_koggestone_xormaj.u1322 (gen_black).
Mapping positional arguments of cell mul24_mac_arrival_dadda_koggestone_xormaj.u1321 (gen_black).
Mapping positional arguments of cell mul24_mac_arrival_dadda_koggestone_xormaj.u1320 (gen_gray).
Mapping positional arguments of cell mul24_mac_arrival_dadda_koggestone_xormaj.u1319 (gen_gray).
Mapping positional arguments of cell mul24_mac_arrival_dadda_koggestone_xormaj.u1318 (gen_gray).
Mapping positional arguments of cell mul24_mac_arrival_dadda_koggestone_xormaj.u1317 (gen_gray).
Mapping positional arguments of cell mul24_mac_arrival_dadda_koggestone_xormaj.u1316 (gen_gray).
Mapping positional arguments of cell mul24_mac_arrival_dadda_koggestone_xormaj.u1315 (gen_gray).
Mapping positional arguments of cell mul24_mac_arrival_dadda_koggestone_xormaj.u1314 (gen_gray).
Mapping positional arguments of cell mul24_mac_arrival_dadda_koggestone_xormaj.u1313 (gen_gray).
Mapping positional arguments of cell mul24_mac_arrival_dadda_koggestone_xormaj.u1312 (gen_black).
Mapping positional arguments of cell mul24_mac_arrival_dadda_koggestone_xormaj.u1311 (gen_black).
Mapping positional arguments of cell mul24_mac_arrival_dadda_koggestone_xormaj.u1310 (gen_black).
Mapping positional arguments of cell mul24_mac_arrival_dadda_koggestone_xormaj.u1309 (gen_black).
Mapping positional arguments of cell mul24_mac_arrival_dadda_koggestone_xormaj.u1308 (gen_black).
Mapping positional arguments of cell mul24_mac_arrival_dadda_koggestone_xormaj.u1307 (gen_black).
Mapping positional arguments of cell mul24_mac_arrival_dadda_koggestone_xormaj.u1306 (gen_black).
Mapping positional arguments of cell mul24_mac_arrival_dadda_koggestone_xormaj.u1305 (gen_black).
Mapping positional arguments of cell mul24_mac_arrival_dadda_koggestone_xormaj.u1304 (gen_black).
Mapping positional arguments of cell mul24_mac_arrival_dadda_koggestone_xormaj.u1303 (gen_black).
Mapping positional arguments of cell mul24_mac_arrival_dadda_koggestone_xormaj.u1302 (gen_black).
Mapping positional arguments of cell mul24_mac_arrival_dadda_koggestone_xormaj.u1301 (gen_black).
Mapping positional arguments of cell mul24_mac_arrival_dadda_koggestone_xormaj.u1300 (gen_black).
Mapping positional arguments of cell mul24_mac_arrival_dadda_koggestone_xormaj.u1299 (gen_black).
Mapping positional arguments of cell mul24_mac_arrival_dadda_koggestone_xormaj.u1298 (gen_black).
Mapping positional arguments of cell mul24_mac_arrival_dadda_koggestone_xormaj.u1297 (gen_black).
Mapping positional arguments of cell mul24_mac_arrival_dadda_koggestone_xormaj.u1296 (gen_black).
Mapping positional arguments of cell mul24_mac_arrival_dadda_koggestone_xormaj.u1295 (gen_black).
Mapping positional arguments of cell mul24_mac_arrival_dadda_koggestone_xormaj.u1294 (gen_black).
Mapping positional arguments of cell mul24_mac_arrival_dadda_koggestone_xormaj.u1293 (gen_black).
Mapping positional arguments of cell mul24_mac_arrival_dadda_koggestone_xormaj.u1292 (gen_black).
Mapping positional arguments of cell mul24_mac_arrival_dadda_koggestone_xormaj.u1291 (gen_black).
Mapping positional arguments of cell mul24_mac_arrival_dadda_koggestone_xormaj.u1290 (gen_black).
Mapping positional arguments of cell mul24_mac_arrival_dadda_koggestone_xormaj.u1289 (gen_black).
Mapping positional arguments of cell mul24_mac_arrival_dadda_koggestone_xormaj.u1288 (gen_black).
Mapping positional arguments of cell mul24_mac_arrival_dadda_koggestone_xormaj.u1287 (gen_black).
Mapping positional arguments of cell mul24_mac_arrival_dadda_koggestone_xormaj.u1286 (gen_black).
Mapping positional arguments of cell mul24_mac_arrival_dadda_koggestone_xormaj.u1285 (gen_black).
Mapping positional arguments of cell mul24_mac_arrival_dadda_koggestone_xormaj.u1284 (gen_black).
Mapping positional arguments of cell mul24_mac_arrival_dadda_koggestone_xormaj.u1283 (gen_black).
Mapping positional arguments of cell mul24_mac_arrival_dadda_koggestone_xormaj.u1282 (gen_black).
Mapping positional arguments of cell mul24_mac_arrival_dadda_koggestone_xormaj.u1281 (gen_black).
Mapping positional arguments of cell mul24_mac_arrival_dadda_koggestone_xormaj.u1280 (gen_black).
Mapping positional arguments of cell mul24_mac_arrival_dadda_koggestone_xormaj.u1279 (gen_black).
Mapping positional arguments of cell mul24_mac_arrival_dadda_koggestone_xormaj.u1278 (gen_black).
Mapping positional arguments of cell mul24_mac_arrival_dadda_koggestone_xormaj.u1277 (gen_black).
Mapping positional arguments of cell mul24_mac_arrival_dadda_koggestone_xormaj.u1276 (gen_black).
Mapping positional arguments of cell mul24_mac_arrival_dadda_koggestone_xormaj.u1275 (gen_black).
Mapping positional arguments of cell mul24_mac_arrival_dadda_koggestone_xormaj.u1274 (gen_black).
Mapping positional arguments of cell mul24_mac_arrival_dadda_koggestone_xormaj.u1273 (gen_black).
Mapping positional arguments of cell mul24_mac_arrival_dadda_koggestone_xormaj.u1272 (gen_gray).
Mapping positional arguments of cell mul24_mac_arrival_dadda_koggestone_xormaj.u1271 (gen_gray).
Mapping positional arguments of cell mul24_mac_arrival_dadda_koggestone_xormaj.u1270 (gen_gray).
Mapping positional arguments of cell mul24_mac_arrival_dadda_koggestone_xormaj.u1269 (gen_gray).
Mapping positional arguments of cell mul24_mac_arrival_dadda_koggestone_xormaj.u1268 (gen_black).
Mapping positional arguments of cell mul24_mac_arrival_dadda_koggestone_xormaj.u1267 (gen_black).
Mapping positional arguments of cell mul24_mac_arrival_dadda_koggestone_xormaj.u1266 (gen_black).
Mapping positional arguments of cell mul24_mac_arrival_dadda_koggestone_xormaj.u1265 (gen_black).
Mapping positional arguments of cell mul24_mac_arrival_dadda_koggestone_xormaj.u1264 (gen_black).
Mapping positional arguments of cell mul24_mac_arrival_dadda_koggestone_xormaj.u1263 (gen_black).
Mapping positional arguments of cell mul24_mac_arrival_dadda_koggestone_xormaj.u1262 (gen_black).
Mapping positional arguments of cell mul24_mac_arrival_dadda_koggestone_xormaj.u1261 (gen_black).
Mapping positional arguments of cell mul24_mac_arrival_dadda_koggestone_xormaj.u1260 (gen_black).
Mapping positional arguments of cell mul24_mac_arrival_dadda_koggestone_xormaj.u1259 (gen_black).
Mapping positional arguments of cell mul24_mac_arrival_dadda_koggestone_xormaj.u1258 (gen_black).
Mapping positional arguments of cell mul24_mac_arrival_dadda_koggestone_xormaj.u1257 (gen_black).
Mapping positional arguments of cell mul24_mac_arrival_dadda_koggestone_xormaj.u1256 (gen_black).
Mapping positional arguments of cell mul24_mac_arrival_dadda_koggestone_xormaj.u1255 (gen_black).
Mapping positional arguments of cell mul24_mac_arrival_dadda_koggestone_xormaj.u1254 (gen_black).
Mapping positional arguments of cell mul24_mac_arrival_dadda_koggestone_xormaj.u1253 (gen_black).
Mapping positional arguments of cell mul24_mac_arrival_dadda_koggestone_xormaj.u1252 (gen_black).
Mapping positional arguments of cell mul24_mac_arrival_dadda_koggestone_xormaj.u1251 (gen_black).
Mapping positional arguments of cell mul24_mac_arrival_dadda_koggestone_xormaj.u1250 (gen_black).
Mapping positional arguments of cell mul24_mac_arrival_dadda_koggestone_xormaj.u1249 (gen_black).
Mapping positional arguments of cell mul24_mac_arrival_dadda_koggestone_xormaj.u1248 (gen_black).
Mapping positional arguments of cell mul24_mac_arrival_dadda_koggestone_xormaj.u1247 (gen_black).
Mapping positional arguments of cell mul24_mac_arrival_dadda_koggestone_xormaj.u1246 (gen_black).
Mapping positional arguments of cell mul24_mac_arrival_dadda_koggestone_xormaj.u1245 (gen_black).
Mapping positional arguments of cell mul24_mac_arrival_dadda_koggestone_xormaj.u1244 (gen_black).
Mapping positional arguments of cell mul24_mac_arrival_dadda_koggestone_xormaj.u1243 (gen_black).
Mapping positional arguments of cell mul24_mac_arrival_dadda_koggestone_xormaj.u1242 (gen_black).
Mapping positional arguments of cell mul24_mac_arrival_dadda_koggestone_xormaj.u1241 (gen_black).
Mapping positional arguments of cell mul24_mac_arrival_dadda_koggestone_xormaj.u1240 (gen_black).
Mapping positional arguments of cell mul24_mac_arrival_dadda_koggestone_xormaj.u1239 (gen_black).
Mapping positional arguments of cell mul24_mac_arrival_dadda_koggestone_xormaj.u1238 (gen_black).
Mapping positional arguments of cell mul24_mac_arrival_dadda_koggestone_xormaj.u1237 (gen_black).
Mapping positional arguments of cell mul24_mac_arrival_dadda_koggestone_xormaj.u1236 (gen_black).
Mapping positional arguments of cell mul24_mac_arrival_dadda_koggestone_xormaj.u1235 (gen_black).
Mapping positional arguments of cell mul24_mac_arrival_dadda_koggestone_xormaj.u1234 (gen_black).
Mapping positional arguments of cell mul24_mac_arrival_dadda_koggestone_xormaj.u1233 (gen_black).
Mapping positional arguments of cell mul24_mac_arrival_dadda_koggestone_xormaj.u1232 (gen_black).
Mapping positional arguments of cell mul24_mac_arrival_dadda_koggestone_xormaj.u1231 (gen_black).
Mapping positional arguments of cell mul24_mac_arrival_dadda_koggestone_xormaj.u1230 (gen_black).
Mapping positional arguments of cell mul24_mac_arrival_dadda_koggestone_xormaj.u1229 (gen_black).
Mapping positional arguments of cell mul24_mac_arrival_dadda_koggestone_xormaj.u1228 (gen_black).
Mapping positional arguments of cell mul24_mac_arrival_dadda_koggestone_xormaj.u1227 (gen_black).
Mapping positional arguments of cell mul24_mac_arrival_dadda_koggestone_xormaj.u1226 (gen_black).
Mapping positional arguments of cell mul24_mac_arrival_dadda_koggestone_xormaj.u1225 (gen_black).
Mapping positional arguments of cell mul24_mac_arrival_dadda_koggestone_xormaj.u1224 (gen_gray).
Mapping positional arguments of cell mul24_mac_arrival_dadda_koggestone_xormaj.u1223 (gen_gray).
Mapping positional arguments of cell mul24_mac_arrival_dadda_koggestone_xormaj.u1222 (gen_black).
Mapping positional arguments of cell mul24_mac_arrival_dadda_koggestone_xormaj.u1221 (gen_black).
Mapping positional arguments of cell mul24_mac_arrival_dadda_koggestone_xormaj.u1220 (gen_black).
Mapping positional arguments of cell mul24_mac_arrival_dadda_koggestone_xormaj.u1219 (gen_black).
Mapping positional arguments of cell mul24_mac_arrival_dadda_koggestone_xormaj.u1218 (gen_black).
Mapping positional arguments of cell mul24_mac_arrival_dadda_koggestone_xormaj.u1217 (gen_black).
Mapping positional arguments of cell mul24_mac_arrival_dadda_koggestone_xormaj.u1216 (gen_black).
Mapping positional arguments of cell mul24_mac_arrival_dadda_koggestone_xormaj.u1215 (gen_black).
Mapping positional arguments of cell mul24_mac_arrival_dadda_koggestone_xormaj.u1214 (gen_black).
Mapping positional arguments of cell mul24_mac_arrival_dadda_koggestone_xormaj.u1213 (gen_black).
Mapping positional arguments of cell mul24_mac_arrival_dadda_koggestone_xormaj.u1212 (gen_black).
Mapping positional arguments of cell mul24_mac_arrival_dadda_koggestone_xormaj.u1211 (gen_black).
Mapping positional arguments of cell mul24_mac_arrival_dadda_koggestone_xormaj.u1210 (gen_black).
Mapping positional arguments of cell mul24_mac_arrival_dadda_koggestone_xormaj.u1209 (gen_black).
Mapping positional arguments of cell mul24_mac_arrival_dadda_koggestone_xormaj.u1208 (gen_black).
Mapping positional arguments of cell mul24_mac_arrival_dadda_koggestone_xormaj.u1207 (gen_black).
Mapping positional arguments of cell mul24_mac_arrival_dadda_koggestone_xormaj.u1206 (gen_black).
Mapping positional arguments of cell mul24_mac_arrival_dadda_koggestone_xormaj.u1205 (gen_black).
Mapping positional arguments of cell mul24_mac_arrival_dadda_koggestone_xormaj.u1204 (gen_black).
Mapping positional arguments of cell mul24_mac_arrival_dadda_koggestone_xormaj.u1203 (gen_black).
Mapping positional arguments of cell mul24_mac_arrival_dadda_koggestone_xormaj.u1202 (gen_black).
Mapping positional arguments of cell mul24_mac_arrival_dadda_koggestone_xormaj.u1201 (gen_black).
Mapping positional arguments of cell mul24_mac_arrival_dadda_koggestone_xormaj.u1200 (gen_black).
Mapping positional arguments of cell mul24_mac_arrival_dadda_koggestone_xormaj.u1199 (gen_black).
Mapping positional arguments of cell mul24_mac_arrival_dadda_koggestone_xormaj.u1198 (gen_black).
Mapping positional arguments of cell mul24_mac_arrival_dadda_koggestone_xormaj.u1197 (gen_black).
Mapping positional arguments of cell mul24_mac_arrival_dadda_koggestone_xormaj.u1196 (gen_black).
Mapping positional arguments of cell mul24_mac_arrival_dadda_koggestone_xormaj.u1195 (gen_black).
Mapping positional arguments of cell mul24_mac_arrival_dadda_koggestone_xormaj.u1194 (gen_black).
Mapping positional arguments of cell mul24_mac_arrival_dadda_koggestone_xormaj.u1193 (gen_black).
Mapping positional arguments of cell mul24_mac_arrival_dadda_koggestone_xormaj.u1192 (gen_black).
Mapping positional arguments of cell mul24_mac_arrival_dadda_koggestone_xormaj.u1191 (gen_black).
Mapping positional arguments of cell mul24_mac_arrival_dadda_koggestone_xormaj.u1190 (gen_black).
Mapping positional arguments of cell mul24_mac_arrival_dadda_koggestone_xormaj.u1189 (gen_black).
Mapping positional arguments of cell mul24_mac_arrival_dadda_koggestone_xormaj.u1188 (gen_black).
Mapping positional arguments of cell mul24_mac_arrival_dadda_koggestone_xormaj.u1187 (gen_black).
Mapping positional arguments of cell mul24_mac_arrival_dadda_koggestone_xormaj.u1186 (gen_black).
Mapping positional arguments of cell mul24_mac_arrival_dadda_koggestone_xormaj.u1185 (gen_black).
Mapping positional arguments of cell mul24_mac_arrival_dadda_koggestone_xormaj.u1184 (gen_black).
Mapping positional arguments of cell mul24_mac_arrival_dadda_koggestone_xormaj.u1183 (gen_black).
Mapping positional arguments of cell mul24_mac_arrival_dadda_koggestone_xormaj.u1182 (gen_black).
Mapping positional arguments of cell mul24_mac_arrival_dadda_koggestone_xormaj.u1181 (gen_black).
Mapping positional arguments of cell mul24_mac_arrival_dadda_koggestone_xormaj.u1180 (gen_black).
Mapping positional arguments of cell mul24_mac_arrival_dadda_koggestone_xormaj.u1179 (gen_black).
Mapping positional arguments of cell mul24_mac_arrival_dadda_koggestone_xormaj.u1178 (gen_black).
Mapping positional arguments of cell mul24_mac_arrival_dadda_koggestone_xormaj.u1177 (gen_black).
Mapping positional arguments of cell mul24_mac_arrival_dadda_koggestone_xormaj.u1176 (gen_gray).
Mapping positional arguments of cell mul24_mac_arrival_dadda_koggestone_xormaj.u1175 (gen_pg).
Mapping positional arguments of cell mul24_mac_arrival_dadda_koggestone_xormaj.u1174 (gen_pg).
Mapping positional arguments of cell mul24_mac_arrival_dadda_koggestone_xormaj.u1173 (gen_pg).
Mapping positional arguments of cell mul24_mac_arrival_dadda_koggestone_xormaj.u1172 (gen_pg).
Mapping positional arguments of cell mul24_mac_arrival_dadda_koggestone_xormaj.u1171 (gen_pg).
Mapping positional arguments of cell mul24_mac_arrival_dadda_koggestone_xormaj.u1170 (gen_pg).
Mapping positional arguments of cell mul24_mac_arrival_dadda_koggestone_xormaj.u1169 (gen_pg).
Mapping positional arguments of cell mul24_mac_arrival_dadda_koggestone_xormaj.u1168 (gen_pg).
Mapping positional arguments of cell mul24_mac_arrival_dadda_koggestone_xormaj.u1167 (gen_pg).
Mapping positional arguments of cell mul24_mac_arrival_dadda_koggestone_xormaj.u1166 (gen_pg).
Mapping positional arguments of cell mul24_mac_arrival_dadda_koggestone_xormaj.u1165 (gen_pg).
Mapping positional arguments of cell mul24_mac_arrival_dadda_koggestone_xormaj.u1164 (gen_pg).
Mapping positional arguments of cell mul24_mac_arrival_dadda_koggestone_xormaj.u1163 (gen_pg).
Mapping positional arguments of cell mul24_mac_arrival_dadda_koggestone_xormaj.u1162 (gen_pg).
Mapping positional arguments of cell mul24_mac_arrival_dadda_koggestone_xormaj.u1161 (gen_pg).
Mapping positional arguments of cell mul24_mac_arrival_dadda_koggestone_xormaj.u1160 (gen_pg).
Mapping positional arguments of cell mul24_mac_arrival_dadda_koggestone_xormaj.u1159 (gen_pg).
Mapping positional arguments of cell mul24_mac_arrival_dadda_koggestone_xormaj.u1158 (gen_pg).
Mapping positional arguments of cell mul24_mac_arrival_dadda_koggestone_xormaj.u1157 (gen_pg).
Mapping positional arguments of cell mul24_mac_arrival_dadda_koggestone_xormaj.u1156 (gen_pg).
Mapping positional arguments of cell mul24_mac_arrival_dadda_koggestone_xormaj.u1155 (gen_pg).
Mapping positional arguments of cell mul24_mac_arrival_dadda_koggestone_xormaj.u1154 (gen_pg).
Mapping positional arguments of cell mul24_mac_arrival_dadda_koggestone_xormaj.u1153 (gen_pg).
Mapping positional arguments of cell mul24_mac_arrival_dadda_koggestone_xormaj.u1152 (gen_pg).
Mapping positional arguments of cell mul24_mac_arrival_dadda_koggestone_xormaj.u1151 (gen_pg).
Mapping positional arguments of cell mul24_mac_arrival_dadda_koggestone_xormaj.u1150 (gen_pg).
Mapping positional arguments of cell mul24_mac_arrival_dadda_koggestone_xormaj.u1149 (gen_pg).
Mapping positional arguments of cell mul24_mac_arrival_dadda_koggestone_xormaj.u1148 (gen_pg).
Mapping positional arguments of cell mul24_mac_arrival_dadda_koggestone_xormaj.u1147 (gen_pg).
Mapping positional arguments of cell mul24_mac_arrival_dadda_koggestone_xormaj.u1146 (gen_pg).
Mapping positional arguments of cell mul24_mac_arrival_dadda_koggestone_xormaj.u1145 (gen_pg).
Mapping positional arguments of cell mul24_mac_arrival_dadda_koggestone_xormaj.u1144 (gen_pg).
Mapping positional arguments of cell mul24_mac_arrival_dadda_koggestone_xormaj.u1143 (gen_pg).
Mapping positional arguments of cell mul24_mac_arrival_dadda_koggestone_xormaj.u1142 (gen_pg).
Mapping positional arguments of cell mul24_mac_arrival_dadda_koggestone_xormaj.u1141 (gen_pg).
Mapping positional arguments of cell mul24_mac_arrival_dadda_koggestone_xormaj.u1140 (gen_pg).
Mapping positional arguments of cell mul24_mac_arrival_dadda_koggestone_xormaj.u1139 (gen_pg).
Mapping positional arguments of cell mul24_mac_arrival_dadda_koggestone_xormaj.u1138 (gen_pg).
Mapping positional arguments of cell mul24_mac_arrival_dadda_koggestone_xormaj.u1137 (gen_pg).
Mapping positional arguments of cell mul24_mac_arrival_dadda_koggestone_xormaj.u1136 (gen_pg).
Mapping positional arguments of cell mul24_mac_arrival_dadda_koggestone_xormaj.u1135 (gen_pg).
Mapping positional arguments of cell mul24_mac_arrival_dadda_koggestone_xormaj.u1134 (gen_pg).
Mapping positional arguments of cell mul24_mac_arrival_dadda_koggestone_xormaj.u1133 (gen_pg).
Mapping positional arguments of cell mul24_mac_arrival_dadda_koggestone_xormaj.u1132 (gen_pg).
Mapping positional arguments of cell mul24_mac_arrival_dadda_koggestone_xormaj.u1131 (gen_pg).
Mapping positional arguments of cell mul24_mac_arrival_dadda_koggestone_xormaj.u1130 (gen_pg).
Mapping positional arguments of cell mul24_mac_arrival_dadda_koggestone_xormaj.u1129 (gen_pg).
Mapping positional arguments of cell mul24_mac_arrival_dadda_koggestone_xormaj.u1128 (gen_pg).
Mapping positional arguments of cell mul24_mac_arrival_dadda_koggestone_xormaj.u1127 (gen_fa).
Mapping positional arguments of cell mul24_mac_arrival_dadda_koggestone_xormaj.u1126 (gen_fa).
Mapping positional arguments of cell mul24_mac_arrival_dadda_koggestone_xormaj.u1125 (gen_fa).
Mapping positional arguments of cell mul24_mac_arrival_dadda_koggestone_xormaj.u1124 (gen_fa).
Mapping positional arguments of cell mul24_mac_arrival_dadda_koggestone_xormaj.u1123 (gen_fa).
Mapping positional arguments of cell mul24_mac_arrival_dadda_koggestone_xormaj.u1122 (gen_fa).
Mapping positional arguments of cell mul24_mac_arrival_dadda_koggestone_xormaj.u1121 (gen_fa).
Mapping positional arguments of cell mul24_mac_arrival_dadda_koggestone_xormaj.u1120 (gen_fa).
Mapping positional arguments of cell mul24_mac_arrival_dadda_koggestone_xormaj.u1119 (gen_fa).
Mapping positional arguments of cell mul24_mac_arrival_dadda_koggestone_xormaj.u1118 (gen_fa).
Mapping positional arguments of cell mul24_mac_arrival_dadda_koggestone_xormaj.u1117 (gen_fa).
Mapping positional arguments of cell mul24_mac_arrival_dadda_koggestone_xormaj.u1116 (gen_fa).
Mapping positional arguments of cell mul24_mac_arrival_dadda_koggestone_xormaj.u1115 (gen_fa).
Mapping positional arguments of cell mul24_mac_arrival_dadda_koggestone_xormaj.u1114 (gen_fa).
Mapping positional arguments of cell mul24_mac_arrival_dadda_koggestone_xormaj.u1113 (gen_fa).
Mapping positional arguments of cell mul24_mac_arrival_dadda_koggestone_xormaj.u1112 (gen_fa).
Mapping positional arguments of cell mul24_mac_arrival_dadda_koggestone_xormaj.u1111 (gen_fa).
Mapping positional arguments of cell mul24_mac_arrival_dadda_koggestone_xormaj.u1110 (gen_fa).
Mapping positional arguments of cell mul24_mac_arrival_dadda_koggestone_xormaj.u1109 (gen_fa).
Mapping positional arguments of cell mul24_mac_arrival_dadda_koggestone_xormaj.u1108 (gen_fa).
Mapping positional arguments of cell mul24_mac_arrival_dadda_koggestone_xormaj.u1107 (gen_fa).
Mapping positional arguments of cell mul24_mac_arrival_dadda_koggestone_xormaj.u1106 (gen_fa).
Mapping positional arguments of cell mul24_mac_arrival_dadda_koggestone_xormaj.u1105 (gen_fa).
Mapping positional arguments of cell mul24_mac_arrival_dadda_koggestone_xormaj.u1104 (gen_fa).
Mapping positional arguments of cell mul24_mac_arrival_dadda_koggestone_xormaj.u1103 (gen_fa).
Mapping positional arguments of cell mul24_mac_arrival_dadda_koggestone_xormaj.u1102 (gen_fa).
Mapping positional arguments of cell mul24_mac_arrival_dadda_koggestone_xormaj.u1101 (gen_fa).
Mapping positional arguments of cell mul24_mac_arrival_dadda_koggestone_xormaj.u1100 (gen_fa).
Mapping positional arguments of cell mul24_mac_arrival_dadda_koggestone_xormaj.u1099 (gen_fa).
Mapping positional arguments of cell mul24_mac_arrival_dadda_koggestone_xormaj.u1098 (gen_fa).
Mapping positional arguments of cell mul24_mac_arrival_dadda_koggestone_xormaj.u1097 (gen_fa).
Mapping positional arguments of cell mul24_mac_arrival_dadda_koggestone_xormaj.u1096 (gen_fa).
Mapping positional arguments of cell mul24_mac_arrival_dadda_koggestone_xormaj.u1095 (gen_fa).
Mapping positional arguments of cell mul24_mac_arrival_dadda_koggestone_xormaj.u1094 (gen_fa).
Mapping positional arguments of cell mul24_mac_arrival_dadda_koggestone_xormaj.u1093 (gen_fa).
Mapping positional arguments of cell mul24_mac_arrival_dadda_koggestone_xormaj.u1092 (gen_fa).
Mapping positional arguments of cell mul24_mac_arrival_dadda_koggestone_xormaj.u1091 (gen_fa).
Mapping positional arguments of cell mul24_mac_arrival_dadda_koggestone_xormaj.u1090 (gen_fa).
Mapping positional arguments of cell mul24_mac_arrival_dadda_koggestone_xormaj.u1089 (gen_fa).
Mapping positional arguments of cell mul24_mac_arrival_dadda_koggestone_xormaj.u1088 (gen_fa).
Mapping positional arguments of cell mul24_mac_arrival_dadda_koggestone_xormaj.u1087 (gen_fa).
Mapping positional arguments of cell mul24_mac_arrival_dadda_koggestone_xormaj.u1086 (gen_fa).
Mapping positional arguments of cell mul24_mac_arrival_dadda_koggestone_xormaj.u1085 (gen_fa).
Mapping positional arguments of cell mul24_mac_arrival_dadda_koggestone_xormaj.u1084 (gen_fa).
Mapping positional arguments of cell mul24_mac_arrival_dadda_koggestone_xormaj.u1083 (gen_fa).
Mapping positional arguments of cell mul24_mac_arrival_dadda_koggestone_xormaj.u1082 (gen_ha).
Mapping positional arguments of cell mul24_mac_arrival_dadda_koggestone_xormaj.u1081 (gen_fa).
Mapping positional arguments of cell mul24_mac_arrival_dadda_koggestone_xormaj.u1080 (gen_fa).
Mapping positional arguments of cell mul24_mac_arrival_dadda_koggestone_xormaj.u1079 (gen_fa).
Mapping positional arguments of cell mul24_mac_arrival_dadda_koggestone_xormaj.u1078 (gen_fa).
Mapping positional arguments of cell mul24_mac_arrival_dadda_koggestone_xormaj.u1077 (gen_fa).
Mapping positional arguments of cell mul24_mac_arrival_dadda_koggestone_xormaj.u1076 (gen_fa).
Mapping positional arguments of cell mul24_mac_arrival_dadda_koggestone_xormaj.u1075 (gen_fa).
Mapping positional arguments of cell mul24_mac_arrival_dadda_koggestone_xormaj.u1074 (gen_fa).
Mapping positional arguments of cell mul24_mac_arrival_dadda_koggestone_xormaj.u1073 (gen_fa).
Mapping positional arguments of cell mul24_mac_arrival_dadda_koggestone_xormaj.u1072 (gen_fa).
Mapping positional arguments of cell mul24_mac_arrival_dadda_koggestone_xormaj.u1071 (gen_fa).
Mapping positional arguments of cell mul24_mac_arrival_dadda_koggestone_xormaj.u1070 (gen_fa).
Mapping positional arguments of cell mul24_mac_arrival_dadda_koggestone_xormaj.u1069 (gen_fa).
Mapping positional arguments of cell mul24_mac_arrival_dadda_koggestone_xormaj.u1068 (gen_fa).
Mapping positional arguments of cell mul24_mac_arrival_dadda_koggestone_xormaj.u1067 (gen_fa).
Mapping positional arguments of cell mul24_mac_arrival_dadda_koggestone_xormaj.u1066 (gen_fa).
Mapping positional arguments of cell mul24_mac_arrival_dadda_koggestone_xormaj.u1065 (gen_fa).
Mapping positional arguments of cell mul24_mac_arrival_dadda_koggestone_xormaj.u1064 (gen_fa).
Mapping positional arguments of cell mul24_mac_arrival_dadda_koggestone_xormaj.u1063 (gen_fa).
Mapping positional arguments of cell mul24_mac_arrival_dadda_koggestone_xormaj.u1062 (gen_fa).
Mapping positional arguments of cell mul24_mac_arrival_dadda_koggestone_xormaj.u1061 (gen_fa).
Mapping positional arguments of cell mul24_mac_arrival_dadda_koggestone_xormaj.u1060 (gen_fa).
Mapping positional arguments of cell mul24_mac_arrival_dadda_koggestone_xormaj.u1059 (gen_fa).
Mapping positional arguments of cell mul24_mac_arrival_dadda_koggestone_xormaj.u1058 (gen_fa).
Mapping positional arguments of cell mul24_mac_arrival_dadda_koggestone_xormaj.u1057 (gen_fa).
Mapping positional arguments of cell mul24_mac_arrival_dadda_koggestone_xormaj.u1056 (gen_fa).
Mapping positional arguments of cell mul24_mac_arrival_dadda_koggestone_xormaj.u1055 (gen_fa).
Mapping positional arguments of cell mul24_mac_arrival_dadda_koggestone_xormaj.u1054 (gen_fa).
Mapping positional arguments of cell mul24_mac_arrival_dadda_koggestone_xormaj.u1053 (gen_fa).
Mapping positional arguments of cell mul24_mac_arrival_dadda_koggestone_xormaj.u1052 (gen_fa).
Mapping positional arguments of cell mul24_mac_arrival_dadda_koggestone_xormaj.u1051 (gen_fa).
Mapping positional arguments of cell mul24_mac_arrival_dadda_koggestone_xormaj.u1050 (gen_fa).
Mapping positional arguments of cell mul24_mac_arrival_dadda_koggestone_xormaj.u1049 (gen_fa).
Mapping positional arguments of cell mul24_mac_arrival_dadda_koggestone_xormaj.u1048 (gen_fa).
Mapping positional arguments of cell mul24_mac_arrival_dadda_koggestone_xormaj.u1047 (gen_fa).
Mapping positional arguments of cell mul24_mac_arrival_dadda_koggestone_xormaj.u1046 (gen_fa).
Mapping positional arguments of cell mul24_mac_arrival_dadda_koggestone_xormaj.u1045 (gen_fa).
Mapping positional arguments of cell mul24_mac_arrival_dadda_koggestone_xormaj.u1044 (gen_fa).
Mapping positional arguments of cell mul24_mac_arrival_dadda_koggestone_xormaj.u1043 (gen_fa).
Mapping positional arguments of cell mul24_mac_arrival_dadda_koggestone_xormaj.u1042 (gen_fa).
Mapping positional arguments of cell mul24_mac_arrival_dadda_koggestone_xormaj.u1041 (gen_fa).
Mapping positional arguments of cell mul24_mac_arrival_dadda_koggestone_xormaj.u1040 (gen_fa).
Mapping positional arguments of cell mul24_mac_arrival_dadda_koggestone_xormaj.u1039 (gen_fa).
Mapping positional arguments of cell mul24_mac_arrival_dadda_koggestone_xormaj.u1038 (gen_ha).
Mapping positional arguments of cell mul24_mac_arrival_dadda_koggestone_xormaj.u1037 (gen_fa).
Mapping positional arguments of cell mul24_mac_arrival_dadda_koggestone_xormaj.u1036 (gen_fa).
Mapping positional arguments of cell mul24_mac_arrival_dadda_koggestone_xormaj.u1035 (gen_fa).
Mapping positional arguments of cell mul24_mac_arrival_dadda_koggestone_xormaj.u1034 (gen_fa).
Mapping positional arguments of cell mul24_mac_arrival_dadda_koggestone_xormaj.u1033 (gen_fa).
Mapping positional arguments of cell mul24_mac_arrival_dadda_koggestone_xormaj.u1032 (gen_fa).
Mapping positional arguments of cell mul24_mac_arrival_dadda_koggestone_xormaj.u1031 (gen_fa).
Mapping positional arguments of cell mul24_mac_arrival_dadda_koggestone_xormaj.u1030 (gen_fa).
Mapping positional arguments of cell mul24_mac_arrival_dadda_koggestone_xormaj.u1029 (gen_fa).
Mapping positional arguments of cell mul24_mac_arrival_dadda_koggestone_xormaj.u1028 (gen_fa).
Mapping positional arguments of cell mul24_mac_arrival_dadda_koggestone_xormaj.u1027 (gen_fa).
Mapping positional arguments of cell mul24_mac_arrival_dadda_koggestone_xormaj.u1026 (gen_fa).
Mapping positional arguments of cell mul24_mac_arrival_dadda_koggestone_xormaj.u1025 (gen_fa).
Mapping positional arguments of cell mul24_mac_arrival_dadda_koggestone_xormaj.u1024 (gen_fa).
Mapping positional arguments of cell mul24_mac_arrival_dadda_koggestone_xormaj.u1023 (gen_fa).
Mapping positional arguments of cell mul24_mac_arrival_dadda_koggestone_xormaj.u1022 (gen_fa).
Mapping positional arguments of cell mul24_mac_arrival_dadda_koggestone_xormaj.u1021 (gen_fa).
Mapping positional arguments of cell mul24_mac_arrival_dadda_koggestone_xormaj.u1020 (gen_fa).
Mapping positional arguments of cell mul24_mac_arrival_dadda_koggestone_xormaj.u1019 (gen_fa).
Mapping positional arguments of cell mul24_mac_arrival_dadda_koggestone_xormaj.u1018 (gen_fa).
Mapping positional arguments of cell mul24_mac_arrival_dadda_koggestone_xormaj.u1017 (gen_fa).
Mapping positional arguments of cell mul24_mac_arrival_dadda_koggestone_xormaj.u1016 (gen_fa).
Mapping positional arguments of cell mul24_mac_arrival_dadda_koggestone_xormaj.u1015 (gen_fa).
Mapping positional arguments of cell mul24_mac_arrival_dadda_koggestone_xormaj.u1014 (gen_fa).
Mapping positional arguments of cell mul24_mac_arrival_dadda_koggestone_xormaj.u1013 (gen_fa).
Mapping positional arguments of cell mul24_mac_arrival_dadda_koggestone_xormaj.u1012 (gen_fa).
Mapping positional arguments of cell mul24_mac_arrival_dadda_koggestone_xormaj.u1011 (gen_fa).
Mapping positional arguments of cell mul24_mac_arrival_dadda_koggestone_xormaj.u1010 (gen_fa).
Mapping positional arguments of cell mul24_mac_arrival_dadda_koggestone_xormaj.u1009 (gen_fa).
Mapping positional arguments of cell mul24_mac_arrival_dadda_koggestone_xormaj.u1008 (gen_fa).
Mapping positional arguments of cell mul24_mac_arrival_dadda_koggestone_xormaj.u1007 (gen_fa).
Mapping positional arguments of cell mul24_mac_arrival_dadda_koggestone_xormaj.u1006 (gen_fa).
Mapping positional arguments of cell mul24_mac_arrival_dadda_koggestone_xormaj.u1005 (gen_fa).
Mapping positional arguments of cell mul24_mac_arrival_dadda_koggestone_xormaj.u1004 (gen_fa).
Mapping positional arguments of cell mul24_mac_arrival_dadda_koggestone_xormaj.u1003 (gen_fa).
Mapping positional arguments of cell mul24_mac_arrival_dadda_koggestone_xormaj.u1002 (gen_fa).
Mapping positional arguments of cell mul24_mac_arrival_dadda_koggestone_xormaj.u1001 (gen_fa).
Mapping positional arguments of cell mul24_mac_arrival_dadda_koggestone_xormaj.u1000 (gen_fa).
Mapping positional arguments of cell mul24_mac_arrival_dadda_koggestone_xormaj.u999 (gen_fa).
Mapping positional arguments of cell mul24_mac_arrival_dadda_koggestone_xormaj.u998 (gen_fa).
Mapping positional arguments of cell mul24_mac_arrival_dadda_koggestone_xormaj.u997 (gen_fa).
Mapping positional arguments of cell mul24_mac_arrival_dadda_koggestone_xormaj.u996 (gen_fa).
Mapping positional arguments of cell mul24_mac_arrival_dadda_koggestone_xormaj.u995 (gen_fa).
Mapping positional arguments of cell mul24_mac_arrival_dadda_koggestone_xormaj.u994 (gen_fa).
Mapping positional arguments of cell mul24_mac_arrival_dadda_koggestone_xormaj.u993 (gen_fa).
Mapping positional arguments of cell mul24_mac_arrival_dadda_koggestone_xormaj.u992 (gen_fa).
Mapping positional arguments of cell mul24_mac_arrival_dadda_koggestone_xormaj.u991 (gen_fa).
Mapping positional arguments of cell mul24_mac_arrival_dadda_koggestone_xormaj.u990 (gen_fa).
Mapping positional arguments of cell mul24_mac_arrival_dadda_koggestone_xormaj.u989 (gen_fa).
Mapping positional arguments of cell mul24_mac_arrival_dadda_koggestone_xormaj.u988 (gen_fa).
Mapping positional arguments of cell mul24_mac_arrival_dadda_koggestone_xormaj.u987 (gen_fa).
Mapping positional arguments of cell mul24_mac_arrival_dadda_koggestone_xormaj.u986 (gen_fa).
Mapping positional arguments of cell mul24_mac_arrival_dadda_koggestone_xormaj.u985 (gen_fa).
Mapping positional arguments of cell mul24_mac_arrival_dadda_koggestone_xormaj.u984 (gen_fa).
Mapping positional arguments of cell mul24_mac_arrival_dadda_koggestone_xormaj.u983 (gen_fa).
Mapping positional arguments of cell mul24_mac_arrival_dadda_koggestone_xormaj.u982 (gen_fa).
Mapping positional arguments of cell mul24_mac_arrival_dadda_koggestone_xormaj.u981 (gen_fa).
Mapping positional arguments of cell mul24_mac_arrival_dadda_koggestone_xormaj.u980 (gen_fa).
Mapping positional arguments of cell mul24_mac_arrival_dadda_koggestone_xormaj.u979 (gen_fa).
Mapping positional arguments of cell mul24_mac_arrival_dadda_koggestone_xormaj.u978 (gen_fa).
Mapping positional arguments of cell mul24_mac_arrival_dadda_koggestone_xormaj.u977 (gen_fa).
Mapping positional arguments of cell mul24_mac_arrival_dadda_koggestone_xormaj.u976 (gen_fa).
Mapping positional arguments of cell mul24_mac_arrival_dadda_koggestone_xormaj.u975 (gen_fa).
Mapping positional arguments of cell mul24_mac_arrival_dadda_koggestone_xormaj.u974 (gen_fa).
Mapping positional arguments of cell mul24_mac_arrival_dadda_koggestone_xormaj.u973 (gen_fa).
Mapping positional arguments of cell mul24_mac_arrival_dadda_koggestone_xormaj.u972 (gen_fa).
Mapping positional arguments of cell mul24_mac_arrival_dadda_koggestone_xormaj.u971 (gen_fa).
Mapping positional arguments of cell mul24_mac_arrival_dadda_koggestone_xormaj.u970 (gen_fa).
Mapping positional arguments of cell mul24_mac_arrival_dadda_koggestone_xormaj.u969 (gen_fa).
Mapping positional arguments of cell mul24_mac_arrival_dadda_koggestone_xormaj.u968 (gen_fa).
Mapping positional arguments of cell mul24_mac_arrival_dadda_koggestone_xormaj.u967 (gen_fa).
Mapping positional arguments of cell mul24_mac_arrival_dadda_koggestone_xormaj.u966 (gen_fa).
Mapping positional arguments of cell mul24_mac_arrival_dadda_koggestone_xormaj.u965 (gen_fa).
Mapping positional arguments of cell mul24_mac_arrival_dadda_koggestone_xormaj.u964 (gen_fa).
Mapping positional arguments of cell mul24_mac_arrival_dadda_koggestone_xormaj.u963 (gen_fa).
Mapping positional arguments of cell mul24_mac_arrival_dadda_koggestone_xormaj.u962 (gen_fa).
Mapping positional arguments of cell mul24_mac_arrival_dadda_koggestone_xormaj.u961 (gen_fa).
Mapping positional arguments of cell mul24_mac_arrival_dadda_koggestone_xormaj.u960 (gen_fa).
Mapping positional arguments of cell mul24_mac_arrival_dadda_koggestone_xormaj.u959 (gen_fa).
Mapping positional arguments of cell mul24_mac_arrival_dadda_koggestone_xormaj.u958 (gen_ha).
Mapping positional arguments of cell mul24_mac_arrival_dadda_koggestone_xormaj.u957 (gen_fa).
Mapping positional arguments of cell mul24_mac_arrival_dadda_koggestone_xormaj.u956 (gen_ha).
Mapping positional arguments of cell mul24_mac_arrival_dadda_koggestone_xormaj.u955 (gen_fa).
Mapping positional arguments of cell mul24_mac_arrival_dadda_koggestone_xormaj.u954 (gen_fa).
Mapping positional arguments of cell mul24_mac_arrival_dadda_koggestone_xormaj.u953 (gen_fa).
Mapping positional arguments of cell mul24_mac_arrival_dadda_koggestone_xormaj.u952 (gen_fa).
Mapping positional arguments of cell mul24_mac_arrival_dadda_koggestone_xormaj.u951 (gen_fa).
Mapping positional arguments of cell mul24_mac_arrival_dadda_koggestone_xormaj.u950 (gen_fa).
Mapping positional arguments of cell mul24_mac_arrival_dadda_koggestone_xormaj.u949 (gen_fa).
Mapping positional arguments of cell mul24_mac_arrival_dadda_koggestone_xormaj.u948 (gen_fa).
Mapping positional arguments of cell mul24_mac_arrival_dadda_koggestone_xormaj.u947 (gen_fa).
Mapping positional arguments of cell mul24_mac_arrival_dadda_koggestone_xormaj.u946 (gen_fa).
Mapping positional arguments of cell mul24_mac_arrival_dadda_koggestone_xormaj.u945 (gen_fa).
Mapping positional arguments of cell mul24_mac_arrival_dadda_koggestone_xormaj.u944 (gen_fa).
Mapping positional arguments of cell mul24_mac_arrival_dadda_koggestone_xormaj.u943 (gen_fa).
Mapping positional arguments of cell mul24_mac_arrival_dadda_koggestone_xormaj.u942 (gen_fa).
Mapping positional arguments of cell mul24_mac_arrival_dadda_koggestone_xormaj.u941 (gen_fa).
Mapping positional arguments of cell mul24_mac_arrival_dadda_koggestone_xormaj.u940 (gen_fa).
Mapping positional arguments of cell mul24_mac_arrival_dadda_koggestone_xormaj.u939 (gen_fa).
Mapping positional arguments of cell mul24_mac_arrival_dadda_koggestone_xormaj.u938 (gen_fa).
Mapping positional arguments of cell mul24_mac_arrival_dadda_koggestone_xormaj.u937 (gen_fa).
Mapping positional arguments of cell mul24_mac_arrival_dadda_koggestone_xormaj.u936 (gen_fa).
Mapping positional arguments of cell mul24_mac_arrival_dadda_koggestone_xormaj.u935 (gen_fa).
Mapping positional arguments of cell mul24_mac_arrival_dadda_koggestone_xormaj.u934 (gen_fa).
Mapping positional arguments of cell mul24_mac_arrival_dadda_koggestone_xormaj.u933 (gen_fa).
Mapping positional arguments of cell mul24_mac_arrival_dadda_koggestone_xormaj.u932 (gen_fa).
Mapping positional arguments of cell mul24_mac_arrival_dadda_koggestone_xormaj.u931 (gen_fa).
Mapping positional arguments of cell mul24_mac_arrival_dadda_koggestone_xormaj.u930 (gen_fa).
Mapping positional arguments of cell mul24_mac_arrival_dadda_koggestone_xormaj.u929 (gen_fa).
Mapping positional arguments of cell mul24_mac_arrival_dadda_koggestone_xormaj.u928 (gen_fa).
Mapping positional arguments of cell mul24_mac_arrival_dadda_koggestone_xormaj.u927 (gen_fa).
Mapping positional arguments of cell mul24_mac_arrival_dadda_koggestone_xormaj.u926 (gen_fa).
Mapping positional arguments of cell mul24_mac_arrival_dadda_koggestone_xormaj.u925 (gen_fa).
Mapping positional arguments of cell mul24_mac_arrival_dadda_koggestone_xormaj.u924 (gen_fa).
Mapping positional arguments of cell mul24_mac_arrival_dadda_koggestone_xormaj.u923 (gen_fa).
Mapping positional arguments of cell mul24_mac_arrival_dadda_koggestone_xormaj.u922 (gen_fa).
Mapping positional arguments of cell mul24_mac_arrival_dadda_koggestone_xormaj.u921 (gen_fa).
Mapping positional arguments of cell mul24_mac_arrival_dadda_koggestone_xormaj.u920 (gen_fa).
Mapping positional arguments of cell mul24_mac_arrival_dadda_koggestone_xormaj.u919 (gen_fa).
Mapping positional arguments of cell mul24_mac_arrival_dadda_koggestone_xormaj.u918 (gen_fa).
Mapping positional arguments of cell mul24_mac_arrival_dadda_koggestone_xormaj.u917 (gen_fa).
Mapping positional arguments of cell mul24_mac_arrival_dadda_koggestone_xormaj.u916 (gen_fa).
Mapping positional arguments of cell mul24_mac_arrival_dadda_koggestone_xormaj.u915 (gen_fa).
Mapping positional arguments of cell mul24_mac_arrival_dadda_koggestone_xormaj.u914 (gen_fa).
Mapping positional arguments of cell mul24_mac_arrival_dadda_koggestone_xormaj.u913 (gen_fa).
Mapping positional arguments of cell mul24_mac_arrival_dadda_koggestone_xormaj.u912 (gen_fa).
Mapping positional arguments of cell mul24_mac_arrival_dadda_koggestone_xormaj.u911 (gen_fa).
Mapping positional arguments of cell mul24_mac_arrival_dadda_koggestone_xormaj.u910 (gen_fa).
Mapping positional arguments of cell mul24_mac_arrival_dadda_koggestone_xormaj.u909 (gen_fa).
Mapping positional arguments of cell mul24_mac_arrival_dadda_koggestone_xormaj.u908 (gen_fa).
Mapping positional arguments of cell mul24_mac_arrival_dadda_koggestone_xormaj.u907 (gen_fa).
Mapping positional arguments of cell mul24_mac_arrival_dadda_koggestone_xormaj.u906 (gen_fa).
Mapping positional arguments of cell mul24_mac_arrival_dadda_koggestone_xormaj.u905 (gen_fa).
Mapping positional arguments of cell mul24_mac_arrival_dadda_koggestone_xormaj.u904 (gen_fa).
Mapping positional arguments of cell mul24_mac_arrival_dadda_koggestone_xormaj.u903 (gen_fa).
Mapping positional arguments of cell mul24_mac_arrival_dadda_koggestone_xormaj.u902 (gen_fa).
Mapping positional arguments of cell mul24_mac_arrival_dadda_koggestone_xormaj.u901 (gen_fa).
Mapping positional arguments of cell mul24_mac_arrival_dadda_koggestone_xormaj.u900 (gen_fa).
Mapping positional arguments of cell mul24_mac_arrival_dadda_koggestone_xormaj.u899 (gen_fa).
Mapping positional arguments of cell mul24_mac_arrival_dadda_koggestone_xormaj.u898 (gen_fa).
Mapping positional arguments of cell mul24_mac_arrival_dadda_koggestone_xormaj.u897 (gen_fa).
Mapping positional arguments of cell mul24_mac_arrival_dadda_koggestone_xormaj.u896 (gen_fa).
Mapping positional arguments of cell mul24_mac_arrival_dadda_koggestone_xormaj.u895 (gen_fa).
Mapping positional arguments of cell mul24_mac_arrival_dadda_koggestone_xormaj.u894 (gen_fa).
Mapping positional arguments of cell mul24_mac_arrival_dadda_koggestone_xormaj.u893 (gen_fa).
Mapping positional arguments of cell mul24_mac_arrival_dadda_koggestone_xormaj.u892 (gen_fa).
Mapping positional arguments of cell mul24_mac_arrival_dadda_koggestone_xormaj.u891 (gen_fa).
Mapping positional arguments of cell mul24_mac_arrival_dadda_koggestone_xormaj.u890 (gen_fa).
Mapping positional arguments of cell mul24_mac_arrival_dadda_koggestone_xormaj.u889 (gen_fa).
Mapping positional arguments of cell mul24_mac_arrival_dadda_koggestone_xormaj.u888 (gen_fa).
Mapping positional arguments of cell mul24_mac_arrival_dadda_koggestone_xormaj.u887 (gen_fa).
Mapping positional arguments of cell mul24_mac_arrival_dadda_koggestone_xormaj.u886 (gen_fa).
Mapping positional arguments of cell mul24_mac_arrival_dadda_koggestone_xormaj.u885 (gen_fa).
Mapping positional arguments of cell mul24_mac_arrival_dadda_koggestone_xormaj.u884 (gen_fa).
Mapping positional arguments of cell mul24_mac_arrival_dadda_koggestone_xormaj.u883 (gen_fa).
Mapping positional arguments of cell mul24_mac_arrival_dadda_koggestone_xormaj.u882 (gen_fa).
Mapping positional arguments of cell mul24_mac_arrival_dadda_koggestone_xormaj.u881 (gen_fa).
Mapping positional arguments of cell mul24_mac_arrival_dadda_koggestone_xormaj.u880 (gen_fa).
Mapping positional arguments of cell mul24_mac_arrival_dadda_koggestone_xormaj.u879 (gen_fa).
Mapping positional arguments of cell mul24_mac_arrival_dadda_koggestone_xormaj.u878 (gen_fa).
Mapping positional arguments of cell mul24_mac_arrival_dadda_koggestone_xormaj.u877 (gen_fa).
Mapping positional arguments of cell mul24_mac_arrival_dadda_koggestone_xormaj.u876 (gen_fa).
Mapping positional arguments of cell mul24_mac_arrival_dadda_koggestone_xormaj.u875 (gen_fa).
Mapping positional arguments of cell mul24_mac_arrival_dadda_koggestone_xormaj.u874 (gen_fa).
Mapping positional arguments of cell mul24_mac_arrival_dadda_koggestone_xormaj.u873 (gen_fa).
Mapping positional arguments of cell mul24_mac_arrival_dadda_koggestone_xormaj.u872 (gen_fa).
Mapping positional arguments of cell mul24_mac_arrival_dadda_koggestone_xormaj.u871 (gen_fa).
Mapping positional arguments of cell mul24_mac_arrival_dadda_koggestone_xormaj.u870 (gen_fa).
Mapping positional arguments of cell mul24_mac_arrival_dadda_koggestone_xormaj.u869 (gen_fa).
Mapping positional arguments of cell mul24_mac_arrival_dadda_koggestone_xormaj.u868 (gen_fa).
Mapping positional arguments of cell mul24_mac_arrival_dadda_koggestone_xormaj.u867 (gen_fa).
Mapping positional arguments of cell mul24_mac_arrival_dadda_koggestone_xormaj.u866 (gen_fa).
Mapping positional arguments of cell mul24_mac_arrival_dadda_koggestone_xormaj.u865 (gen_fa).
Mapping positional arguments of cell mul24_mac_arrival_dadda_koggestone_xormaj.u864 (gen_fa).
Mapping positional arguments of cell mul24_mac_arrival_dadda_koggestone_xormaj.u863 (gen_fa).
Mapping positional arguments of cell mul24_mac_arrival_dadda_koggestone_xormaj.u862 (gen_fa).
Mapping positional arguments of cell mul24_mac_arrival_dadda_koggestone_xormaj.u861 (gen_fa).
Mapping positional arguments of cell mul24_mac_arrival_dadda_koggestone_xormaj.u860 (gen_fa).
Mapping positional arguments of cell mul24_mac_arrival_dadda_koggestone_xormaj.u859 (gen_fa).
Mapping positional arguments of cell mul24_mac_arrival_dadda_koggestone_xormaj.u858 (gen_fa).
Mapping positional arguments of cell mul24_mac_arrival_dadda_koggestone_xormaj.u857 (gen_fa).
Mapping positional arguments of cell mul24_mac_arrival_dadda_koggestone_xormaj.u856 (gen_fa).
Mapping positional arguments of cell mul24_mac_arrival_dadda_koggestone_xormaj.u855 (gen_fa).
Mapping positional arguments of cell mul24_mac_arrival_dadda_koggestone_xormaj.u854 (gen_fa).
Mapping positional arguments of cell mul24_mac_arrival_dadda_koggestone_xormaj.u853 (gen_ha).
Mapping positional arguments of cell mul24_mac_arrival_dadda_koggestone_xormaj.u852 (gen_fa).
Mapping positional arguments of cell mul24_mac_arrival_dadda_koggestone_xormaj.u851 (gen_fa).
Mapping positional arguments of cell mul24_mac_arrival_dadda_koggestone_xormaj.u850 (gen_ha).
Mapping positional arguments of cell mul24_mac_arrival_dadda_koggestone_xormaj.u849 (gen_fa).
Mapping positional arguments of cell mul24_mac_arrival_dadda_koggestone_xormaj.u848 (gen_ha).
Mapping positional arguments of cell mul24_mac_arrival_dadda_koggestone_xormaj.u847 (gen_fa).
Mapping positional arguments of cell mul24_mac_arrival_dadda_koggestone_xormaj.u846 (gen_fa).
Mapping positional arguments of cell mul24_mac_arrival_dadda_koggestone_xormaj.u845 (gen_fa).
Mapping positional arguments of cell mul24_mac_arrival_dadda_koggestone_xormaj.u844 (gen_fa).
Mapping positional arguments of cell mul24_mac_arrival_dadda_koggestone_xormaj.u843 (gen_fa).
Mapping positional arguments of cell mul24_mac_arrival_dadda_koggestone_xormaj.u842 (gen_fa).
Mapping positional arguments of cell mul24_mac_arrival_dadda_koggestone_xormaj.u841 (gen_fa).
Mapping positional arguments of cell mul24_mac_arrival_dadda_koggestone_xormaj.u840 (gen_fa).
Mapping positional arguments of cell mul24_mac_arrival_dadda_koggestone_xormaj.u839 (gen_fa).
Mapping positional arguments of cell mul24_mac_arrival_dadda_koggestone_xormaj.u838 (gen_fa).
Mapping positional arguments of cell mul24_mac_arrival_dadda_koggestone_xormaj.u837 (gen_fa).
Mapping positional arguments of cell mul24_mac_arrival_dadda_koggestone_xormaj.u836 (gen_fa).
Mapping positional arguments of cell mul24_mac_arrival_dadda_koggestone_xormaj.u835 (gen_fa).
Mapping positional arguments of cell mul24_mac_arrival_dadda_koggestone_xormaj.u834 (gen_fa).
Mapping positional arguments of cell mul24_mac_arrival_dadda_koggestone_xormaj.u833 (gen_fa).
Mapping positional arguments of cell mul24_mac_arrival_dadda_koggestone_xormaj.u832 (gen_fa).
Mapping positional arguments of cell mul24_mac_arrival_dadda_koggestone_xormaj.u831 (gen_fa).
Mapping positional arguments of cell mul24_mac_arrival_dadda_koggestone_xormaj.u830 (gen_fa).
Mapping positional arguments of cell mul24_mac_arrival_dadda_koggestone_xormaj.u829 (gen_fa).
Mapping positional arguments of cell mul24_mac_arrival_dadda_koggestone_xormaj.u828 (gen_fa).
Mapping positional arguments of cell mul24_mac_arrival_dadda_koggestone_xormaj.u827 (gen_fa).
Mapping positional arguments of cell mul24_mac_arrival_dadda_koggestone_xormaj.u826 (gen_fa).
Mapping positional arguments of cell mul24_mac_arrival_dadda_koggestone_xormaj.u825 (gen_fa).
Mapping positional arguments of cell mul24_mac_arrival_dadda_koggestone_xormaj.u824 (gen_fa).
Mapping positional arguments of cell mul24_mac_arrival_dadda_koggestone_xormaj.u823 (gen_fa).
Mapping positional arguments of cell mul24_mac_arrival_dadda_koggestone_xormaj.u822 (gen_fa).
Mapping positional arguments of cell mul24_mac_arrival_dadda_koggestone_xormaj.u821 (gen_fa).
Mapping positional arguments of cell mul24_mac_arrival_dadda_koggestone_xormaj.u820 (gen_fa).
Mapping positional arguments of cell mul24_mac_arrival_dadda_koggestone_xormaj.u819 (gen_fa).
Mapping positional arguments of cell mul24_mac_arrival_dadda_koggestone_xormaj.u818 (gen_fa).
Mapping positional arguments of cell mul24_mac_arrival_dadda_koggestone_xormaj.u817 (gen_fa).
Mapping positional arguments of cell mul24_mac_arrival_dadda_koggestone_xormaj.u816 (gen_fa).
Mapping positional arguments of cell mul24_mac_arrival_dadda_koggestone_xormaj.u815 (gen_fa).
Mapping positional arguments of cell mul24_mac_arrival_dadda_koggestone_xormaj.u814 (gen_fa).
Mapping positional arguments of cell mul24_mac_arrival_dadda_koggestone_xormaj.u813 (gen_fa).
Mapping positional arguments of cell mul24_mac_arrival_dadda_koggestone_xormaj.u812 (gen_fa).
Mapping positional arguments of cell mul24_mac_arrival_dadda_koggestone_xormaj.u811 (gen_fa).
Mapping positional arguments of cell mul24_mac_arrival_dadda_koggestone_xormaj.u810 (gen_fa).
Mapping positional arguments of cell mul24_mac_arrival_dadda_koggestone_xormaj.u809 (gen_fa).
Mapping positional arguments of cell mul24_mac_arrival_dadda_koggestone_xormaj.u808 (gen_fa).
Mapping positional arguments of cell mul24_mac_arrival_dadda_koggestone_xormaj.u807 (gen_fa).
Mapping positional arguments of cell mul24_mac_arrival_dadda_koggestone_xormaj.u806 (gen_fa).
Mapping positional arguments of cell mul24_mac_arrival_dadda_koggestone_xormaj.u805 (gen_fa).
Mapping positional arguments of cell mul24_mac_arrival_dadda_koggestone_xormaj.u804 (gen_fa).
Mapping positional arguments of cell mul24_mac_arrival_dadda_koggestone_xormaj.u803 (gen_fa).
Mapping positional arguments of cell mul24_mac_arrival_dadda_koggestone_xormaj.u802 (gen_fa).
Mapping positional arguments of cell mul24_mac_arrival_dadda_koggestone_xormaj.u801 (gen_fa).
Mapping positional arguments of cell mul24_mac_arrival_dadda_koggestone_xormaj.u800 (gen_fa).
Mapping positional arguments of cell mul24_mac_arrival_dadda_koggestone_xormaj.u799 (gen_fa).
Mapping positional arguments of cell mul24_mac_arrival_dadda_koggestone_xormaj.u798 (gen_fa).
Mapping positional arguments of cell mul24_mac_arrival_dadda_koggestone_xormaj.u797 (gen_fa).
Mapping positional arguments of cell mul24_mac_arrival_dadda_koggestone_xormaj.u796 (gen_fa).
Mapping positional arguments of cell mul24_mac_arrival_dadda_koggestone_xormaj.u795 (gen_fa).
Mapping positional arguments of cell mul24_mac_arrival_dadda_koggestone_xormaj.u794 (gen_fa).
Mapping positional arguments of cell mul24_mac_arrival_dadda_koggestone_xormaj.u793 (gen_fa).
Mapping positional arguments of cell mul24_mac_arrival_dadda_koggestone_xormaj.u792 (gen_fa).
Mapping positional arguments of cell mul24_mac_arrival_dadda_koggestone_xormaj.u791 (gen_fa).
Mapping positional arguments of cell mul24_mac_arrival_dadda_koggestone_xormaj.u790 (gen_fa).
Mapping positional arguments of cell mul24_mac_arrival_dadda_koggestone_xormaj.u789 (gen_fa).
Mapping positional arguments of cell mul24_mac_arrival_dadda_koggestone_xormaj.u788 (gen_fa).
Mapping positional arguments of cell mul24_mac_arrival_dadda_koggestone_xormaj.u787 (gen_fa).
Mapping positional arguments of cell mul24_mac_arrival_dadda_koggestone_xormaj.u786 (gen_fa).
Mapping positional arguments of cell mul24_mac_arrival_dadda_koggestone_xormaj.u785 (gen_fa).
Mapping positional arguments of cell mul24_mac_arrival_dadda_koggestone_xormaj.u784 (gen_fa).
Mapping positional arguments of cell mul24_mac_arrival_dadda_koggestone_xormaj.u783 (gen_fa).
Mapping positional arguments of cell mul24_mac_arrival_dadda_koggestone_xormaj.u782 (gen_fa).
Mapping positional arguments of cell mul24_mac_arrival_dadda_koggestone_xormaj.u781 (gen_fa).
Mapping positional arguments of cell mul24_mac_arrival_dadda_koggestone_xormaj.u780 (gen_fa).
Mapping positional arguments of cell mul24_mac_arrival_dadda_koggestone_xormaj.u779 (gen_fa).
Mapping positional arguments of cell mul24_mac_arrival_dadda_koggestone_xormaj.u778 (gen_fa).
Mapping positional arguments of cell mul24_mac_arrival_dadda_koggestone_xormaj.u777 (gen_fa).
Mapping positional arguments of cell mul24_mac_arrival_dadda_koggestone_xormaj.u776 (gen_fa).
Mapping positional arguments of cell mul24_mac_arrival_dadda_koggestone_xormaj.u775 (gen_fa).
Mapping positional arguments of cell mul24_mac_arrival_dadda_koggestone_xormaj.u774 (gen_fa).
Mapping positional arguments of cell mul24_mac_arrival_dadda_koggestone_xormaj.u773 (gen_fa).
Mapping positional arguments of cell mul24_mac_arrival_dadda_koggestone_xormaj.u772 (gen_fa).
Mapping positional arguments of cell mul24_mac_arrival_dadda_koggestone_xormaj.u771 (gen_fa).
Mapping positional arguments of cell mul24_mac_arrival_dadda_koggestone_xormaj.u770 (gen_fa).
Mapping positional arguments of cell mul24_mac_arrival_dadda_koggestone_xormaj.u769 (gen_fa).
Mapping positional arguments of cell mul24_mac_arrival_dadda_koggestone_xormaj.u768 (gen_fa).
Mapping positional arguments of cell mul24_mac_arrival_dadda_koggestone_xormaj.u767 (gen_fa).
Mapping positional arguments of cell mul24_mac_arrival_dadda_koggestone_xormaj.u766 (gen_fa).
Mapping positional arguments of cell mul24_mac_arrival_dadda_koggestone_xormaj.u765 (gen_fa).
Mapping positional arguments of cell mul24_mac_arrival_dadda_koggestone_xormaj.u764 (gen_fa).
Mapping positional arguments of cell mul24_mac_arrival_dadda_koggestone_xormaj.u763 (gen_fa).
Mapping positional arguments of cell mul24_mac_arrival_dadda_koggestone_xormaj.u762 (gen_fa).
Mapping positional arguments of cell mul24_mac_arrival_dadda_koggestone_xormaj.u761 (gen_fa).
Mapping positional arguments of cell mul24_mac_arrival_dadda_koggestone_xormaj.u760 (gen_fa).
Mapping positional arguments of cell mul24_mac_arrival_dadda_koggestone_xormaj.u759 (gen_fa).
Mapping positional arguments of cell mul24_mac_arrival_dadda_koggestone_xormaj.u758 (gen_fa).
Mapping positional arguments of cell mul24_mac_arrival_dadda_koggestone_xormaj.u757 (gen_fa).
Mapping positional arguments of cell mul24_mac_arrival_dadda_koggestone_xormaj.u756 (gen_fa).
Mapping positional arguments of cell mul24_mac_arrival_dadda_koggestone_xormaj.u755 (gen_fa).
Mapping positional arguments of cell mul24_mac_arrival_dadda_koggestone_xormaj.u754 (gen_fa).
Mapping positional arguments of cell mul24_mac_arrival_dadda_koggestone_xormaj.u753 (gen_fa).
Mapping positional arguments of cell mul24_mac_arrival_dadda_koggestone_xormaj.u752 (gen_fa).
Mapping positional arguments of cell mul24_mac_arrival_dadda_koggestone_xormaj.u751 (gen_fa).
Mapping positional arguments of cell mul24_mac_arrival_dadda_koggestone_xormaj.u750 (gen_fa).
Mapping positional arguments of cell mul24_mac_arrival_dadda_koggestone_xormaj.u749 (gen_fa).
Mapping positional arguments of cell mul24_mac_arrival_dadda_koggestone_xormaj.u748 (gen_fa).
Mapping positional arguments of cell mul24_mac_arrival_dadda_koggestone_xormaj.u747 (gen_fa).
Mapping positional arguments of cell mul24_mac_arrival_dadda_koggestone_xormaj.u746 (gen_fa).
Mapping positional arguments of cell mul24_mac_arrival_dadda_koggestone_xormaj.u745 (gen_fa).
Mapping positional arguments of cell mul24_mac_arrival_dadda_koggestone_xormaj.u744 (gen_fa).
Mapping positional arguments of cell mul24_mac_arrival_dadda_koggestone_xormaj.u743 (gen_fa).
Mapping positional arguments of cell mul24_mac_arrival_dadda_koggestone_xormaj.u742 (gen_fa).
Mapping positional arguments of cell mul24_mac_arrival_dadda_koggestone_xormaj.u741 (gen_ha).
Mapping positional arguments of cell mul24_mac_arrival_dadda_koggestone_xormaj.u740 (gen_fa).
Mapping positional arguments of cell mul24_mac_arrival_dadda_koggestone_xormaj.u739 (gen_fa).
Mapping positional arguments of cell mul24_mac_arrival_dadda_koggestone_xormaj.u738 (gen_fa).
Mapping positional arguments of cell mul24_mac_arrival_dadda_koggestone_xormaj.u737 (gen_ha).
Mapping positional arguments of cell mul24_mac_arrival_dadda_koggestone_xormaj.u736 (gen_fa).
Mapping positional arguments of cell mul24_mac_arrival_dadda_koggestone_xormaj.u735 (gen_fa).
Mapping positional arguments of cell mul24_mac_arrival_dadda_koggestone_xormaj.u734 (gen_ha).
Mapping positional arguments of cell mul24_mac_arrival_dadda_koggestone_xormaj.u733 (gen_fa).
Mapping positional arguments of cell mul24_mac_arrival_dadda_koggestone_xormaj.u732 (gen_ha).
Mapping positional arguments of cell mul24_mac_arrival_dadda_koggestone_xormaj.u731 (gen_fa).
Mapping positional arguments of cell mul24_mac_arrival_dadda_koggestone_xormaj.u730 (gen_fa).
Mapping positional arguments of cell mul24_mac_arrival_dadda_koggestone_xormaj.u729 (gen_fa).
Mapping positional arguments of cell mul24_mac_arrival_dadda_koggestone_xormaj.u728 (gen_fa).
Mapping positional arguments of cell mul24_mac_arrival_dadda_koggestone_xormaj.u727 (gen_fa).
Mapping positional arguments of cell mul24_mac_arrival_dadda_koggestone_xormaj.u726 (gen_fa).
Mapping positional arguments of cell mul24_mac_arrival_dadda_koggestone_xormaj.u725 (gen_fa).
Mapping positional arguments of cell mul24_mac_arrival_dadda_koggestone_xormaj.u724 (gen_fa).
Mapping positional arguments of cell mul24_mac_arrival_dadda_koggestone_xormaj.u723 (gen_fa).
Mapping positional arguments of cell mul24_mac_arrival_dadda_koggestone_xormaj.u722 (gen_fa).
Mapping positional arguments of cell mul24_mac_arrival_dadda_koggestone_xormaj.u721 (gen_fa).
Mapping positional arguments of cell mul24_mac_arrival_dadda_koggestone_xormaj.u720 (gen_fa).
Mapping positional arguments of cell mul24_mac_arrival_dadda_koggestone_xormaj.u719 (gen_fa).
Mapping positional arguments of cell mul24_mac_arrival_dadda_koggestone_xormaj.u718 (gen_fa).
Mapping positional arguments of cell mul24_mac_arrival_dadda_koggestone_xormaj.u717 (gen_fa).
Mapping positional arguments of cell mul24_mac_arrival_dadda_koggestone_xormaj.u716 (gen_fa).
Mapping positional arguments of cell mul24_mac_arrival_dadda_koggestone_xormaj.u715 (gen_fa).
Mapping positional arguments of cell mul24_mac_arrival_dadda_koggestone_xormaj.u714 (gen_fa).
Mapping positional arguments of cell mul24_mac_arrival_dadda_koggestone_xormaj.u713 (gen_fa).
Mapping positional arguments of cell mul24_mac_arrival_dadda_koggestone_xormaj.u712 (gen_fa).
Mapping positional arguments of cell mul24_mac_arrival_dadda_koggestone_xormaj.u711 (gen_fa).
Mapping positional arguments of cell mul24_mac_arrival_dadda_koggestone_xormaj.u710 (gen_fa).
Mapping positional arguments of cell mul24_mac_arrival_dadda_koggestone_xormaj.u709 (gen_fa).
Mapping positional arguments of cell mul24_mac_arrival_dadda_koggestone_xormaj.u708 (gen_fa).
Mapping positional arguments of cell mul24_mac_arrival_dadda_koggestone_xormaj.u707 (gen_fa).
Mapping positional arguments of cell mul24_mac_arrival_dadda_koggestone_xormaj.u706 (gen_fa).
Mapping positional arguments of cell mul24_mac_arrival_dadda_koggestone_xormaj.u705 (gen_fa).
Mapping positional arguments of cell mul24_mac_arrival_dadda_koggestone_xormaj.u704 (gen_fa).
Mapping positional arguments of cell mul24_mac_arrival_dadda_koggestone_xormaj.u703 (gen_fa).
Mapping positional arguments of cell mul24_mac_arrival_dadda_koggestone_xormaj.u702 (gen_fa).
Mapping positional arguments of cell mul24_mac_arrival_dadda_koggestone_xormaj.u701 (gen_fa).
Mapping positional arguments of cell mul24_mac_arrival_dadda_koggestone_xormaj.u700 (gen_fa).
Mapping positional arguments of cell mul24_mac_arrival_dadda_koggestone_xormaj.u699 (gen_fa).
Mapping positional arguments of cell mul24_mac_arrival_dadda_koggestone_xormaj.u698 (gen_fa).
Mapping positional arguments of cell mul24_mac_arrival_dadda_koggestone_xormaj.u697 (gen_fa).
Mapping positional arguments of cell mul24_mac_arrival_dadda_koggestone_xormaj.u696 (gen_fa).
Mapping positional arguments of cell mul24_mac_arrival_dadda_koggestone_xormaj.u695 (gen_fa).
Mapping positional arguments of cell mul24_mac_arrival_dadda_koggestone_xormaj.u694 (gen_fa).
Mapping positional arguments of cell mul24_mac_arrival_dadda_koggestone_xormaj.u693 (gen_fa).
Mapping positional arguments of cell mul24_mac_arrival_dadda_koggestone_xormaj.u692 (gen_fa).
Mapping positional arguments of cell mul24_mac_arrival_dadda_koggestone_xormaj.u691 (gen_fa).
Mapping positional arguments of cell mul24_mac_arrival_dadda_koggestone_xormaj.u690 (gen_fa).
Mapping positional arguments of cell mul24_mac_arrival_dadda_koggestone_xormaj.u689 (gen_fa).
Mapping positional arguments of cell mul24_mac_arrival_dadda_koggestone_xormaj.u688 (gen_fa).
Mapping positional arguments of cell mul24_mac_arrival_dadda_koggestone_xormaj.u687 (gen_fa).
Mapping positional arguments of cell mul24_mac_arrival_dadda_koggestone_xormaj.u686 (gen_fa).
Mapping positional arguments of cell mul24_mac_arrival_dadda_koggestone_xormaj.u685 (gen_fa).
Mapping positional arguments of cell mul24_mac_arrival_dadda_koggestone_xormaj.u684 (gen_fa).
Mapping positional arguments of cell mul24_mac_arrival_dadda_koggestone_xormaj.u683 (gen_fa).
Mapping positional arguments of cell mul24_mac_arrival_dadda_koggestone_xormaj.u682 (gen_fa).
Mapping positional arguments of cell mul24_mac_arrival_dadda_koggestone_xormaj.u681 (gen_fa).
Mapping positional arguments of cell mul24_mac_arrival_dadda_koggestone_xormaj.u680 (gen_fa).
Mapping positional arguments of cell mul24_mac_arrival_dadda_koggestone_xormaj.u679 (gen_fa).
Mapping positional arguments of cell mul24_mac_arrival_dadda_koggestone_xormaj.u678 (gen_fa).
Mapping positional arguments of cell mul24_mac_arrival_dadda_koggestone_xormaj.u677 (gen_fa).
Mapping positional arguments of cell mul24_mac_arrival_dadda_koggestone_xormaj.u676 (gen_fa).
Mapping positional arguments of cell mul24_mac_arrival_dadda_koggestone_xormaj.u675 (gen_fa).
Mapping positional arguments of cell mul24_mac_arrival_dadda_koggestone_xormaj.u674 (gen_fa).
Mapping positional arguments of cell mul24_mac_arrival_dadda_koggestone_xormaj.u673 (gen_fa).
Mapping positional arguments of cell mul24_mac_arrival_dadda_koggestone_xormaj.u672 (gen_fa).
Mapping positional arguments of cell mul24_mac_arrival_dadda_koggestone_xormaj.u671 (gen_fa).
Mapping positional arguments of cell mul24_mac_arrival_dadda_koggestone_xormaj.u670 (gen_fa).
Mapping positional arguments of cell mul24_mac_arrival_dadda_koggestone_xormaj.u669 (gen_fa).
Mapping positional arguments of cell mul24_mac_arrival_dadda_koggestone_xormaj.u668 (gen_fa).
Mapping positional arguments of cell mul24_mac_arrival_dadda_koggestone_xormaj.u667 (gen_fa).
Mapping positional arguments of cell mul24_mac_arrival_dadda_koggestone_xormaj.u666 (gen_fa).
Mapping positional arguments of cell mul24_mac_arrival_dadda_koggestone_xormaj.u665 (gen_fa).
Mapping positional arguments of cell mul24_mac_arrival_dadda_koggestone_xormaj.u664 (gen_fa).
Mapping positional arguments of cell mul24_mac_arrival_dadda_koggestone_xormaj.u663 (gen_fa).
Mapping positional arguments of cell mul24_mac_arrival_dadda_koggestone_xormaj.u662 (gen_fa).
Mapping positional arguments of cell mul24_mac_arrival_dadda_koggestone_xormaj.u661 (gen_fa).
Mapping positional arguments of cell mul24_mac_arrival_dadda_koggestone_xormaj.u660 (gen_fa).
Mapping positional arguments of cell mul24_mac_arrival_dadda_koggestone_xormaj.u659 (gen_fa).
Mapping positional arguments of cell mul24_mac_arrival_dadda_koggestone_xormaj.u658 (gen_fa).
Mapping positional arguments of cell mul24_mac_arrival_dadda_koggestone_xormaj.u657 (gen_fa).
Mapping positional arguments of cell mul24_mac_arrival_dadda_koggestone_xormaj.u656 (gen_fa).
Mapping positional arguments of cell mul24_mac_arrival_dadda_koggestone_xormaj.u655 (gen_fa).
Mapping positional arguments of cell mul24_mac_arrival_dadda_koggestone_xormaj.u654 (gen_fa).
Mapping positional arguments of cell mul24_mac_arrival_dadda_koggestone_xormaj.u653 (gen_fa).
Mapping positional arguments of cell mul24_mac_arrival_dadda_koggestone_xormaj.u652 (gen_fa).
Mapping positional arguments of cell mul24_mac_arrival_dadda_koggestone_xormaj.u651 (gen_fa).
Mapping positional arguments of cell mul24_mac_arrival_dadda_koggestone_xormaj.u650 (gen_fa).
Mapping positional arguments of cell mul24_mac_arrival_dadda_koggestone_xormaj.u649 (gen_fa).
Mapping positional arguments of cell mul24_mac_arrival_dadda_koggestone_xormaj.u648 (gen_fa).
Mapping positional arguments of cell mul24_mac_arrival_dadda_koggestone_xormaj.u647 (gen_fa).
Mapping positional arguments of cell mul24_mac_arrival_dadda_koggestone_xormaj.u646 (gen_fa).
Mapping positional arguments of cell mul24_mac_arrival_dadda_koggestone_xormaj.u645 (gen_fa).
Mapping positional arguments of cell mul24_mac_arrival_dadda_koggestone_xormaj.u644 (gen_fa).
Mapping positional arguments of cell mul24_mac_arrival_dadda_koggestone_xormaj.u643 (gen_fa).
Mapping positional arguments of cell mul24_mac_arrival_dadda_koggestone_xormaj.u642 (gen_fa).
Mapping positional arguments of cell mul24_mac_arrival_dadda_koggestone_xormaj.u641 (gen_fa).
Mapping positional arguments of cell mul24_mac_arrival_dadda_koggestone_xormaj.u640 (gen_fa).
Mapping positional arguments of cell mul24_mac_arrival_dadda_koggestone_xormaj.u639 (gen_fa).
Mapping positional arguments of cell mul24_mac_arrival_dadda_koggestone_xormaj.u638 (gen_ha).
Mapping positional arguments of cell mul24_mac_arrival_dadda_koggestone_xormaj.u637 (gen_fa).
Mapping positional arguments of cell mul24_mac_arrival_dadda_koggestone_xormaj.u636 (gen_fa).
Mapping positional arguments of cell mul24_mac_arrival_dadda_koggestone_xormaj.u635 (gen_fa).
Mapping positional arguments of cell mul24_mac_arrival_dadda_koggestone_xormaj.u634 (gen_fa).
Mapping positional arguments of cell mul24_mac_arrival_dadda_koggestone_xormaj.u633 (gen_fa).
Mapping positional arguments of cell mul24_mac_arrival_dadda_koggestone_xormaj.u632 (gen_ha).
Mapping positional arguments of cell mul24_mac_arrival_dadda_koggestone_xormaj.u631 (gen_fa).
Mapping positional arguments of cell mul24_mac_arrival_dadda_koggestone_xormaj.u630 (gen_fa).
Mapping positional arguments of cell mul24_mac_arrival_dadda_koggestone_xormaj.u629 (gen_fa).
Mapping positional arguments of cell mul24_mac_arrival_dadda_koggestone_xormaj.u628 (gen_fa).
Mapping positional arguments of cell mul24_mac_arrival_dadda_koggestone_xormaj.u627 (gen_ha).
Mapping positional arguments of cell mul24_mac_arrival_dadda_koggestone_xormaj.u626 (gen_fa).
Mapping positional arguments of cell mul24_mac_arrival_dadda_koggestone_xormaj.u625 (gen_fa).
Mapping positional arguments of cell mul24_mac_arrival_dadda_koggestone_xormaj.u624 (gen_fa).
Mapping positional arguments of cell mul24_mac_arrival_dadda_koggestone_xormaj.u623 (gen_ha).
Mapping positional arguments of cell mul24_mac_arrival_dadda_koggestone_xormaj.u622 (gen_fa).
Mapping positional arguments of cell mul24_mac_arrival_dadda_koggestone_xormaj.u621 (gen_fa).
Mapping positional arguments of cell mul24_mac_arrival_dadda_koggestone_xormaj.u620 (gen_ha).
Mapping positional arguments of cell mul24_mac_arrival_dadda_koggestone_xormaj.u619 (gen_fa).
Mapping positional arguments of cell mul24_mac_arrival_dadda_koggestone_xormaj.u618 (gen_ha).
Mapping positional arguments of cell mul24_mac_arrival_dadda_koggestone_xormaj.u617 (gen_fa).
Mapping positional arguments of cell mul24_mac_arrival_dadda_koggestone_xormaj.u616 (gen_fa).
Mapping positional arguments of cell mul24_mac_arrival_dadda_koggestone_xormaj.u615 (gen_fa).
Mapping positional arguments of cell mul24_mac_arrival_dadda_koggestone_xormaj.u614 (gen_fa).
Mapping positional arguments of cell mul24_mac_arrival_dadda_koggestone_xormaj.u613 (gen_fa).
Mapping positional arguments of cell mul24_mac_arrival_dadda_koggestone_xormaj.u612 (gen_fa).
Mapping positional arguments of cell mul24_mac_arrival_dadda_koggestone_xormaj.u611 (gen_fa).
Mapping positional arguments of cell mul24_mac_arrival_dadda_koggestone_xormaj.u610 (gen_fa).
Mapping positional arguments of cell mul24_mac_arrival_dadda_koggestone_xormaj.u609 (gen_fa).
Mapping positional arguments of cell mul24_mac_arrival_dadda_koggestone_xormaj.u608 (gen_fa).
Mapping positional arguments of cell mul24_mac_arrival_dadda_koggestone_xormaj.u607 (gen_fa).
Mapping positional arguments of cell mul24_mac_arrival_dadda_koggestone_xormaj.u606 (gen_fa).
Mapping positional arguments of cell mul24_mac_arrival_dadda_koggestone_xormaj.u605 (gen_fa).
Mapping positional arguments of cell mul24_mac_arrival_dadda_koggestone_xormaj.u604 (gen_fa).
Mapping positional arguments of cell mul24_mac_arrival_dadda_koggestone_xormaj.u603 (gen_fa).
Mapping positional arguments of cell mul24_mac_arrival_dadda_koggestone_xormaj.u602 (gen_ha).
Mapping positional arguments of cell mul24_mac_arrival_dadda_koggestone_xormaj.u601 (gen_fa).
Mapping positional arguments of cell mul24_mac_arrival_dadda_koggestone_xormaj.u600 (gen_fa).
Mapping positional arguments of cell mul24_mac_arrival_dadda_koggestone_xormaj.u599 (gen_fa).
Mapping positional arguments of cell mul24_mac_arrival_dadda_koggestone_xormaj.u598 (gen_fa).
Mapping positional arguments of cell mul24_mac_arrival_dadda_koggestone_xormaj.u597 (gen_fa).
Mapping positional arguments of cell mul24_mac_arrival_dadda_koggestone_xormaj.u596 (gen_ha).
Mapping positional arguments of cell mul24_mac_arrival_dadda_koggestone_xormaj.u595 (gen_fa).
Mapping positional arguments of cell mul24_mac_arrival_dadda_koggestone_xormaj.u594 (gen_fa).
Mapping positional arguments of cell mul24_mac_arrival_dadda_koggestone_xormaj.u593 (gen_fa).
Mapping positional arguments of cell mul24_mac_arrival_dadda_koggestone_xormaj.u592 (gen_fa).
Mapping positional arguments of cell mul24_mac_arrival_dadda_koggestone_xormaj.u591 (gen_fa).
Mapping positional arguments of cell mul24_mac_arrival_dadda_koggestone_xormaj.u590 (gen_ha).
Mapping positional arguments of cell mul24_mac_arrival_dadda_koggestone_xormaj.u589 (gen_fa).
Mapping positional arguments of cell mul24_mac_arrival_dadda_koggestone_xormaj.u588 (gen_fa).
Mapping positional arguments of cell mul24_mac_arrival_dadda_koggestone_xormaj.u587 (gen_fa).
Mapping positional arguments of cell mul24_mac_arrival_dadda_koggestone_xormaj.u586 (gen_fa).
Mapping positional arguments of cell mul24_mac_arrival_dadda_koggestone_xormaj.u585 (gen_ha).
Mapping positional arguments of cell mul24_mac_arrival_dadda_koggestone_xormaj.u584 (gen_fa).
Mapping positional arguments of cell mul24_mac_arrival_dadda_koggestone_xormaj.u583 (gen_fa).
Mapping positional arguments of cell mul24_mac_arrival_dadda_koggestone_xormaj.u582 (gen_fa).
Mapping positional arguments of cell mul24_mac_arrival_dadda_koggestone_xormaj.u581 (gen_ha).
Mapping positional arguments of cell mul24_mac_arrival_dadda_koggestone_xormaj.u580 (gen_fa).
Mapping positional arguments of cell mul24_mac_arrival_dadda_koggestone_xormaj.u579 (gen_fa).
Mapping positional arguments of cell mul24_mac_arrival_dadda_koggestone_xormaj.u578 (gen_ha).
Mapping positional arguments of cell mul24_mac_arrival_dadda_koggestone_xormaj.u577 (gen_fa).
Mapping positional arguments of cell mul24_mac_arrival_dadda_koggestone_xormaj.u576 (gen_ha).
Mapping positional arguments of cell mul24_mac_arrival_dadda_koggestone_xormaj.u575 (gen_and2).
Mapping positional arguments of cell mul24_mac_arrival_dadda_koggestone_xormaj.u574 (gen_and2).
Mapping positional arguments of cell mul24_mac_arrival_dadda_koggestone_xormaj.u573 (gen_and2).
Mapping positional arguments of cell mul24_mac_arrival_dadda_koggestone_xormaj.u572 (gen_and2).
Mapping positional arguments of cell mul24_mac_arrival_dadda_koggestone_xormaj.u571 (gen_and2).
Mapping positional arguments of cell mul24_mac_arrival_dadda_koggestone_xormaj.u570 (gen_and2).
Mapping positional arguments of cell mul24_mac_arrival_dadda_koggestone_xormaj.u569 (gen_and2).
Mapping positional arguments of cell mul24_mac_arrival_dadda_koggestone_xormaj.u568 (gen_and2).
Mapping positional arguments of cell mul24_mac_arrival_dadda_koggestone_xormaj.u567 (gen_and2).
Mapping positional arguments of cell mul24_mac_arrival_dadda_koggestone_xormaj.u566 (gen_and2).
Mapping positional arguments of cell mul24_mac_arrival_dadda_koggestone_xormaj.u565 (gen_and2).
Mapping positional arguments of cell mul24_mac_arrival_dadda_koggestone_xormaj.u564 (gen_and2).
Mapping positional arguments of cell mul24_mac_arrival_dadda_koggestone_xormaj.u563 (gen_and2).
Mapping positional arguments of cell mul24_mac_arrival_dadda_koggestone_xormaj.u562 (gen_and2).
Mapping positional arguments of cell mul24_mac_arrival_dadda_koggestone_xormaj.u561 (gen_and2).
Mapping positional arguments of cell mul24_mac_arrival_dadda_koggestone_xormaj.u560 (gen_and2).
Mapping positional arguments of cell mul24_mac_arrival_dadda_koggestone_xormaj.u559 (gen_and2).
Mapping positional arguments of cell mul24_mac_arrival_dadda_koggestone_xormaj.u558 (gen_and2).
Mapping positional arguments of cell mul24_mac_arrival_dadda_koggestone_xormaj.u557 (gen_and2).
Mapping positional arguments of cell mul24_mac_arrival_dadda_koggestone_xormaj.u556 (gen_and2).
Mapping positional arguments of cell mul24_mac_arrival_dadda_koggestone_xormaj.u555 (gen_and2).
Mapping positional arguments of cell mul24_mac_arrival_dadda_koggestone_xormaj.u554 (gen_and2).
Mapping positional arguments of cell mul24_mac_arrival_dadda_koggestone_xormaj.u553 (gen_and2).
Mapping positional arguments of cell mul24_mac_arrival_dadda_koggestone_xormaj.u552 (gen_and2).
Mapping positional arguments of cell mul24_mac_arrival_dadda_koggestone_xormaj.u551 (gen_and2).
Mapping positional arguments of cell mul24_mac_arrival_dadda_koggestone_xormaj.u550 (gen_and2).
Mapping positional arguments of cell mul24_mac_arrival_dadda_koggestone_xormaj.u549 (gen_and2).
Mapping positional arguments of cell mul24_mac_arrival_dadda_koggestone_xormaj.u548 (gen_and2).
Mapping positional arguments of cell mul24_mac_arrival_dadda_koggestone_xormaj.u547 (gen_and2).
Mapping positional arguments of cell mul24_mac_arrival_dadda_koggestone_xormaj.u546 (gen_and2).
Mapping positional arguments of cell mul24_mac_arrival_dadda_koggestone_xormaj.u545 (gen_and2).
Mapping positional arguments of cell mul24_mac_arrival_dadda_koggestone_xormaj.u544 (gen_and2).
Mapping positional arguments of cell mul24_mac_arrival_dadda_koggestone_xormaj.u543 (gen_and2).
Mapping positional arguments of cell mul24_mac_arrival_dadda_koggestone_xormaj.u542 (gen_and2).
Mapping positional arguments of cell mul24_mac_arrival_dadda_koggestone_xormaj.u541 (gen_and2).
Mapping positional arguments of cell mul24_mac_arrival_dadda_koggestone_xormaj.u540 (gen_and2).
Mapping positional arguments of cell mul24_mac_arrival_dadda_koggestone_xormaj.u539 (gen_and2).
Mapping positional arguments of cell mul24_mac_arrival_dadda_koggestone_xormaj.u538 (gen_and2).
Mapping positional arguments of cell mul24_mac_arrival_dadda_koggestone_xormaj.u537 (gen_and2).
Mapping positional arguments of cell mul24_mac_arrival_dadda_koggestone_xormaj.u536 (gen_and2).
Mapping positional arguments of cell mul24_mac_arrival_dadda_koggestone_xormaj.u535 (gen_and2).
Mapping positional arguments of cell mul24_mac_arrival_dadda_koggestone_xormaj.u534 (gen_and2).
Mapping positional arguments of cell mul24_mac_arrival_dadda_koggestone_xormaj.u533 (gen_and2).
Mapping positional arguments of cell mul24_mac_arrival_dadda_koggestone_xormaj.u532 (gen_and2).
Mapping positional arguments of cell mul24_mac_arrival_dadda_koggestone_xormaj.u531 (gen_and2).
Mapping positional arguments of cell mul24_mac_arrival_dadda_koggestone_xormaj.u530 (gen_and2).
Mapping positional arguments of cell mul24_mac_arrival_dadda_koggestone_xormaj.u529 (gen_and2).
Mapping positional arguments of cell mul24_mac_arrival_dadda_koggestone_xormaj.u528 (gen_and2).
Mapping positional arguments of cell mul24_mac_arrival_dadda_koggestone_xormaj.u527 (gen_and2).
Mapping positional arguments of cell mul24_mac_arrival_dadda_koggestone_xormaj.u526 (gen_and2).
Mapping positional arguments of cell mul24_mac_arrival_dadda_koggestone_xormaj.u525 (gen_and2).
Mapping positional arguments of cell mul24_mac_arrival_dadda_koggestone_xormaj.u524 (gen_and2).
Mapping positional arguments of cell mul24_mac_arrival_dadda_koggestone_xormaj.u523 (gen_and2).
Mapping positional arguments of cell mul24_mac_arrival_dadda_koggestone_xormaj.u522 (gen_and2).
Mapping positional arguments of cell mul24_mac_arrival_dadda_koggestone_xormaj.u521 (gen_and2).
Mapping positional arguments of cell mul24_mac_arrival_dadda_koggestone_xormaj.u520 (gen_and2).
Mapping positional arguments of cell mul24_mac_arrival_dadda_koggestone_xormaj.u519 (gen_and2).
Mapping positional arguments of cell mul24_mac_arrival_dadda_koggestone_xormaj.u518 (gen_and2).
Mapping positional arguments of cell mul24_mac_arrival_dadda_koggestone_xormaj.u517 (gen_and2).
Mapping positional arguments of cell mul24_mac_arrival_dadda_koggestone_xormaj.u516 (gen_and2).
Mapping positional arguments of cell mul24_mac_arrival_dadda_koggestone_xormaj.u515 (gen_and2).
Mapping positional arguments of cell mul24_mac_arrival_dadda_koggestone_xormaj.u514 (gen_and2).
Mapping positional arguments of cell mul24_mac_arrival_dadda_koggestone_xormaj.u513 (gen_and2).
Mapping positional arguments of cell mul24_mac_arrival_dadda_koggestone_xormaj.u512 (gen_and2).
Mapping positional arguments of cell mul24_mac_arrival_dadda_koggestone_xormaj.u511 (gen_and2).
Mapping positional arguments of cell mul24_mac_arrival_dadda_koggestone_xormaj.u510 (gen_and2).
Mapping positional arguments of cell mul24_mac_arrival_dadda_koggestone_xormaj.u509 (gen_and2).
Mapping positional arguments of cell mul24_mac_arrival_dadda_koggestone_xormaj.u508 (gen_and2).
Mapping positional arguments of cell mul24_mac_arrival_dadda_koggestone_xormaj.u507 (gen_and2).
Mapping positional arguments of cell mul24_mac_arrival_dadda_koggestone_xormaj.u506 (gen_and2).
Mapping positional arguments of cell mul24_mac_arrival_dadda_koggestone_xormaj.u505 (gen_and2).
Mapping positional arguments of cell mul24_mac_arrival_dadda_koggestone_xormaj.u504 (gen_and2).
Mapping positional arguments of cell mul24_mac_arrival_dadda_koggestone_xormaj.u503 (gen_and2).
Mapping positional arguments of cell mul24_mac_arrival_dadda_koggestone_xormaj.u502 (gen_and2).
Mapping positional arguments of cell mul24_mac_arrival_dadda_koggestone_xormaj.u501 (gen_and2).
Mapping positional arguments of cell mul24_mac_arrival_dadda_koggestone_xormaj.u500 (gen_and2).
Mapping positional arguments of cell mul24_mac_arrival_dadda_koggestone_xormaj.u499 (gen_and2).
Mapping positional arguments of cell mul24_mac_arrival_dadda_koggestone_xormaj.u498 (gen_and2).
Mapping positional arguments of cell mul24_mac_arrival_dadda_koggestone_xormaj.u497 (gen_and2).
Mapping positional arguments of cell mul24_mac_arrival_dadda_koggestone_xormaj.u496 (gen_and2).
Mapping positional arguments of cell mul24_mac_arrival_dadda_koggestone_xormaj.u495 (gen_and2).
Mapping positional arguments of cell mul24_mac_arrival_dadda_koggestone_xormaj.u494 (gen_and2).
Mapping positional arguments of cell mul24_mac_arrival_dadda_koggestone_xormaj.u493 (gen_and2).
Mapping positional arguments of cell mul24_mac_arrival_dadda_koggestone_xormaj.u492 (gen_and2).
Mapping positional arguments of cell mul24_mac_arrival_dadda_koggestone_xormaj.u491 (gen_and2).
Mapping positional arguments of cell mul24_mac_arrival_dadda_koggestone_xormaj.u490 (gen_and2).
Mapping positional arguments of cell mul24_mac_arrival_dadda_koggestone_xormaj.u489 (gen_and2).
Mapping positional arguments of cell mul24_mac_arrival_dadda_koggestone_xormaj.u488 (gen_and2).
Mapping positional arguments of cell mul24_mac_arrival_dadda_koggestone_xormaj.u487 (gen_and2).
Mapping positional arguments of cell mul24_mac_arrival_dadda_koggestone_xormaj.u486 (gen_and2).
Mapping positional arguments of cell mul24_mac_arrival_dadda_koggestone_xormaj.u485 (gen_and2).
Mapping positional arguments of cell mul24_mac_arrival_dadda_koggestone_xormaj.u484 (gen_and2).
Mapping positional arguments of cell mul24_mac_arrival_dadda_koggestone_xormaj.u483 (gen_and2).
Mapping positional arguments of cell mul24_mac_arrival_dadda_koggestone_xormaj.u482 (gen_and2).
Mapping positional arguments of cell mul24_mac_arrival_dadda_koggestone_xormaj.u481 (gen_and2).
Mapping positional arguments of cell mul24_mac_arrival_dadda_koggestone_xormaj.u480 (gen_and2).
Mapping positional arguments of cell mul24_mac_arrival_dadda_koggestone_xormaj.u479 (gen_and2).
Mapping positional arguments of cell mul24_mac_arrival_dadda_koggestone_xormaj.u478 (gen_and2).
Mapping positional arguments of cell mul24_mac_arrival_dadda_koggestone_xormaj.u477 (gen_and2).
Mapping positional arguments of cell mul24_mac_arrival_dadda_koggestone_xormaj.u476 (gen_and2).
Mapping positional arguments of cell mul24_mac_arrival_dadda_koggestone_xormaj.u475 (gen_and2).
Mapping positional arguments of cell mul24_mac_arrival_dadda_koggestone_xormaj.u474 (gen_and2).
Mapping positional arguments of cell mul24_mac_arrival_dadda_koggestone_xormaj.u473 (gen_and2).
Mapping positional arguments of cell mul24_mac_arrival_dadda_koggestone_xormaj.u472 (gen_and2).
Mapping positional arguments of cell mul24_mac_arrival_dadda_koggestone_xormaj.u471 (gen_and2).
Mapping positional arguments of cell mul24_mac_arrival_dadda_koggestone_xormaj.u470 (gen_and2).
Mapping positional arguments of cell mul24_mac_arrival_dadda_koggestone_xormaj.u469 (gen_and2).
Mapping positional arguments of cell mul24_mac_arrival_dadda_koggestone_xormaj.u468 (gen_and2).
Mapping positional arguments of cell mul24_mac_arrival_dadda_koggestone_xormaj.u467 (gen_and2).
Mapping positional arguments of cell mul24_mac_arrival_dadda_koggestone_xormaj.u466 (gen_and2).
Mapping positional arguments of cell mul24_mac_arrival_dadda_koggestone_xormaj.u465 (gen_and2).
Mapping positional arguments of cell mul24_mac_arrival_dadda_koggestone_xormaj.u464 (gen_and2).
Mapping positional arguments of cell mul24_mac_arrival_dadda_koggestone_xormaj.u463 (gen_and2).
Mapping positional arguments of cell mul24_mac_arrival_dadda_koggestone_xormaj.u462 (gen_and2).
Mapping positional arguments of cell mul24_mac_arrival_dadda_koggestone_xormaj.u461 (gen_and2).
Mapping positional arguments of cell mul24_mac_arrival_dadda_koggestone_xormaj.u460 (gen_and2).
Mapping positional arguments of cell mul24_mac_arrival_dadda_koggestone_xormaj.u459 (gen_and2).
Mapping positional arguments of cell mul24_mac_arrival_dadda_koggestone_xormaj.u458 (gen_and2).
Mapping positional arguments of cell mul24_mac_arrival_dadda_koggestone_xormaj.u457 (gen_and2).
Mapping positional arguments of cell mul24_mac_arrival_dadda_koggestone_xormaj.u456 (gen_and2).
Mapping positional arguments of cell mul24_mac_arrival_dadda_koggestone_xormaj.u455 (gen_and2).
Mapping positional arguments of cell mul24_mac_arrival_dadda_koggestone_xormaj.u454 (gen_and2).
Mapping positional arguments of cell mul24_mac_arrival_dadda_koggestone_xormaj.u453 (gen_and2).
Mapping positional arguments of cell mul24_mac_arrival_dadda_koggestone_xormaj.u452 (gen_and2).
Mapping positional arguments of cell mul24_mac_arrival_dadda_koggestone_xormaj.u451 (gen_and2).
Mapping positional arguments of cell mul24_mac_arrival_dadda_koggestone_xormaj.u450 (gen_and2).
Mapping positional arguments of cell mul24_mac_arrival_dadda_koggestone_xormaj.u449 (gen_and2).
Mapping positional arguments of cell mul24_mac_arrival_dadda_koggestone_xormaj.u448 (gen_and2).
Mapping positional arguments of cell mul24_mac_arrival_dadda_koggestone_xormaj.u447 (gen_and2).
Mapping positional arguments of cell mul24_mac_arrival_dadda_koggestone_xormaj.u446 (gen_and2).
Mapping positional arguments of cell mul24_mac_arrival_dadda_koggestone_xormaj.u445 (gen_and2).
Mapping positional arguments of cell mul24_mac_arrival_dadda_koggestone_xormaj.u444 (gen_and2).
Mapping positional arguments of cell mul24_mac_arrival_dadda_koggestone_xormaj.u443 (gen_and2).
Mapping positional arguments of cell mul24_mac_arrival_dadda_koggestone_xormaj.u442 (gen_and2).
Mapping positional arguments of cell mul24_mac_arrival_dadda_koggestone_xormaj.u441 (gen_and2).
Mapping positional arguments of cell mul24_mac_arrival_dadda_koggestone_xormaj.u440 (gen_and2).
Mapping positional arguments of cell mul24_mac_arrival_dadda_koggestone_xormaj.u439 (gen_and2).
Mapping positional arguments of cell mul24_mac_arrival_dadda_koggestone_xormaj.u438 (gen_and2).
Mapping positional arguments of cell mul24_mac_arrival_dadda_koggestone_xormaj.u437 (gen_and2).
Mapping positional arguments of cell mul24_mac_arrival_dadda_koggestone_xormaj.u436 (gen_and2).
Mapping positional arguments of cell mul24_mac_arrival_dadda_koggestone_xormaj.u435 (gen_and2).
Mapping positional arguments of cell mul24_mac_arrival_dadda_koggestone_xormaj.u434 (gen_and2).
Mapping positional arguments of cell mul24_mac_arrival_dadda_koggestone_xormaj.u433 (gen_and2).
Mapping positional arguments of cell mul24_mac_arrival_dadda_koggestone_xormaj.u432 (gen_and2).
Mapping positional arguments of cell mul24_mac_arrival_dadda_koggestone_xormaj.u431 (gen_and2).
Mapping positional arguments of cell mul24_mac_arrival_dadda_koggestone_xormaj.u430 (gen_and2).
Mapping positional arguments of cell mul24_mac_arrival_dadda_koggestone_xormaj.u429 (gen_and2).
Mapping positional arguments of cell mul24_mac_arrival_dadda_koggestone_xormaj.u428 (gen_and2).
Mapping positional arguments of cell mul24_mac_arrival_dadda_koggestone_xormaj.u427 (gen_and2).
Mapping positional arguments of cell mul24_mac_arrival_dadda_koggestone_xormaj.u426 (gen_and2).
Mapping positional arguments of cell mul24_mac_arrival_dadda_koggestone_xormaj.u425 (gen_and2).
Mapping positional arguments of cell mul24_mac_arrival_dadda_koggestone_xormaj.u424 (gen_and2).
Mapping positional arguments of cell mul24_mac_arrival_dadda_koggestone_xormaj.u423 (gen_and2).
Mapping positional arguments of cell mul24_mac_arrival_dadda_koggestone_xormaj.u422 (gen_and2).
Mapping positional arguments of cell mul24_mac_arrival_dadda_koggestone_xormaj.u421 (gen_and2).
Mapping positional arguments of cell mul24_mac_arrival_dadda_koggestone_xormaj.u420 (gen_and2).
Mapping positional arguments of cell mul24_mac_arrival_dadda_koggestone_xormaj.u419 (gen_and2).
Mapping positional arguments of cell mul24_mac_arrival_dadda_koggestone_xormaj.u418 (gen_and2).
Mapping positional arguments of cell mul24_mac_arrival_dadda_koggestone_xormaj.u417 (gen_and2).
Mapping positional arguments of cell mul24_mac_arrival_dadda_koggestone_xormaj.u416 (gen_and2).
Mapping positional arguments of cell mul24_mac_arrival_dadda_koggestone_xormaj.u415 (gen_and2).
Mapping positional arguments of cell mul24_mac_arrival_dadda_koggestone_xormaj.u414 (gen_and2).
Mapping positional arguments of cell mul24_mac_arrival_dadda_koggestone_xormaj.u413 (gen_and2).
Mapping positional arguments of cell mul24_mac_arrival_dadda_koggestone_xormaj.u412 (gen_and2).
Mapping positional arguments of cell mul24_mac_arrival_dadda_koggestone_xormaj.u411 (gen_and2).
Mapping positional arguments of cell mul24_mac_arrival_dadda_koggestone_xormaj.u410 (gen_and2).
Mapping positional arguments of cell mul24_mac_arrival_dadda_koggestone_xormaj.u409 (gen_and2).
Mapping positional arguments of cell mul24_mac_arrival_dadda_koggestone_xormaj.u408 (gen_and2).
Mapping positional arguments of cell mul24_mac_arrival_dadda_koggestone_xormaj.u407 (gen_and2).
Mapping positional arguments of cell mul24_mac_arrival_dadda_koggestone_xormaj.u406 (gen_and2).
Mapping positional arguments of cell mul24_mac_arrival_dadda_koggestone_xormaj.u405 (gen_and2).
Mapping positional arguments of cell mul24_mac_arrival_dadda_koggestone_xormaj.u404 (gen_and2).
Mapping positional arguments of cell mul24_mac_arrival_dadda_koggestone_xormaj.u403 (gen_and2).
Mapping positional arguments of cell mul24_mac_arrival_dadda_koggestone_xormaj.u402 (gen_and2).
Mapping positional arguments of cell mul24_mac_arrival_dadda_koggestone_xormaj.u401 (gen_and2).
Mapping positional arguments of cell mul24_mac_arrival_dadda_koggestone_xormaj.u400 (gen_and2).
Mapping positional arguments of cell mul24_mac_arrival_dadda_koggestone_xormaj.u399 (gen_and2).
Mapping positional arguments of cell mul24_mac_arrival_dadda_koggestone_xormaj.u398 (gen_and2).
Mapping positional arguments of cell mul24_mac_arrival_dadda_koggestone_xormaj.u397 (gen_and2).
Mapping positional arguments of cell mul24_mac_arrival_dadda_koggestone_xormaj.u396 (gen_and2).
Mapping positional arguments of cell mul24_mac_arrival_dadda_koggestone_xormaj.u395 (gen_and2).
Mapping positional arguments of cell mul24_mac_arrival_dadda_koggestone_xormaj.u394 (gen_and2).
Mapping positional arguments of cell mul24_mac_arrival_dadda_koggestone_xormaj.u393 (gen_and2).
Mapping positional arguments of cell mul24_mac_arrival_dadda_koggestone_xormaj.u392 (gen_and2).
Mapping positional arguments of cell mul24_mac_arrival_dadda_koggestone_xormaj.u391 (gen_and2).
Mapping positional arguments of cell mul24_mac_arrival_dadda_koggestone_xormaj.u390 (gen_and2).
Mapping positional arguments of cell mul24_mac_arrival_dadda_koggestone_xormaj.u389 (gen_and2).
Mapping positional arguments of cell mul24_mac_arrival_dadda_koggestone_xormaj.u388 (gen_and2).
Mapping positional arguments of cell mul24_mac_arrival_dadda_koggestone_xormaj.u387 (gen_and2).
Mapping positional arguments of cell mul24_mac_arrival_dadda_koggestone_xormaj.u386 (gen_and2).
Mapping positional arguments of cell mul24_mac_arrival_dadda_koggestone_xormaj.u385 (gen_and2).
Mapping positional arguments of cell mul24_mac_arrival_dadda_koggestone_xormaj.u384 (gen_and2).
Mapping positional arguments of cell mul24_mac_arrival_dadda_koggestone_xormaj.u383 (gen_and2).
Mapping positional arguments of cell mul24_mac_arrival_dadda_koggestone_xormaj.u382 (gen_and2).
Mapping positional arguments of cell mul24_mac_arrival_dadda_koggestone_xormaj.u381 (gen_and2).
Mapping positional arguments of cell mul24_mac_arrival_dadda_koggestone_xormaj.u380 (gen_and2).
Mapping positional arguments of cell mul24_mac_arrival_dadda_koggestone_xormaj.u379 (gen_and2).
Mapping positional arguments of cell mul24_mac_arrival_dadda_koggestone_xormaj.u378 (gen_and2).
Mapping positional arguments of cell mul24_mac_arrival_dadda_koggestone_xormaj.u377 (gen_and2).
Mapping positional arguments of cell mul24_mac_arrival_dadda_koggestone_xormaj.u376 (gen_and2).
Mapping positional arguments of cell mul24_mac_arrival_dadda_koggestone_xormaj.u375 (gen_and2).
Mapping positional arguments of cell mul24_mac_arrival_dadda_koggestone_xormaj.u374 (gen_and2).
Mapping positional arguments of cell mul24_mac_arrival_dadda_koggestone_xormaj.u373 (gen_and2).
Mapping positional arguments of cell mul24_mac_arrival_dadda_koggestone_xormaj.u372 (gen_and2).
Mapping positional arguments of cell mul24_mac_arrival_dadda_koggestone_xormaj.u371 (gen_and2).
Mapping positional arguments of cell mul24_mac_arrival_dadda_koggestone_xormaj.u370 (gen_and2).
Mapping positional arguments of cell mul24_mac_arrival_dadda_koggestone_xormaj.u369 (gen_and2).
Mapping positional arguments of cell mul24_mac_arrival_dadda_koggestone_xormaj.u368 (gen_and2).
Mapping positional arguments of cell mul24_mac_arrival_dadda_koggestone_xormaj.u367 (gen_and2).
Mapping positional arguments of cell mul24_mac_arrival_dadda_koggestone_xormaj.u366 (gen_and2).
Mapping positional arguments of cell mul24_mac_arrival_dadda_koggestone_xormaj.u365 (gen_and2).
Mapping positional arguments of cell mul24_mac_arrival_dadda_koggestone_xormaj.u364 (gen_and2).
Mapping positional arguments of cell mul24_mac_arrival_dadda_koggestone_xormaj.u363 (gen_and2).
Mapping positional arguments of cell mul24_mac_arrival_dadda_koggestone_xormaj.u362 (gen_and2).
Mapping positional arguments of cell mul24_mac_arrival_dadda_koggestone_xormaj.u361 (gen_and2).
Mapping positional arguments of cell mul24_mac_arrival_dadda_koggestone_xormaj.u360 (gen_and2).
Mapping positional arguments of cell mul24_mac_arrival_dadda_koggestone_xormaj.u359 (gen_and2).
Mapping positional arguments of cell mul24_mac_arrival_dadda_koggestone_xormaj.u358 (gen_and2).
Mapping positional arguments of cell mul24_mac_arrival_dadda_koggestone_xormaj.u357 (gen_and2).
Mapping positional arguments of cell mul24_mac_arrival_dadda_koggestone_xormaj.u356 (gen_and2).
Mapping positional arguments of cell mul24_mac_arrival_dadda_koggestone_xormaj.u355 (gen_and2).
Mapping positional arguments of cell mul24_mac_arrival_dadda_koggestone_xormaj.u354 (gen_and2).
Mapping positional arguments of cell mul24_mac_arrival_dadda_koggestone_xormaj.u353 (gen_and2).
Mapping positional arguments of cell mul24_mac_arrival_dadda_koggestone_xormaj.u352 (gen_and2).
Mapping positional arguments of cell mul24_mac_arrival_dadda_koggestone_xormaj.u351 (gen_and2).
Mapping positional arguments of cell mul24_mac_arrival_dadda_koggestone_xormaj.u350 (gen_and2).
Mapping positional arguments of cell mul24_mac_arrival_dadda_koggestone_xormaj.u349 (gen_and2).
Mapping positional arguments of cell mul24_mac_arrival_dadda_koggestone_xormaj.u348 (gen_and2).
Mapping positional arguments of cell mul24_mac_arrival_dadda_koggestone_xormaj.u347 (gen_and2).
Mapping positional arguments of cell mul24_mac_arrival_dadda_koggestone_xormaj.u346 (gen_and2).
Mapping positional arguments of cell mul24_mac_arrival_dadda_koggestone_xormaj.u345 (gen_and2).
Mapping positional arguments of cell mul24_mac_arrival_dadda_koggestone_xormaj.u344 (gen_and2).
Mapping positional arguments of cell mul24_mac_arrival_dadda_koggestone_xormaj.u343 (gen_and2).
Mapping positional arguments of cell mul24_mac_arrival_dadda_koggestone_xormaj.u342 (gen_and2).
Mapping positional arguments of cell mul24_mac_arrival_dadda_koggestone_xormaj.u341 (gen_and2).
Mapping positional arguments of cell mul24_mac_arrival_dadda_koggestone_xormaj.u340 (gen_and2).
Mapping positional arguments of cell mul24_mac_arrival_dadda_koggestone_xormaj.u339 (gen_and2).
Mapping positional arguments of cell mul24_mac_arrival_dadda_koggestone_xormaj.u338 (gen_and2).
Mapping positional arguments of cell mul24_mac_arrival_dadda_koggestone_xormaj.u337 (gen_and2).
Mapping positional arguments of cell mul24_mac_arrival_dadda_koggestone_xormaj.u336 (gen_and2).
Mapping positional arguments of cell mul24_mac_arrival_dadda_koggestone_xormaj.u335 (gen_and2).
Mapping positional arguments of cell mul24_mac_arrival_dadda_koggestone_xormaj.u334 (gen_and2).
Mapping positional arguments of cell mul24_mac_arrival_dadda_koggestone_xormaj.u333 (gen_and2).
Mapping positional arguments of cell mul24_mac_arrival_dadda_koggestone_xormaj.u332 (gen_and2).
Mapping positional arguments of cell mul24_mac_arrival_dadda_koggestone_xormaj.u331 (gen_and2).
Mapping positional arguments of cell mul24_mac_arrival_dadda_koggestone_xormaj.u330 (gen_and2).
Mapping positional arguments of cell mul24_mac_arrival_dadda_koggestone_xormaj.u329 (gen_and2).
Mapping positional arguments of cell mul24_mac_arrival_dadda_koggestone_xormaj.u328 (gen_and2).
Mapping positional arguments of cell mul24_mac_arrival_dadda_koggestone_xormaj.u327 (gen_and2).
Mapping positional arguments of cell mul24_mac_arrival_dadda_koggestone_xormaj.u326 (gen_and2).
Mapping positional arguments of cell mul24_mac_arrival_dadda_koggestone_xormaj.u325 (gen_and2).
Mapping positional arguments of cell mul24_mac_arrival_dadda_koggestone_xormaj.u324 (gen_and2).
Mapping positional arguments of cell mul24_mac_arrival_dadda_koggestone_xormaj.u323 (gen_and2).
Mapping positional arguments of cell mul24_mac_arrival_dadda_koggestone_xormaj.u322 (gen_and2).
Mapping positional arguments of cell mul24_mac_arrival_dadda_koggestone_xormaj.u321 (gen_and2).
Mapping positional arguments of cell mul24_mac_arrival_dadda_koggestone_xormaj.u320 (gen_and2).
Mapping positional arguments of cell mul24_mac_arrival_dadda_koggestone_xormaj.u319 (gen_and2).
Mapping positional arguments of cell mul24_mac_arrival_dadda_koggestone_xormaj.u318 (gen_and2).
Mapping positional arguments of cell mul24_mac_arrival_dadda_koggestone_xormaj.u317 (gen_and2).
Mapping positional arguments of cell mul24_mac_arrival_dadda_koggestone_xormaj.u316 (gen_and2).
Mapping positional arguments of cell mul24_mac_arrival_dadda_koggestone_xormaj.u315 (gen_and2).
Mapping positional arguments of cell mul24_mac_arrival_dadda_koggestone_xormaj.u314 (gen_and2).
Mapping positional arguments of cell mul24_mac_arrival_dadda_koggestone_xormaj.u313 (gen_and2).
Mapping positional arguments of cell mul24_mac_arrival_dadda_koggestone_xormaj.u312 (gen_and2).
Mapping positional arguments of cell mul24_mac_arrival_dadda_koggestone_xormaj.u311 (gen_and2).
Mapping positional arguments of cell mul24_mac_arrival_dadda_koggestone_xormaj.u310 (gen_and2).
Mapping positional arguments of cell mul24_mac_arrival_dadda_koggestone_xormaj.u309 (gen_and2).
Mapping positional arguments of cell mul24_mac_arrival_dadda_koggestone_xormaj.u308 (gen_and2).
Mapping positional arguments of cell mul24_mac_arrival_dadda_koggestone_xormaj.u307 (gen_and2).
Mapping positional arguments of cell mul24_mac_arrival_dadda_koggestone_xormaj.u306 (gen_and2).
Mapping positional arguments of cell mul24_mac_arrival_dadda_koggestone_xormaj.u305 (gen_and2).
Mapping positional arguments of cell mul24_mac_arrival_dadda_koggestone_xormaj.u304 (gen_and2).
Mapping positional arguments of cell mul24_mac_arrival_dadda_koggestone_xormaj.u303 (gen_and2).
Mapping positional arguments of cell mul24_mac_arrival_dadda_koggestone_xormaj.u302 (gen_and2).
Mapping positional arguments of cell mul24_mac_arrival_dadda_koggestone_xormaj.u301 (gen_and2).
Mapping positional arguments of cell mul24_mac_arrival_dadda_koggestone_xormaj.u300 (gen_and2).
Mapping positional arguments of cell mul24_mac_arrival_dadda_koggestone_xormaj.u299 (gen_and2).
Mapping positional arguments of cell mul24_mac_arrival_dadda_koggestone_xormaj.u298 (gen_and2).
Mapping positional arguments of cell mul24_mac_arrival_dadda_koggestone_xormaj.u297 (gen_and2).
Mapping positional arguments of cell mul24_mac_arrival_dadda_koggestone_xormaj.u296 (gen_and2).
Mapping positional arguments of cell mul24_mac_arrival_dadda_koggestone_xormaj.u295 (gen_and2).
Mapping positional arguments of cell mul24_mac_arrival_dadda_koggestone_xormaj.u294 (gen_and2).
Mapping positional arguments of cell mul24_mac_arrival_dadda_koggestone_xormaj.u293 (gen_and2).
Mapping positional arguments of cell mul24_mac_arrival_dadda_koggestone_xormaj.u292 (gen_and2).
Mapping positional arguments of cell mul24_mac_arrival_dadda_koggestone_xormaj.u291 (gen_and2).
Mapping positional arguments of cell mul24_mac_arrival_dadda_koggestone_xormaj.u290 (gen_and2).
Mapping positional arguments of cell mul24_mac_arrival_dadda_koggestone_xormaj.u289 (gen_and2).
Mapping positional arguments of cell mul24_mac_arrival_dadda_koggestone_xormaj.u288 (gen_and2).
Mapping positional arguments of cell mul24_mac_arrival_dadda_koggestone_xormaj.u287 (gen_and2).
Mapping positional arguments of cell mul24_mac_arrival_dadda_koggestone_xormaj.u286 (gen_and2).
Mapping positional arguments of cell mul24_mac_arrival_dadda_koggestone_xormaj.u285 (gen_and2).
Mapping positional arguments of cell mul24_mac_arrival_dadda_koggestone_xormaj.u284 (gen_and2).
Mapping positional arguments of cell mul24_mac_arrival_dadda_koggestone_xormaj.u283 (gen_and2).
Mapping positional arguments of cell mul24_mac_arrival_dadda_koggestone_xormaj.u282 (gen_and2).
Mapping positional arguments of cell mul24_mac_arrival_dadda_koggestone_xormaj.u281 (gen_and2).
Mapping positional arguments of cell mul24_mac_arrival_dadda_koggestone_xormaj.u280 (gen_and2).
Mapping positional arguments of cell mul24_mac_arrival_dadda_koggestone_xormaj.u279 (gen_and2).
Mapping positional arguments of cell mul24_mac_arrival_dadda_koggestone_xormaj.u278 (gen_and2).
Mapping positional arguments of cell mul24_mac_arrival_dadda_koggestone_xormaj.u277 (gen_and2).
Mapping positional arguments of cell mul24_mac_arrival_dadda_koggestone_xormaj.u276 (gen_and2).
Mapping positional arguments of cell mul24_mac_arrival_dadda_koggestone_xormaj.u275 (gen_and2).
Mapping positional arguments of cell mul24_mac_arrival_dadda_koggestone_xormaj.u274 (gen_and2).
Mapping positional arguments of cell mul24_mac_arrival_dadda_koggestone_xormaj.u273 (gen_and2).
Mapping positional arguments of cell mul24_mac_arrival_dadda_koggestone_xormaj.u272 (gen_and2).
Mapping positional arguments of cell mul24_mac_arrival_dadda_koggestone_xormaj.u271 (gen_and2).
Mapping positional arguments of cell mul24_mac_arrival_dadda_koggestone_xormaj.u270 (gen_and2).
Mapping positional arguments of cell mul24_mac_arrival_dadda_koggestone_xormaj.u269 (gen_and2).
Mapping positional arguments of cell mul24_mac_arrival_dadda_koggestone_xormaj.u268 (gen_and2).
Mapping positional arguments of cell mul24_mac_arrival_dadda_koggestone_xormaj.u267 (gen_and2).
Mapping positional arguments of cell mul24_mac_arrival_dadda_koggestone_xormaj.u266 (gen_and2).
Mapping positional arguments of cell mul24_mac_arrival_dadda_koggestone_xormaj.u265 (gen_and2).
Mapping positional arguments of cell mul24_mac_arrival_dadda_koggestone_xormaj.u264 (gen_and2).
Mapping positional arguments of cell mul24_mac_arrival_dadda_koggestone_xormaj.u263 (gen_and2).
Mapping positional arguments of cell mul24_mac_arrival_dadda_koggestone_xormaj.u262 (gen_and2).
Mapping positional arguments of cell mul24_mac_arrival_dadda_koggestone_xormaj.u261 (gen_and2).
Mapping positional arguments of cell mul24_mac_arrival_dadda_koggestone_xormaj.u260 (gen_and2).
Mapping positional arguments of cell mul24_mac_arrival_dadda_koggestone_xormaj.u259 (gen_and2).
Mapping positional arguments of cell mul24_mac_arrival_dadda_koggestone_xormaj.u258 (gen_and2).
Mapping positional arguments of cell mul24_mac_arrival_dadda_koggestone_xormaj.u257 (gen_and2).
Mapping positional arguments of cell mul24_mac_arrival_dadda_koggestone_xormaj.u256 (gen_and2).
Mapping positional arguments of cell mul24_mac_arrival_dadda_koggestone_xormaj.u255 (gen_and2).
Mapping positional arguments of cell mul24_mac_arrival_dadda_koggestone_xormaj.u254 (gen_and2).
Mapping positional arguments of cell mul24_mac_arrival_dadda_koggestone_xormaj.u253 (gen_and2).
Mapping positional arguments of cell mul24_mac_arrival_dadda_koggestone_xormaj.u252 (gen_and2).
Mapping positional arguments of cell mul24_mac_arrival_dadda_koggestone_xormaj.u251 (gen_and2).
Mapping positional arguments of cell mul24_mac_arrival_dadda_koggestone_xormaj.u250 (gen_and2).
Mapping positional arguments of cell mul24_mac_arrival_dadda_koggestone_xormaj.u249 (gen_and2).
Mapping positional arguments of cell mul24_mac_arrival_dadda_koggestone_xormaj.u248 (gen_and2).
Mapping positional arguments of cell mul24_mac_arrival_dadda_koggestone_xormaj.u247 (gen_and2).
Mapping positional arguments of cell mul24_mac_arrival_dadda_koggestone_xormaj.u246 (gen_and2).
Mapping positional arguments of cell mul24_mac_arrival_dadda_koggestone_xormaj.u245 (gen_and2).
Mapping positional arguments of cell mul24_mac_arrival_dadda_koggestone_xormaj.u244 (gen_and2).
Mapping positional arguments of cell mul24_mac_arrival_dadda_koggestone_xormaj.u243 (gen_and2).
Mapping positional arguments of cell mul24_mac_arrival_dadda_koggestone_xormaj.u242 (gen_and2).
Mapping positional arguments of cell mul24_mac_arrival_dadda_koggestone_xormaj.u241 (gen_and2).
Mapping positional arguments of cell mul24_mac_arrival_dadda_koggestone_xormaj.u240 (gen_and2).
Mapping positional arguments of cell mul24_mac_arrival_dadda_koggestone_xormaj.u239 (gen_and2).
Mapping positional arguments of cell mul24_mac_arrival_dadda_koggestone_xormaj.u238 (gen_and2).
Mapping positional arguments of cell mul24_mac_arrival_dadda_koggestone_xormaj.u237 (gen_and2).
Mapping positional arguments of cell mul24_mac_arrival_dadda_koggestone_xormaj.u236 (gen_and2).
Mapping positional arguments of cell mul24_mac_arrival_dadda_koggestone_xormaj.u235 (gen_and2).
Mapping positional arguments of cell mul24_mac_arrival_dadda_koggestone_xormaj.u234 (gen_and2).
Mapping positional arguments of cell mul24_mac_arrival_dadda_koggestone_xormaj.u233 (gen_and2).
Mapping positional arguments of cell mul24_mac_arrival_dadda_koggestone_xormaj.u232 (gen_and2).
Mapping positional arguments of cell mul24_mac_arrival_dadda_koggestone_xormaj.u231 (gen_and2).
Mapping positional arguments of cell mul24_mac_arrival_dadda_koggestone_xormaj.u230 (gen_and2).
Mapping positional arguments of cell mul24_mac_arrival_dadda_koggestone_xormaj.u229 (gen_and2).
Mapping positional arguments of cell mul24_mac_arrival_dadda_koggestone_xormaj.u228 (gen_and2).
Mapping positional arguments of cell mul24_mac_arrival_dadda_koggestone_xormaj.u227 (gen_and2).
Mapping positional arguments of cell mul24_mac_arrival_dadda_koggestone_xormaj.u226 (gen_and2).
Mapping positional arguments of cell mul24_mac_arrival_dadda_koggestone_xormaj.u225 (gen_and2).
Mapping positional arguments of cell mul24_mac_arrival_dadda_koggestone_xormaj.u224 (gen_and2).
Mapping positional arguments of cell mul24_mac_arrival_dadda_koggestone_xormaj.u223 (gen_and2).
Mapping positional arguments of cell mul24_mac_arrival_dadda_koggestone_xormaj.u222 (gen_and2).
Mapping positional arguments of cell mul24_mac_arrival_dadda_koggestone_xormaj.u221 (gen_and2).
Mapping positional arguments of cell mul24_mac_arrival_dadda_koggestone_xormaj.u220 (gen_and2).
Mapping positional arguments of cell mul24_mac_arrival_dadda_koggestone_xormaj.u219 (gen_and2).
Mapping positional arguments of cell mul24_mac_arrival_dadda_koggestone_xormaj.u218 (gen_and2).
Mapping positional arguments of cell mul24_mac_arrival_dadda_koggestone_xormaj.u217 (gen_and2).
Mapping positional arguments of cell mul24_mac_arrival_dadda_koggestone_xormaj.u216 (gen_and2).
Mapping positional arguments of cell mul24_mac_arrival_dadda_koggestone_xormaj.u215 (gen_and2).
Mapping positional arguments of cell mul24_mac_arrival_dadda_koggestone_xormaj.u214 (gen_and2).
Mapping positional arguments of cell mul24_mac_arrival_dadda_koggestone_xormaj.u213 (gen_and2).
Mapping positional arguments of cell mul24_mac_arrival_dadda_koggestone_xormaj.u212 (gen_and2).
Mapping positional arguments of cell mul24_mac_arrival_dadda_koggestone_xormaj.u211 (gen_and2).
Mapping positional arguments of cell mul24_mac_arrival_dadda_koggestone_xormaj.u210 (gen_and2).
Mapping positional arguments of cell mul24_mac_arrival_dadda_koggestone_xormaj.u209 (gen_and2).
Mapping positional arguments of cell mul24_mac_arrival_dadda_koggestone_xormaj.u208 (gen_and2).
Mapping positional arguments of cell mul24_mac_arrival_dadda_koggestone_xormaj.u207 (gen_and2).
Mapping positional arguments of cell mul24_mac_arrival_dadda_koggestone_xormaj.u206 (gen_and2).
Mapping positional arguments of cell mul24_mac_arrival_dadda_koggestone_xormaj.u205 (gen_and2).
Mapping positional arguments of cell mul24_mac_arrival_dadda_koggestone_xormaj.u204 (gen_and2).
Mapping positional arguments of cell mul24_mac_arrival_dadda_koggestone_xormaj.u203 (gen_and2).
Mapping positional arguments of cell mul24_mac_arrival_dadda_koggestone_xormaj.u202 (gen_and2).
Mapping positional arguments of cell mul24_mac_arrival_dadda_koggestone_xormaj.u201 (gen_and2).
Mapping positional arguments of cell mul24_mac_arrival_dadda_koggestone_xormaj.u200 (gen_and2).
Mapping positional arguments of cell mul24_mac_arrival_dadda_koggestone_xormaj.u199 (gen_and2).
Mapping positional arguments of cell mul24_mac_arrival_dadda_koggestone_xormaj.u198 (gen_and2).
Mapping positional arguments of cell mul24_mac_arrival_dadda_koggestone_xormaj.u197 (gen_and2).
Mapping positional arguments of cell mul24_mac_arrival_dadda_koggestone_xormaj.u196 (gen_and2).
Mapping positional arguments of cell mul24_mac_arrival_dadda_koggestone_xormaj.u195 (gen_and2).
Mapping positional arguments of cell mul24_mac_arrival_dadda_koggestone_xormaj.u194 (gen_and2).
Mapping positional arguments of cell mul24_mac_arrival_dadda_koggestone_xormaj.u193 (gen_and2).
Mapping positional arguments of cell mul24_mac_arrival_dadda_koggestone_xormaj.u192 (gen_and2).
Mapping positional arguments of cell mul24_mac_arrival_dadda_koggestone_xormaj.u191 (gen_and2).
Mapping positional arguments of cell mul24_mac_arrival_dadda_koggestone_xormaj.u190 (gen_and2).
Mapping positional arguments of cell mul24_mac_arrival_dadda_koggestone_xormaj.u189 (gen_and2).
Mapping positional arguments of cell mul24_mac_arrival_dadda_koggestone_xormaj.u188 (gen_and2).
Mapping positional arguments of cell mul24_mac_arrival_dadda_koggestone_xormaj.u187 (gen_and2).
Mapping positional arguments of cell mul24_mac_arrival_dadda_koggestone_xormaj.u186 (gen_and2).
Mapping positional arguments of cell mul24_mac_arrival_dadda_koggestone_xormaj.u185 (gen_and2).
Mapping positional arguments of cell mul24_mac_arrival_dadda_koggestone_xormaj.u184 (gen_and2).
Mapping positional arguments of cell mul24_mac_arrival_dadda_koggestone_xormaj.u183 (gen_and2).
Mapping positional arguments of cell mul24_mac_arrival_dadda_koggestone_xormaj.u182 (gen_and2).
Mapping positional arguments of cell mul24_mac_arrival_dadda_koggestone_xormaj.u181 (gen_and2).
Mapping positional arguments of cell mul24_mac_arrival_dadda_koggestone_xormaj.u180 (gen_and2).
Mapping positional arguments of cell mul24_mac_arrival_dadda_koggestone_xormaj.u179 (gen_and2).
Mapping positional arguments of cell mul24_mac_arrival_dadda_koggestone_xormaj.u178 (gen_and2).
Mapping positional arguments of cell mul24_mac_arrival_dadda_koggestone_xormaj.u177 (gen_and2).
Mapping positional arguments of cell mul24_mac_arrival_dadda_koggestone_xormaj.u176 (gen_and2).
Mapping positional arguments of cell mul24_mac_arrival_dadda_koggestone_xormaj.u175 (gen_and2).
Mapping positional arguments of cell mul24_mac_arrival_dadda_koggestone_xormaj.u174 (gen_and2).
Mapping positional arguments of cell mul24_mac_arrival_dadda_koggestone_xormaj.u173 (gen_and2).
Mapping positional arguments of cell mul24_mac_arrival_dadda_koggestone_xormaj.u172 (gen_and2).
Mapping positional arguments of cell mul24_mac_arrival_dadda_koggestone_xormaj.u171 (gen_and2).
Mapping positional arguments of cell mul24_mac_arrival_dadda_koggestone_xormaj.u170 (gen_and2).
Mapping positional arguments of cell mul24_mac_arrival_dadda_koggestone_xormaj.u169 (gen_and2).
Mapping positional arguments of cell mul24_mac_arrival_dadda_koggestone_xormaj.u168 (gen_and2).
Mapping positional arguments of cell mul24_mac_arrival_dadda_koggestone_xormaj.u167 (gen_and2).
Mapping positional arguments of cell mul24_mac_arrival_dadda_koggestone_xormaj.u166 (gen_and2).
Mapping positional arguments of cell mul24_mac_arrival_dadda_koggestone_xormaj.u165 (gen_and2).
Mapping positional arguments of cell mul24_mac_arrival_dadda_koggestone_xormaj.u164 (gen_and2).
Mapping positional arguments of cell mul24_mac_arrival_dadda_koggestone_xormaj.u163 (gen_and2).
Mapping positional arguments of cell mul24_mac_arrival_dadda_koggestone_xormaj.u162 (gen_and2).
Mapping positional arguments of cell mul24_mac_arrival_dadda_koggestone_xormaj.u161 (gen_and2).
Mapping positional arguments of cell mul24_mac_arrival_dadda_koggestone_xormaj.u160 (gen_and2).
Mapping positional arguments of cell mul24_mac_arrival_dadda_koggestone_xormaj.u159 (gen_and2).
Mapping positional arguments of cell mul24_mac_arrival_dadda_koggestone_xormaj.u158 (gen_and2).
Mapping positional arguments of cell mul24_mac_arrival_dadda_koggestone_xormaj.u157 (gen_and2).
Mapping positional arguments of cell mul24_mac_arrival_dadda_koggestone_xormaj.u156 (gen_and2).
Mapping positional arguments of cell mul24_mac_arrival_dadda_koggestone_xormaj.u155 (gen_and2).
Mapping positional arguments of cell mul24_mac_arrival_dadda_koggestone_xormaj.u154 (gen_and2).
Mapping positional arguments of cell mul24_mac_arrival_dadda_koggestone_xormaj.u153 (gen_and2).
Mapping positional arguments of cell mul24_mac_arrival_dadda_koggestone_xormaj.u152 (gen_and2).
Mapping positional arguments of cell mul24_mac_arrival_dadda_koggestone_xormaj.u151 (gen_and2).
Mapping positional arguments of cell mul24_mac_arrival_dadda_koggestone_xormaj.u150 (gen_and2).
Mapping positional arguments of cell mul24_mac_arrival_dadda_koggestone_xormaj.u149 (gen_and2).
Mapping positional arguments of cell mul24_mac_arrival_dadda_koggestone_xormaj.u148 (gen_and2).
Mapping positional arguments of cell mul24_mac_arrival_dadda_koggestone_xormaj.u147 (gen_and2).
Mapping positional arguments of cell mul24_mac_arrival_dadda_koggestone_xormaj.u146 (gen_and2).
Mapping positional arguments of cell mul24_mac_arrival_dadda_koggestone_xormaj.u145 (gen_and2).
Mapping positional arguments of cell mul24_mac_arrival_dadda_koggestone_xormaj.u144 (gen_and2).
Mapping positional arguments of cell mul24_mac_arrival_dadda_koggestone_xormaj.u143 (gen_and2).
Mapping positional arguments of cell mul24_mac_arrival_dadda_koggestone_xormaj.u142 (gen_and2).
Mapping positional arguments of cell mul24_mac_arrival_dadda_koggestone_xormaj.u141 (gen_and2).
Mapping positional arguments of cell mul24_mac_arrival_dadda_koggestone_xormaj.u140 (gen_and2).
Mapping positional arguments of cell mul24_mac_arrival_dadda_koggestone_xormaj.u139 (gen_and2).
Mapping positional arguments of cell mul24_mac_arrival_dadda_koggestone_xormaj.u138 (gen_and2).
Mapping positional arguments of cell mul24_mac_arrival_dadda_koggestone_xormaj.u137 (gen_and2).
Mapping positional arguments of cell mul24_mac_arrival_dadda_koggestone_xormaj.u136 (gen_and2).
Mapping positional arguments of cell mul24_mac_arrival_dadda_koggestone_xormaj.u135 (gen_and2).
Mapping positional arguments of cell mul24_mac_arrival_dadda_koggestone_xormaj.u134 (gen_and2).
Mapping positional arguments of cell mul24_mac_arrival_dadda_koggestone_xormaj.u133 (gen_and2).
Mapping positional arguments of cell mul24_mac_arrival_dadda_koggestone_xormaj.u132 (gen_and2).
Mapping positional arguments of cell mul24_mac_arrival_dadda_koggestone_xormaj.u131 (gen_and2).
Mapping positional arguments of cell mul24_mac_arrival_dadda_koggestone_xormaj.u130 (gen_and2).
Mapping positional arguments of cell mul24_mac_arrival_dadda_koggestone_xormaj.u129 (gen_and2).
Mapping positional arguments of cell mul24_mac_arrival_dadda_koggestone_xormaj.u128 (gen_and2).
Mapping positional arguments of cell mul24_mac_arrival_dadda_koggestone_xormaj.u127 (gen_and2).
Mapping positional arguments of cell mul24_mac_arrival_dadda_koggestone_xormaj.u126 (gen_and2).
Mapping positional arguments of cell mul24_mac_arrival_dadda_koggestone_xormaj.u125 (gen_and2).
Mapping positional arguments of cell mul24_mac_arrival_dadda_koggestone_xormaj.u124 (gen_and2).
Mapping positional arguments of cell mul24_mac_arrival_dadda_koggestone_xormaj.u123 (gen_and2).
Mapping positional arguments of cell mul24_mac_arrival_dadda_koggestone_xormaj.u122 (gen_and2).
Mapping positional arguments of cell mul24_mac_arrival_dadda_koggestone_xormaj.u121 (gen_and2).
Mapping positional arguments of cell mul24_mac_arrival_dadda_koggestone_xormaj.u120 (gen_and2).
Mapping positional arguments of cell mul24_mac_arrival_dadda_koggestone_xormaj.u119 (gen_and2).
Mapping positional arguments of cell mul24_mac_arrival_dadda_koggestone_xormaj.u118 (gen_and2).
Mapping positional arguments of cell mul24_mac_arrival_dadda_koggestone_xormaj.u117 (gen_and2).
Mapping positional arguments of cell mul24_mac_arrival_dadda_koggestone_xormaj.u116 (gen_and2).
Mapping positional arguments of cell mul24_mac_arrival_dadda_koggestone_xormaj.u115 (gen_and2).
Mapping positional arguments of cell mul24_mac_arrival_dadda_koggestone_xormaj.u114 (gen_and2).
Mapping positional arguments of cell mul24_mac_arrival_dadda_koggestone_xormaj.u113 (gen_and2).
Mapping positional arguments of cell mul24_mac_arrival_dadda_koggestone_xormaj.u112 (gen_and2).
Mapping positional arguments of cell mul24_mac_arrival_dadda_koggestone_xormaj.u111 (gen_and2).
Mapping positional arguments of cell mul24_mac_arrival_dadda_koggestone_xormaj.u110 (gen_and2).
Mapping positional arguments of cell mul24_mac_arrival_dadda_koggestone_xormaj.u109 (gen_and2).
Mapping positional arguments of cell mul24_mac_arrival_dadda_koggestone_xormaj.u108 (gen_and2).
Mapping positional arguments of cell mul24_mac_arrival_dadda_koggestone_xormaj.u107 (gen_and2).
Mapping positional arguments of cell mul24_mac_arrival_dadda_koggestone_xormaj.u106 (gen_and2).
Mapping positional arguments of cell mul24_mac_arrival_dadda_koggestone_xormaj.u105 (gen_and2).
Mapping positional arguments of cell mul24_mac_arrival_dadda_koggestone_xormaj.u104 (gen_and2).
Mapping positional arguments of cell mul24_mac_arrival_dadda_koggestone_xormaj.u103 (gen_and2).
Mapping positional arguments of cell mul24_mac_arrival_dadda_koggestone_xormaj.u102 (gen_and2).
Mapping positional arguments of cell mul24_mac_arrival_dadda_koggestone_xormaj.u101 (gen_and2).
Mapping positional arguments of cell mul24_mac_arrival_dadda_koggestone_xormaj.u100 (gen_and2).
Mapping positional arguments of cell mul24_mac_arrival_dadda_koggestone_xormaj.u99 (gen_and2).
Mapping positional arguments of cell mul24_mac_arrival_dadda_koggestone_xormaj.u98 (gen_and2).
Mapping positional arguments of cell mul24_mac_arrival_dadda_koggestone_xormaj.u97 (gen_and2).
Mapping positional arguments of cell mul24_mac_arrival_dadda_koggestone_xormaj.u96 (gen_and2).
Mapping positional arguments of cell mul24_mac_arrival_dadda_koggestone_xormaj.u95 (gen_and2).
Mapping positional arguments of cell mul24_mac_arrival_dadda_koggestone_xormaj.u94 (gen_and2).
Mapping positional arguments of cell mul24_mac_arrival_dadda_koggestone_xormaj.u93 (gen_and2).
Mapping positional arguments of cell mul24_mac_arrival_dadda_koggestone_xormaj.u92 (gen_and2).
Mapping positional arguments of cell mul24_mac_arrival_dadda_koggestone_xormaj.u91 (gen_and2).
Mapping positional arguments of cell mul24_mac_arrival_dadda_koggestone_xormaj.u90 (gen_and2).
Mapping positional arguments of cell mul24_mac_arrival_dadda_koggestone_xormaj.u89 (gen_and2).
Mapping positional arguments of cell mul24_mac_arrival_dadda_koggestone_xormaj.u88 (gen_and2).
Mapping positional arguments of cell mul24_mac_arrival_dadda_koggestone_xormaj.u87 (gen_and2).
Mapping positional arguments of cell mul24_mac_arrival_dadda_koggestone_xormaj.u86 (gen_and2).
Mapping positional arguments of cell mul24_mac_arrival_dadda_koggestone_xormaj.u85 (gen_and2).
Mapping positional arguments of cell mul24_mac_arrival_dadda_koggestone_xormaj.u84 (gen_and2).
Mapping positional arguments of cell mul24_mac_arrival_dadda_koggestone_xormaj.u83 (gen_and2).
Mapping positional arguments of cell mul24_mac_arrival_dadda_koggestone_xormaj.u82 (gen_and2).
Mapping positional arguments of cell mul24_mac_arrival_dadda_koggestone_xormaj.u81 (gen_and2).
Mapping positional arguments of cell mul24_mac_arrival_dadda_koggestone_xormaj.u80 (gen_and2).
Mapping positional arguments of cell mul24_mac_arrival_dadda_koggestone_xormaj.u79 (gen_and2).
Mapping positional arguments of cell mul24_mac_arrival_dadda_koggestone_xormaj.u78 (gen_and2).
Mapping positional arguments of cell mul24_mac_arrival_dadda_koggestone_xormaj.u77 (gen_and2).
Mapping positional arguments of cell mul24_mac_arrival_dadda_koggestone_xormaj.u76 (gen_and2).
Mapping positional arguments of cell mul24_mac_arrival_dadda_koggestone_xormaj.u75 (gen_and2).
Mapping positional arguments of cell mul24_mac_arrival_dadda_koggestone_xormaj.u74 (gen_and2).
Mapping positional arguments of cell mul24_mac_arrival_dadda_koggestone_xormaj.u73 (gen_and2).
Mapping positional arguments of cell mul24_mac_arrival_dadda_koggestone_xormaj.u72 (gen_and2).
Mapping positional arguments of cell mul24_mac_arrival_dadda_koggestone_xormaj.u71 (gen_and2).
Mapping positional arguments of cell mul24_mac_arrival_dadda_koggestone_xormaj.u70 (gen_and2).
Mapping positional arguments of cell mul24_mac_arrival_dadda_koggestone_xormaj.u69 (gen_and2).
Mapping positional arguments of cell mul24_mac_arrival_dadda_koggestone_xormaj.u68 (gen_and2).
Mapping positional arguments of cell mul24_mac_arrival_dadda_koggestone_xormaj.u67 (gen_and2).
Mapping positional arguments of cell mul24_mac_arrival_dadda_koggestone_xormaj.u66 (gen_and2).
Mapping positional arguments of cell mul24_mac_arrival_dadda_koggestone_xormaj.u65 (gen_and2).
Mapping positional arguments of cell mul24_mac_arrival_dadda_koggestone_xormaj.u64 (gen_and2).
Mapping positional arguments of cell mul24_mac_arrival_dadda_koggestone_xormaj.u63 (gen_and2).
Mapping positional arguments of cell mul24_mac_arrival_dadda_koggestone_xormaj.u62 (gen_and2).
Mapping positional arguments of cell mul24_mac_arrival_dadda_koggestone_xormaj.u61 (gen_and2).
Mapping positional arguments of cell mul24_mac_arrival_dadda_koggestone_xormaj.u60 (gen_and2).
Mapping positional arguments of cell mul24_mac_arrival_dadda_koggestone_xormaj.u59 (gen_and2).
Mapping positional arguments of cell mul24_mac_arrival_dadda_koggestone_xormaj.u58 (gen_and2).
Mapping positional arguments of cell mul24_mac_arrival_dadda_koggestone_xormaj.u57 (gen_and2).
Mapping positional arguments of cell mul24_mac_arrival_dadda_koggestone_xormaj.u56 (gen_and2).
Mapping positional arguments of cell mul24_mac_arrival_dadda_koggestone_xormaj.u55 (gen_and2).
Mapping positional arguments of cell mul24_mac_arrival_dadda_koggestone_xormaj.u54 (gen_and2).
Mapping positional arguments of cell mul24_mac_arrival_dadda_koggestone_xormaj.u53 (gen_and2).
Mapping positional arguments of cell mul24_mac_arrival_dadda_koggestone_xormaj.u52 (gen_and2).
Mapping positional arguments of cell mul24_mac_arrival_dadda_koggestone_xormaj.u51 (gen_and2).
Mapping positional arguments of cell mul24_mac_arrival_dadda_koggestone_xormaj.u50 (gen_and2).
Mapping positional arguments of cell mul24_mac_arrival_dadda_koggestone_xormaj.u49 (gen_and2).
Mapping positional arguments of cell mul24_mac_arrival_dadda_koggestone_xormaj.u48 (gen_and2).
Mapping positional arguments of cell mul24_mac_arrival_dadda_koggestone_xormaj.u47 (gen_and2).
Mapping positional arguments of cell mul24_mac_arrival_dadda_koggestone_xormaj.u46 (gen_and2).
Mapping positional arguments of cell mul24_mac_arrival_dadda_koggestone_xormaj.u45 (gen_and2).
Mapping positional arguments of cell mul24_mac_arrival_dadda_koggestone_xormaj.u44 (gen_and2).
Mapping positional arguments of cell mul24_mac_arrival_dadda_koggestone_xormaj.u43 (gen_and2).
Mapping positional arguments of cell mul24_mac_arrival_dadda_koggestone_xormaj.u42 (gen_and2).
Mapping positional arguments of cell mul24_mac_arrival_dadda_koggestone_xormaj.u41 (gen_and2).
Mapping positional arguments of cell mul24_mac_arrival_dadda_koggestone_xormaj.u40 (gen_and2).
Mapping positional arguments of cell mul24_mac_arrival_dadda_koggestone_xormaj.u39 (gen_and2).
Mapping positional arguments of cell mul24_mac_arrival_dadda_koggestone_xormaj.u38 (gen_and2).
Mapping positional arguments of cell mul24_mac_arrival_dadda_koggestone_xormaj.u37 (gen_and2).
Mapping positional arguments of cell mul24_mac_arrival_dadda_koggestone_xormaj.u36 (gen_and2).
Mapping positional arguments of cell mul24_mac_arrival_dadda_koggestone_xormaj.u35 (gen_and2).
Mapping positional arguments of cell mul24_mac_arrival_dadda_koggestone_xormaj.u34 (gen_and2).
Mapping positional arguments of cell mul24_mac_arrival_dadda_koggestone_xormaj.u33 (gen_and2).
Mapping positional arguments of cell mul24_mac_arrival_dadda_koggestone_xormaj.u32 (gen_and2).
Mapping positional arguments of cell mul24_mac_arrival_dadda_koggestone_xormaj.u31 (gen_and2).
Mapping positional arguments of cell mul24_mac_arrival_dadda_koggestone_xormaj.u30 (gen_and2).
Mapping positional arguments of cell mul24_mac_arrival_dadda_koggestone_xormaj.u29 (gen_and2).
Mapping positional arguments of cell mul24_mac_arrival_dadda_koggestone_xormaj.u28 (gen_and2).
Mapping positional arguments of cell mul24_mac_arrival_dadda_koggestone_xormaj.u27 (gen_and2).
Mapping positional arguments of cell mul24_mac_arrival_dadda_koggestone_xormaj.u26 (gen_and2).
Mapping positional arguments of cell mul24_mac_arrival_dadda_koggestone_xormaj.u25 (gen_and2).
Mapping positional arguments of cell mul24_mac_arrival_dadda_koggestone_xormaj.u24 (gen_and2).
Mapping positional arguments of cell mul24_mac_arrival_dadda_koggestone_xormaj.u23 (gen_and2).
Mapping positional arguments of cell mul24_mac_arrival_dadda_koggestone_xormaj.u22 (gen_and2).
Mapping positional arguments of cell mul24_mac_arrival_dadda_koggestone_xormaj.u21 (gen_and2).
Mapping positional arguments of cell mul24_mac_arrival_dadda_koggestone_xormaj.u20 (gen_and2).
Mapping positional arguments of cell mul24_mac_arrival_dadda_koggestone_xormaj.u19 (gen_and2).
Mapping positional arguments of cell mul24_mac_arrival_dadda_koggestone_xormaj.u18 (gen_and2).
Mapping positional arguments of cell mul24_mac_arrival_dadda_koggestone_xormaj.u17 (gen_and2).
Mapping positional arguments of cell mul24_mac_arrival_dadda_koggestone_xormaj.u16 (gen_and2).
Mapping positional arguments of cell mul24_mac_arrival_dadda_koggestone_xormaj.u15 (gen_and2).
Mapping positional arguments of cell mul24_mac_arrival_dadda_koggestone_xormaj.u14 (gen_and2).
Mapping positional arguments of cell mul24_mac_arrival_dadda_koggestone_xormaj.u13 (gen_and2).
Mapping positional arguments of cell mul24_mac_arrival_dadda_koggestone_xormaj.u12 (gen_and2).
Mapping positional arguments of cell mul24_mac_arrival_dadda_koggestone_xormaj.u11 (gen_and2).
Mapping positional arguments of cell mul24_mac_arrival_dadda_koggestone_xormaj.u10 (gen_and2).
Mapping positional arguments of cell mul24_mac_arrival_dadda_koggestone_xormaj.u9 (gen_and2).
Mapping positional arguments of cell mul24_mac_arrival_dadda_koggestone_xormaj.u8 (gen_and2).
Mapping positional arguments of cell mul24_mac_arrival_dadda_koggestone_xormaj.u7 (gen_and2).
Mapping positional arguments of cell mul24_mac_arrival_dadda_koggestone_xormaj.u6 (gen_and2).
Mapping positional arguments of cell mul24_mac_arrival_dadda_koggestone_xormaj.u5 (gen_and2).
Mapping positional arguments of cell mul24_mac_arrival_dadda_koggestone_xormaj.u4 (gen_and2).
Mapping positional arguments of cell mul24_mac_arrival_dadda_koggestone_xormaj.u3 (gen_and2).
Mapping positional arguments of cell mul24_mac_arrival_dadda_koggestone_xormaj.u2 (gen_and2).
Mapping positional arguments of cell mul24_mac_arrival_dadda_koggestone_xormaj.u1 (gen_and2).
Mapping positional arguments of cell mul24_mac_arrival_dadda_koggestone_xormaj.u0 (gen_and2).

5. Executing PROC pass (convert processes to netlists).

5.1. Executing PROC_CLEAN pass (remove empty switches from decision trees).
Cleaned up 0 empty switches.

5.2. Executing PROC_RMDEAD pass (remove dead branches from decision trees).
Removed a total of 0 dead cases.

5.3. Executing PROC_PRUNE pass (remove redundant assignments in processes).
Removed 0 redundant assignments.
Promoted 0 assignments to connections.

5.4. Executing PROC_INIT pass (extract init attributes).

5.5. Executing PROC_ARST pass (detect async resets in processes).

5.6. Executing PROC_ROM pass (convert switches to ROMs).
Converted 0 switches.

5.7. Executing PROC_MUX pass (convert decision trees to multiplexers).

5.8. Executing PROC_DLATCH pass (convert process syncs to latches).

5.9. Executing PROC_DFF pass (convert process syncs to FFs).

5.10. Executing PROC_MEMWR pass (convert process memory writes to cells).

5.11. Executing PROC_CLEAN pass (remove empty switches from decision trees).
Cleaned up 0 empty switches.

5.12. Executing OPT_EXPR pass (perform const folding).
Optimizing module gen_pg.
Optimizing module mul24_mac_arrival_dadda_koggestone_xormaj.
Optimizing module gen_fa.
Optimizing module gen_ha.
Optimizing module gen_gray.
Optimizing module gen_xor2.
Optimizing module gen_black.
Optimizing module gen_or2.
Optimizing module gen_and2.

6. Executing FLATTEN pass (flatten design).
Deleting now unused module gen_pg.
Deleting now unused module gen_fa.
Deleting now unused module gen_ha.
Deleting now unused module gen_gray.
Deleting now unused module gen_xor2.
Deleting now unused module gen_black.
Deleting now unused module gen_or2.
Deleting now unused module gen_and2.
<suppressed ~1693 debug messages>

7. Executing OPT pass (performing simple optimizations).

7.1. Executing OPT_EXPR pass (perform const folding).
Optimizing module mul24_mac_arrival_dadda_koggestone_xormaj.

7.2. Executing OPT_MERGE pass (detect identical cells).
Finding identical cells in module `\mul24_mac_arrival_dadda_koggestone_xormaj'.
Computing hashes of 7029 cells of `\mul24_mac_arrival_dadda_koggestone_xormaj'.
Finding duplicate cells in `\mul24_mac_arrival_dadda_koggestone_xormaj'.
Removed a total of 0 cells.

7.3. Executing OPT_MUXTREE pass (detect dead branches in mux trees).
Running muxtree optimizer on module \mul24_mac_arrival_dadda_koggestone_xormaj..
  Creating internal representation of mux trees.
  No muxes found in this module.
Removed 0 multiplexer ports.

7.4. Executing OPT_REDUCE pass (consolidate $*mux and $reduce_* inputs).
  Optimizing cells in module \mul24_mac_arrival_dadda_koggestone_xormaj.
Performed a total of 0 changes.

7.5. Executing OPT_MERGE pass (detect identical cells).
Finding identical cells in module `\mul24_mac_arrival_dadda_koggestone_xormaj'.
Computing hashes of 7029 cells of `\mul24_mac_arrival_dadda_koggestone_xormaj'.
Finding duplicate cells in `\mul24_mac_arrival_dadda_koggestone_xormaj'.
Removed a total of 0 cells.

7.6. Executing OPT_DFF pass (perform DFF optimizations).

7.7. Executing OPT_CLEAN pass (remove unused cells and wires).
Finding unused cells or wires in module \mul24_mac_arrival_dadda_koggestone_xormaj..
Removed 0 unused cells and 2471 unused wires.
<suppressed ~1 debug messages>

7.8. Executing OPT_EXPR pass (perform const folding).
Optimizing module mul24_mac_arrival_dadda_koggestone_xormaj.

7.9. Rerunning OPT passes. (Maybe there is more to do..)

7.10. Executing OPT_MUXTREE pass (detect dead branches in mux trees).
Running muxtree optimizer on module \mul24_mac_arrival_dadda_koggestone_xormaj..
  Creating internal representation of mux trees.
  No muxes found in this module.
Removed 0 multiplexer ports.

7.11. Executing OPT_REDUCE pass (consolidate $*mux and $reduce_* inputs).
  Optimizing cells in module \mul24_mac_arrival_dadda_koggestone_xormaj.
Performed a total of 0 changes.

7.12. Executing OPT_MERGE pass (detect identical cells).
Finding identical cells in module `\mul24_mac_arrival_dadda_koggestone_xormaj'.
Computing hashes of 7029 cells of `\mul24_mac_arrival_dadda_koggestone_xormaj'.
Finding duplicate cells in `\mul24_mac_arrival_dadda_koggestone_xormaj'.
Removed a total of 0 cells.

7.13. Executing OPT_DFF pass (perform DFF optimizations).

7.14. Executing OPT_CLEAN pass (remove unused cells and wires).
Finding unused cells or wires in module \mul24_mac_arrival_dadda_koggestone_xormaj..

7.15. Executing OPT_EXPR pass (perform const folding).
Optimizing module mul24_mac_arrival_dadda_koggestone_xormaj.

7.16. Finished fast OPT passes. (There is nothing left to do.)

8. Executing TECHMAP pass (map to technology primitives).

8.1. Executing Verilog-2005 frontend: /opt/homebrew/bin/../share/yosys/techmap.v
Parsing Verilog input from `/opt/homebrew/bin/../share/yosys/techmap.v' to AST representation.
Generating RTLIL representation for module `\_90_simplemap_bool_ops'.
Generating RTLIL representation for module `\_90_simplemap_reduce_ops'.
Generating RTLIL representation for module `\_90_simplemap_logic_ops'.
Generating RTLIL representation for module `\_90_simplemap_compare_ops'.
Generating RTLIL representation for module `\_90_simplemap_various'.
Generating RTLIL representation for module `\_90_simplemap_registers'.
Generating RTLIL representation for module `\_90_shift_ops_shr_shl_sshl_sshr'.
Generating RTLIL representation for module `\_90_shift_shiftx'.
Generating RTLIL representation for module `\_90_fa'.
Generating RTLIL representation for module `\_90_lcu_brent_kung'.
Generating RTLIL representation for module `\_90_alu'.
Generating RTLIL representation for module `\_90_macc'.
Generating RTLIL representation for module `\_90_alumacc'.
Generating RTLIL representation for module `$__div_mod_u'.
Generating RTLIL representation for module `$__div_mod_trunc'.
Generating RTLIL representation for module `\_90_div'.
Generating RTLIL representation for module `\_90_mod'.
Generating RTLIL representation for module `$__div_mod_floor'.
Generating RTLIL representation for module `\_90_divfloor'.
Generating RTLIL representation for module `\_90_modfloor'.
Generating RTLIL representation for module `\_90_pow'.
Generating RTLIL representation for module `\_90_demux'.
Generating RTLIL representation for module `\_90_lut'.
Generating RTLIL representation for module `$connect'.
Generating RTLIL representation for module `$input_port'.
Successfully finished Verilog frontend.

8.2. Continuing TECHMAP pass.
Using extmapper simplemap for cells of type $and.
Using extmapper simplemap for cells of type $xor.
Using extmapper simplemap for cells of type $or.
No more expansions possible.
<suppressed ~5413 debug messages>

9. Executing OPT pass (performing simple optimizations).

9.1. Executing OPT_EXPR pass (perform const folding).
Optimizing module mul24_mac_arrival_dadda_koggestone_xormaj.

9.2. Executing OPT_MERGE pass (detect identical cells).
Finding identical cells in module `\mul24_mac_arrival_dadda_koggestone_xormaj'.
Computing hashes of 7029 cells of `\mul24_mac_arrival_dadda_koggestone_xormaj'.
Finding duplicate cells in `\mul24_mac_arrival_dadda_koggestone_xormaj'.
Removed a total of 0 cells.

9.3. Executing OPT_MUXTREE pass (detect dead branches in mux trees).
Running muxtree optimizer on module \mul24_mac_arrival_dadda_koggestone_xormaj..
  Creating internal representation of mux trees.
  No muxes found in this module.
Removed 0 multiplexer ports.

9.4. Executing OPT_REDUCE pass (consolidate $*mux and $reduce_* inputs).
  Optimizing cells in module \mul24_mac_arrival_dadda_koggestone_xormaj.
Performed a total of 0 changes.

9.5. Executing OPT_MERGE pass (detect identical cells).
Finding identical cells in module `\mul24_mac_arrival_dadda_koggestone_xormaj'.
Computing hashes of 7029 cells of `\mul24_mac_arrival_dadda_koggestone_xormaj'.
Finding duplicate cells in `\mul24_mac_arrival_dadda_koggestone_xormaj'.
Removed a total of 0 cells.

9.6. Executing OPT_DFF pass (perform DFF optimizations).

9.7. Executing OPT_CLEAN pass (remove unused cells and wires).
Finding unused cells or wires in module \mul24_mac_arrival_dadda_koggestone_xormaj..

9.8. Executing OPT_EXPR pass (perform const folding).
Optimizing module mul24_mac_arrival_dadda_koggestone_xormaj.

9.9. Finished fast OPT passes. (There is nothing left to do.)

10. Executing ABC pass (technology mapping using ABC).

10.1. Extracting gate netlist of module `\mul24_mac_arrival_dadda_koggestone_xormaj' to `<abc-temp-dir>/input.blif'..
ABC: using cached merged SCL: /var/folders/hy/_ylqg90n5lz20fd6tsrwg0cw0000gn/T/yosys-liberty-scl-cache/yosys_merged_8c8a9dd1.scl (1 files)

10.1.1. Executed ABC.
Extracted 5336 gates and 5432 wires to a netlist network with 96 inputs and 75 outputs.
Running ABC script: <abc-temp-dir>/abc.script
ABC: ======== ABC command line "source <abc-temp-dir>/abc.script"
ABC: + read_blif <abc-temp-dir>/input.blif 
ABC: + read_scl /var/folders/hy/_ylqg90n5lz20fd6tsrwg0cw0000gn/T/yosys-liberty-scl-cache/yosys_merged_8c8a9dd1.scl 
ABC: Warning: Detected 9 multi-output cells (for example, "sky130_fd_sc_hd__fa_1").
ABC: + source /Users/andrewhendel/CascadeProjects/tinytapeout2/scripts/abc/classic.script 
ABC: + write_blif <abc-temp-dir>/output.blif 

10.1.2. Re-integrating ABC results.
ABC RESULTS:   sky130_fd_sc_hd__a211o_2 cells:        1
ABC RESULTS:   sky130_fd_sc_hd__a211oi_1 cells:        4
ABC RESULTS:   sky130_fd_sc_hd__a21boi_0 cells:       15
ABC RESULTS:   sky130_fd_sc_hd__a21o_2 cells:       38
ABC RESULTS:   sky130_fd_sc_hd__a21oi_1 cells:      347
ABC RESULTS:   sky130_fd_sc_hd__a221oi_1 cells:        2
ABC RESULTS:   sky130_fd_sc_hd__a22o_2 cells:        5
ABC RESULTS:   sky130_fd_sc_hd__a22oi_1 cells:      104
ABC RESULTS:   sky130_fd_sc_hd__a2bb2oi_1 cells:        1
ABC RESULTS:   sky130_fd_sc_hd__a311oi_1 cells:        1
ABC RESULTS:   sky130_fd_sc_hd__a31o_2 cells:        5
ABC RESULTS:   sky130_fd_sc_hd__a31oi_1 cells:       96
ABC RESULTS:   sky130_fd_sc_hd__a32oi_1 cells:       17
ABC RESULTS:   sky130_fd_sc_hd__a41oi_1 cells:       21
ABC RESULTS:   sky130_fd_sc_hd__and2_2 cells:       55
ABC RESULTS:   sky130_fd_sc_hd__and3_2 cells:       26
ABC RESULTS:   sky130_fd_sc_hd__clkinv_1 cells:      548
ABC RESULTS:   sky130_fd_sc_hd__lpflow_inputiso0p_1 cells:        1
ABC RESULTS:   sky130_fd_sc_hd__maj3_1 cells:        1
ABC RESULTS:   sky130_fd_sc_hd__nand2_1 cells:     2824
ABC RESULTS:   sky130_fd_sc_hd__nand3_1 cells:     1751
ABC RESULTS:   sky130_fd_sc_hd__nand3b_1 cells:       55
ABC RESULTS:   sky130_fd_sc_hd__nand4_1 cells:     1310
ABC RESULTS:   sky130_fd_sc_hd__nor2_1 cells:      303
ABC RESULTS:   sky130_fd_sc_hd__nor3_1 cells:       32
ABC RESULTS:   sky130_fd_sc_hd__nor3b_1 cells:        2
ABC RESULTS:   sky130_fd_sc_hd__nor4_1 cells:        5
ABC RESULTS:   sky130_fd_sc_hd__o2111a_1 cells:        8
ABC RESULTS:   sky130_fd_sc_hd__o2111ai_1 cells:       20
ABC RESULTS:   sky130_fd_sc_hd__o211a_1 cells:       34
ABC RESULTS:   sky130_fd_sc_hd__o211ai_1 cells:       94
ABC RESULTS:   sky130_fd_sc_hd__o21a_1 cells:       31
ABC RESULTS:   sky130_fd_sc_hd__o21ai_0 cells:      201
ABC RESULTS:   sky130_fd_sc_hd__o21bai_1 cells:       37
ABC RESULTS:   sky130_fd_sc_hd__o221ai_1 cells:        4
ABC RESULTS:   sky130_fd_sc_hd__o22a_2 cells:        3
ABC RESULTS:   sky130_fd_sc_hd__o22ai_1 cells:       59
ABC RESULTS:   sky130_fd_sc_hd__o2bb2ai_1 cells:      263
ABC RESULTS:   sky130_fd_sc_hd__o31a_2 cells:        1
ABC RESULTS:   sky130_fd_sc_hd__o31ai_1 cells:        3
ABC RESULTS:   sky130_fd_sc_hd__or2_2 cells:        6
ABC RESULTS:   sky130_fd_sc_hd__or3_2 cells:        1
ABC RESULTS:   sky130_fd_sc_hd__or4_2 cells:        1
ABC RESULTS:   sky130_fd_sc_hd__xnor2_1 cells:       20
ABC RESULTS:   sky130_fd_sc_hd__xnor3_4 cells:        1
ABC RESULTS:   sky130_fd_sc_hd__xor2_1 cells:       43
ABC RESULTS:   sky130_fd_sc_hd__xor3_4 cells:        1
ABC RESULTS:        internal signals:     5261
ABC RESULTS:           input signals:       96
ABC RESULTS:          output signals:       75
Removing temp directory.
Removing global temp directory.

11. Executing OPT_CLEAN pass (remove unused cells and wires).
Finding unused cells or wires in module \mul24_mac_arrival_dadda_koggestone_xormaj..
Removed 0 unused cells and 3036 unused wires.
<suppressed ~1 debug messages>
Renaming module \mul24_mac_arrival_dadda_koggestone_xormaj to \mul24_mac_arrival_dadda_koggestone_xormaj_classic.

12. Executing Verilog backend.
Dumping module `\mul24_mac_arrival_dadda_koggestone_xormaj_classic'.

End of script. Logfile hash: f6df290082, time: 8.80s, user: 1.03s, system: 0.06s, MEM: 78.06 MB peak
Yosys 0.68+post (git sha1 c12172fbae8af5e20f6fb52e3d4e92d56ed587b6, Release, AppleClang clang++ 21.0.0.21000101)
Time spent: 87% 1x abc (6 sec), 3% 4x opt_clean (0 sec), ...
