
-- Executing script file `results/discovery/mac_arrival_challenge_20260905/mul24_mac_arrival_fullnoha_brentkung_mux_classic.ys' --

1. Executing Verilog-2005 frontend: results/discovery/mac_arrival_challenge_20260905/cells.v
Parsing Verilog input from `results/discovery/mac_arrival_challenge_20260905/cells.v' to AST representation.
Generating RTLIL representation for module `\gen_and2'.
Generating RTLIL representation for module `\gen_or2'.
Generating RTLIL representation for module `\gen_mux2'.
Generating RTLIL representation for module `\gen_xor2'.
Generating RTLIL representation for module `\gen_xor3'.
Generating RTLIL representation for module `\gen_ha'.
Generating RTLIL representation for module `\gen_fa'.
Generating RTLIL representation for module `\gen_famux'.
Generating RTLIL representation for module `\gen_pg'.
Generating RTLIL representation for module `\gen_black'.
Generating RTLIL representation for module `\gen_gray'.
Successfully finished Verilog frontend.

2. Executing Verilog-2005 frontend: results/discovery/mac_arrival_challenge_20260905/rtl/mul24_mac_arrival_fullnoha_brentkung_mux.v
Parsing Verilog input from `results/discovery/mac_arrival_challenge_20260905/rtl/mul24_mac_arrival_fullnoha_brentkung_mux.v' to AST representation.
Generating RTLIL representation for module `\mul24_mac_arrival_fullnoha_brentkung_mux'.
Successfully finished Verilog frontend.

3. Executing ATTRMAP pass (move or copy attributes).
Removed attribute on gen_gray: keep_hierarchy=1
Removed attribute on gen_black: keep_hierarchy=1
Removed attribute on gen_pg: keep_hierarchy=1
Removed attribute on gen_famux: keep_hierarchy=1
Removed attribute on gen_fa: keep_hierarchy=1
Removed attribute on gen_ha: keep_hierarchy=1
Removed attribute on gen_xor3: keep_hierarchy=1
Removed attribute on gen_xor2: keep_hierarchy=1
Removed attribute on gen_mux2: keep_hierarchy=1
Removed attribute on gen_or2: keep_hierarchy=1
Removed attribute on gen_and2: keep_hierarchy=1

4. Executing HIERARCHY pass (managing design hierarchy).

4.1. Analyzing design hierarchy..
Top module:  \mul24_mac_arrival_fullnoha_brentkung_mux
Used module:     \gen_or2
Used module:     \gen_xor2
Used module:     \gen_and2
Used module:     \gen_gray
Used module:     \gen_black
Used module:     \gen_pg
Used module:     \gen_famux

4.2. Analyzing design hierarchy..
Top module:  \mul24_mac_arrival_fullnoha_brentkung_mux
Used module:     \gen_or2
Used module:     \gen_xor2
Used module:     \gen_and2
Used module:     \gen_gray
Used module:     \gen_black
Used module:     \gen_pg
Used module:     \gen_famux
Removing unused module `\gen_fa'.
Removing unused module `\gen_ha'.
Removing unused module `\gen_xor3'.
Removing unused module `\gen_mux2'.
Removed 4 unused modules.
Mapping positional arguments of cell mul24_mac_arrival_fullnoha_brentkung_mux.u1531 (gen_or2).
Mapping positional arguments of cell mul24_mac_arrival_fullnoha_brentkung_mux.u1530 (gen_or2).
Mapping positional arguments of cell mul24_mac_arrival_fullnoha_brentkung_mux.u1529 (gen_or2).
Mapping positional arguments of cell mul24_mac_arrival_fullnoha_brentkung_mux.u1528 (gen_or2).
Mapping positional arguments of cell mul24_mac_arrival_fullnoha_brentkung_mux.u1527 (gen_or2).
Mapping positional arguments of cell mul24_mac_arrival_fullnoha_brentkung_mux.u1526 (gen_or2).
Mapping positional arguments of cell mul24_mac_arrival_fullnoha_brentkung_mux.u1525 (gen_or2).
Mapping positional arguments of cell mul24_mac_arrival_fullnoha_brentkung_mux.u1524 (gen_or2).
Mapping positional arguments of cell mul24_mac_arrival_fullnoha_brentkung_mux.u1523 (gen_or2).
Mapping positional arguments of cell mul24_mac_arrival_fullnoha_brentkung_mux.u1522 (gen_or2).
Mapping positional arguments of cell mul24_mac_arrival_fullnoha_brentkung_mux.u1521 (gen_or2).
Mapping positional arguments of cell mul24_mac_arrival_fullnoha_brentkung_mux.u1520 (gen_or2).
Mapping positional arguments of cell mul24_mac_arrival_fullnoha_brentkung_mux.u1519 (gen_or2).
Mapping positional arguments of cell mul24_mac_arrival_fullnoha_brentkung_mux.u1518 (gen_or2).
Mapping positional arguments of cell mul24_mac_arrival_fullnoha_brentkung_mux.u1517 (gen_or2).
Mapping positional arguments of cell mul24_mac_arrival_fullnoha_brentkung_mux.u1516 (gen_or2).
Mapping positional arguments of cell mul24_mac_arrival_fullnoha_brentkung_mux.u1515 (gen_or2).
Mapping positional arguments of cell mul24_mac_arrival_fullnoha_brentkung_mux.u1514 (gen_or2).
Mapping positional arguments of cell mul24_mac_arrival_fullnoha_brentkung_mux.u1513 (gen_or2).
Mapping positional arguments of cell mul24_mac_arrival_fullnoha_brentkung_mux.u1512 (gen_or2).
Mapping positional arguments of cell mul24_mac_arrival_fullnoha_brentkung_mux.u1511 (gen_or2).
Mapping positional arguments of cell mul24_mac_arrival_fullnoha_brentkung_mux.u1510 (gen_or2).
Mapping positional arguments of cell mul24_mac_arrival_fullnoha_brentkung_mux.u1509 (gen_or2).
Mapping positional arguments of cell mul24_mac_arrival_fullnoha_brentkung_mux.u1508 (gen_or2).
Mapping positional arguments of cell mul24_mac_arrival_fullnoha_brentkung_mux.u1507 (gen_or2).
Mapping positional arguments of cell mul24_mac_arrival_fullnoha_brentkung_mux.u1506 (gen_or2).
Mapping positional arguments of cell mul24_mac_arrival_fullnoha_brentkung_mux.u1505 (gen_or2).
Mapping positional arguments of cell mul24_mac_arrival_fullnoha_brentkung_mux.u1504 (gen_or2).
Mapping positional arguments of cell mul24_mac_arrival_fullnoha_brentkung_mux.u1503 (gen_or2).
Mapping positional arguments of cell mul24_mac_arrival_fullnoha_brentkung_mux.u1502 (gen_or2).
Mapping positional arguments of cell mul24_mac_arrival_fullnoha_brentkung_mux.u1501 (gen_or2).
Mapping positional arguments of cell mul24_mac_arrival_fullnoha_brentkung_mux.u1500 (gen_or2).
Mapping positional arguments of cell mul24_mac_arrival_fullnoha_brentkung_mux.u1499 (gen_or2).
Mapping positional arguments of cell mul24_mac_arrival_fullnoha_brentkung_mux.u1498 (gen_or2).
Mapping positional arguments of cell mul24_mac_arrival_fullnoha_brentkung_mux.u1497 (gen_or2).
Mapping positional arguments of cell mul24_mac_arrival_fullnoha_brentkung_mux.u1496 (gen_or2).
Mapping positional arguments of cell mul24_mac_arrival_fullnoha_brentkung_mux.u1495 (gen_or2).
Mapping positional arguments of cell mul24_mac_arrival_fullnoha_brentkung_mux.u1494 (gen_or2).
Mapping positional arguments of cell mul24_mac_arrival_fullnoha_brentkung_mux.u1493 (gen_or2).
Mapping positional arguments of cell mul24_mac_arrival_fullnoha_brentkung_mux.u1492 (gen_or2).
Mapping positional arguments of cell mul24_mac_arrival_fullnoha_brentkung_mux.u1491 (gen_or2).
Mapping positional arguments of cell mul24_mac_arrival_fullnoha_brentkung_mux.u1490 (gen_or2).
Mapping positional arguments of cell mul24_mac_arrival_fullnoha_brentkung_mux.u1489 (gen_or2).
Mapping positional arguments of cell mul24_mac_arrival_fullnoha_brentkung_mux.u1488 (gen_or2).
Mapping positional arguments of cell mul24_mac_arrival_fullnoha_brentkung_mux.u1487 (gen_or2).
Mapping positional arguments of cell mul24_mac_arrival_fullnoha_brentkung_mux.u1486 (gen_or2).
Mapping positional arguments of cell mul24_mac_arrival_fullnoha_brentkung_mux.u1485 (gen_or2).
Mapping positional arguments of cell mul24_mac_arrival_fullnoha_brentkung_mux.u1484 (gen_or2).
Mapping positional arguments of cell mul24_mac_arrival_fullnoha_brentkung_mux.u1483 (gen_or2).
Mapping positional arguments of cell mul24_mac_arrival_fullnoha_brentkung_mux.u1482 (gen_xor2).
Mapping positional arguments of cell mul24_mac_arrival_fullnoha_brentkung_mux.u1481 (gen_xor2).
Mapping positional arguments of cell mul24_mac_arrival_fullnoha_brentkung_mux.u1480 (gen_xor2).
Mapping positional arguments of cell mul24_mac_arrival_fullnoha_brentkung_mux.u1479 (gen_xor2).
Mapping positional arguments of cell mul24_mac_arrival_fullnoha_brentkung_mux.u1478 (gen_xor2).
Mapping positional arguments of cell mul24_mac_arrival_fullnoha_brentkung_mux.u1477 (gen_xor2).
Mapping positional arguments of cell mul24_mac_arrival_fullnoha_brentkung_mux.u1476 (gen_xor2).
Mapping positional arguments of cell mul24_mac_arrival_fullnoha_brentkung_mux.u1475 (gen_xor2).
Mapping positional arguments of cell mul24_mac_arrival_fullnoha_brentkung_mux.u1474 (gen_xor2).
Mapping positional arguments of cell mul24_mac_arrival_fullnoha_brentkung_mux.u1473 (gen_xor2).
Mapping positional arguments of cell mul24_mac_arrival_fullnoha_brentkung_mux.u1472 (gen_xor2).
Mapping positional arguments of cell mul24_mac_arrival_fullnoha_brentkung_mux.u1471 (gen_xor2).
Mapping positional arguments of cell mul24_mac_arrival_fullnoha_brentkung_mux.u1470 (gen_xor2).
Mapping positional arguments of cell mul24_mac_arrival_fullnoha_brentkung_mux.u1469 (gen_xor2).
Mapping positional arguments of cell mul24_mac_arrival_fullnoha_brentkung_mux.u1468 (gen_xor2).
Mapping positional arguments of cell mul24_mac_arrival_fullnoha_brentkung_mux.u1467 (gen_xor2).
Mapping positional arguments of cell mul24_mac_arrival_fullnoha_brentkung_mux.u1466 (gen_xor2).
Mapping positional arguments of cell mul24_mac_arrival_fullnoha_brentkung_mux.u1465 (gen_xor2).
Mapping positional arguments of cell mul24_mac_arrival_fullnoha_brentkung_mux.u1464 (gen_xor2).
Mapping positional arguments of cell mul24_mac_arrival_fullnoha_brentkung_mux.u1463 (gen_xor2).
Mapping positional arguments of cell mul24_mac_arrival_fullnoha_brentkung_mux.u1462 (gen_xor2).
Mapping positional arguments of cell mul24_mac_arrival_fullnoha_brentkung_mux.u1461 (gen_xor2).
Mapping positional arguments of cell mul24_mac_arrival_fullnoha_brentkung_mux.u1460 (gen_xor2).
Mapping positional arguments of cell mul24_mac_arrival_fullnoha_brentkung_mux.u1459 (gen_xor2).
Mapping positional arguments of cell mul24_mac_arrival_fullnoha_brentkung_mux.u1458 (gen_xor2).
Mapping positional arguments of cell mul24_mac_arrival_fullnoha_brentkung_mux.u1457 (gen_xor2).
Mapping positional arguments of cell mul24_mac_arrival_fullnoha_brentkung_mux.u1456 (gen_xor2).
Mapping positional arguments of cell mul24_mac_arrival_fullnoha_brentkung_mux.u1455 (gen_xor2).
Mapping positional arguments of cell mul24_mac_arrival_fullnoha_brentkung_mux.u1454 (gen_xor2).
Mapping positional arguments of cell mul24_mac_arrival_fullnoha_brentkung_mux.u1453 (gen_xor2).
Mapping positional arguments of cell mul24_mac_arrival_fullnoha_brentkung_mux.u1452 (gen_xor2).
Mapping positional arguments of cell mul24_mac_arrival_fullnoha_brentkung_mux.u1451 (gen_xor2).
Mapping positional arguments of cell mul24_mac_arrival_fullnoha_brentkung_mux.u1450 (gen_xor2).
Mapping positional arguments of cell mul24_mac_arrival_fullnoha_brentkung_mux.u1449 (gen_xor2).
Mapping positional arguments of cell mul24_mac_arrival_fullnoha_brentkung_mux.u1448 (gen_xor2).
Mapping positional arguments of cell mul24_mac_arrival_fullnoha_brentkung_mux.u1447 (gen_xor2).
Mapping positional arguments of cell mul24_mac_arrival_fullnoha_brentkung_mux.u1446 (gen_xor2).
Mapping positional arguments of cell mul24_mac_arrival_fullnoha_brentkung_mux.u1445 (gen_and2).
Mapping positional arguments of cell mul24_mac_arrival_fullnoha_brentkung_mux.u1444 (gen_and2).
Mapping positional arguments of cell mul24_mac_arrival_fullnoha_brentkung_mux.u1443 (gen_and2).
Mapping positional arguments of cell mul24_mac_arrival_fullnoha_brentkung_mux.u1442 (gen_and2).
Mapping positional arguments of cell mul24_mac_arrival_fullnoha_brentkung_mux.u1441 (gen_and2).
Mapping positional arguments of cell mul24_mac_arrival_fullnoha_brentkung_mux.u1440 (gen_and2).
Mapping positional arguments of cell mul24_mac_arrival_fullnoha_brentkung_mux.u1439 (gen_and2).
Mapping positional arguments of cell mul24_mac_arrival_fullnoha_brentkung_mux.u1438 (gen_and2).
Mapping positional arguments of cell mul24_mac_arrival_fullnoha_brentkung_mux.u1437 (gen_and2).
Mapping positional arguments of cell mul24_mac_arrival_fullnoha_brentkung_mux.u1436 (gen_and2).
Mapping positional arguments of cell mul24_mac_arrival_fullnoha_brentkung_mux.u1435 (gen_and2).
Mapping positional arguments of cell mul24_mac_arrival_fullnoha_brentkung_mux.u1434 (gen_and2).
Mapping positional arguments of cell mul24_mac_arrival_fullnoha_brentkung_mux.u1433 (gen_and2).
Mapping positional arguments of cell mul24_mac_arrival_fullnoha_brentkung_mux.u1432 (gen_and2).
Mapping positional arguments of cell mul24_mac_arrival_fullnoha_brentkung_mux.u1431 (gen_and2).
Mapping positional arguments of cell mul24_mac_arrival_fullnoha_brentkung_mux.u1430 (gen_and2).
Mapping positional arguments of cell mul24_mac_arrival_fullnoha_brentkung_mux.u1429 (gen_and2).
Mapping positional arguments of cell mul24_mac_arrival_fullnoha_brentkung_mux.u1428 (gen_and2).
Mapping positional arguments of cell mul24_mac_arrival_fullnoha_brentkung_mux.u1427 (gen_and2).
Mapping positional arguments of cell mul24_mac_arrival_fullnoha_brentkung_mux.u1426 (gen_and2).
Mapping positional arguments of cell mul24_mac_arrival_fullnoha_brentkung_mux.u1425 (gen_and2).
Mapping positional arguments of cell mul24_mac_arrival_fullnoha_brentkung_mux.u1424 (gen_and2).
Mapping positional arguments of cell mul24_mac_arrival_fullnoha_brentkung_mux.u1423 (gen_and2).
Mapping positional arguments of cell mul24_mac_arrival_fullnoha_brentkung_mux.u1422 (gen_and2).
Mapping positional arguments of cell mul24_mac_arrival_fullnoha_brentkung_mux.u1421 (gen_and2).
Mapping positional arguments of cell mul24_mac_arrival_fullnoha_brentkung_mux.u1420 (gen_and2).
Mapping positional arguments of cell mul24_mac_arrival_fullnoha_brentkung_mux.u1419 (gen_and2).
Mapping positional arguments of cell mul24_mac_arrival_fullnoha_brentkung_mux.u1418 (gen_and2).
Mapping positional arguments of cell mul24_mac_arrival_fullnoha_brentkung_mux.u1417 (gen_and2).
Mapping positional arguments of cell mul24_mac_arrival_fullnoha_brentkung_mux.u1416 (gen_and2).
Mapping positional arguments of cell mul24_mac_arrival_fullnoha_brentkung_mux.u1415 (gen_and2).
Mapping positional arguments of cell mul24_mac_arrival_fullnoha_brentkung_mux.u1414 (gen_and2).
Mapping positional arguments of cell mul24_mac_arrival_fullnoha_brentkung_mux.u1413 (gen_and2).
Mapping positional arguments of cell mul24_mac_arrival_fullnoha_brentkung_mux.u1412 (gen_and2).
Mapping positional arguments of cell mul24_mac_arrival_fullnoha_brentkung_mux.u1411 (gen_and2).
Mapping positional arguments of cell mul24_mac_arrival_fullnoha_brentkung_mux.u1410 (gen_and2).
Mapping positional arguments of cell mul24_mac_arrival_fullnoha_brentkung_mux.u1409 (gen_and2).
Mapping positional arguments of cell mul24_mac_arrival_fullnoha_brentkung_mux.u1408 (gen_and2).
Mapping positional arguments of cell mul24_mac_arrival_fullnoha_brentkung_mux.u1407 (gen_and2).
Mapping positional arguments of cell mul24_mac_arrival_fullnoha_brentkung_mux.u1406 (gen_and2).
Mapping positional arguments of cell mul24_mac_arrival_fullnoha_brentkung_mux.u1405 (gen_and2).
Mapping positional arguments of cell mul24_mac_arrival_fullnoha_brentkung_mux.u1404 (gen_and2).
Mapping positional arguments of cell mul24_mac_arrival_fullnoha_brentkung_mux.u1403 (gen_and2).
Mapping positional arguments of cell mul24_mac_arrival_fullnoha_brentkung_mux.u1402 (gen_and2).
Mapping positional arguments of cell mul24_mac_arrival_fullnoha_brentkung_mux.u1401 (gen_and2).
Mapping positional arguments of cell mul24_mac_arrival_fullnoha_brentkung_mux.u1400 (gen_and2).
Mapping positional arguments of cell mul24_mac_arrival_fullnoha_brentkung_mux.u1399 (gen_and2).
Mapping positional arguments of cell mul24_mac_arrival_fullnoha_brentkung_mux.u1398 (gen_and2).
Mapping positional arguments of cell mul24_mac_arrival_fullnoha_brentkung_mux.u1397 (gen_and2).
Mapping positional arguments of cell mul24_mac_arrival_fullnoha_brentkung_mux.u1396 (gen_and2).
Mapping positional arguments of cell mul24_mac_arrival_fullnoha_brentkung_mux.u1395 (gen_and2).
Mapping positional arguments of cell mul24_mac_arrival_fullnoha_brentkung_mux.u1394 (gen_and2).
Mapping positional arguments of cell mul24_mac_arrival_fullnoha_brentkung_mux.u1393 (gen_and2).
Mapping positional arguments of cell mul24_mac_arrival_fullnoha_brentkung_mux.u1392 (gen_and2).
Mapping positional arguments of cell mul24_mac_arrival_fullnoha_brentkung_mux.u1391 (gen_and2).
Mapping positional arguments of cell mul24_mac_arrival_fullnoha_brentkung_mux.u1390 (gen_and2).
Mapping positional arguments of cell mul24_mac_arrival_fullnoha_brentkung_mux.u1389 (gen_and2).
Mapping positional arguments of cell mul24_mac_arrival_fullnoha_brentkung_mux.u1388 (gen_and2).
Mapping positional arguments of cell mul24_mac_arrival_fullnoha_brentkung_mux.u1387 (gen_and2).
Mapping positional arguments of cell mul24_mac_arrival_fullnoha_brentkung_mux.u1386 (gen_and2).
Mapping positional arguments of cell mul24_mac_arrival_fullnoha_brentkung_mux.u1385 (gen_and2).
Mapping positional arguments of cell mul24_mac_arrival_fullnoha_brentkung_mux.u1384 (gen_and2).
Mapping positional arguments of cell mul24_mac_arrival_fullnoha_brentkung_mux.u1383 (gen_and2).
Mapping positional arguments of cell mul24_mac_arrival_fullnoha_brentkung_mux.u1382 (gen_and2).
Mapping positional arguments of cell mul24_mac_arrival_fullnoha_brentkung_mux.u1381 (gen_and2).
Mapping positional arguments of cell mul24_mac_arrival_fullnoha_brentkung_mux.u1380 (gen_and2).
Mapping positional arguments of cell mul24_mac_arrival_fullnoha_brentkung_mux.u1379 (gen_and2).
Mapping positional arguments of cell mul24_mac_arrival_fullnoha_brentkung_mux.u1378 (gen_and2).
Mapping positional arguments of cell mul24_mac_arrival_fullnoha_brentkung_mux.u1377 (gen_and2).
Mapping positional arguments of cell mul24_mac_arrival_fullnoha_brentkung_mux.u1376 (gen_and2).
Mapping positional arguments of cell mul24_mac_arrival_fullnoha_brentkung_mux.u1375 (gen_and2).
Mapping positional arguments of cell mul24_mac_arrival_fullnoha_brentkung_mux.u1374 (gen_and2).
Mapping positional arguments of cell mul24_mac_arrival_fullnoha_brentkung_mux.u1373 (gen_and2).
Mapping positional arguments of cell mul24_mac_arrival_fullnoha_brentkung_mux.u1372 (gen_and2).
Mapping positional arguments of cell mul24_mac_arrival_fullnoha_brentkung_mux.u1371 (gen_and2).
Mapping positional arguments of cell mul24_mac_arrival_fullnoha_brentkung_mux.u1370 (gen_and2).
Mapping positional arguments of cell mul24_mac_arrival_fullnoha_brentkung_mux.u1369 (gen_and2).
Mapping positional arguments of cell mul24_mac_arrival_fullnoha_brentkung_mux.u1368 (gen_and2).
Mapping positional arguments of cell mul24_mac_arrival_fullnoha_brentkung_mux.u1367 (gen_and2).
Mapping positional arguments of cell mul24_mac_arrival_fullnoha_brentkung_mux.u1366 (gen_and2).
Mapping positional arguments of cell mul24_mac_arrival_fullnoha_brentkung_mux.u1365 (gen_and2).
Mapping positional arguments of cell mul24_mac_arrival_fullnoha_brentkung_mux.u1364 (gen_and2).
Mapping positional arguments of cell mul24_mac_arrival_fullnoha_brentkung_mux.u1363 (gen_and2).
Mapping positional arguments of cell mul24_mac_arrival_fullnoha_brentkung_mux.u1362 (gen_and2).
Mapping positional arguments of cell mul24_mac_arrival_fullnoha_brentkung_mux.u1361 (gen_and2).
Mapping positional arguments of cell mul24_mac_arrival_fullnoha_brentkung_mux.u1360 (gen_and2).
Mapping positional arguments of cell mul24_mac_arrival_fullnoha_brentkung_mux.u1359 (gen_and2).
Mapping positional arguments of cell mul24_mac_arrival_fullnoha_brentkung_mux.u1358 (gen_and2).
Mapping positional arguments of cell mul24_mac_arrival_fullnoha_brentkung_mux.u1357 (gen_and2).
Mapping positional arguments of cell mul24_mac_arrival_fullnoha_brentkung_mux.u1356 (gen_and2).
Mapping positional arguments of cell mul24_mac_arrival_fullnoha_brentkung_mux.u1355 (gen_and2).
Mapping positional arguments of cell mul24_mac_arrival_fullnoha_brentkung_mux.u1354 (gen_and2).
Mapping positional arguments of cell mul24_mac_arrival_fullnoha_brentkung_mux.u1353 (gen_and2).
Mapping positional arguments of cell mul24_mac_arrival_fullnoha_brentkung_mux.u1352 (gen_and2).
Mapping positional arguments of cell mul24_mac_arrival_fullnoha_brentkung_mux.u1351 (gen_and2).
Mapping positional arguments of cell mul24_mac_arrival_fullnoha_brentkung_mux.u1350 (gen_and2).
Mapping positional arguments of cell mul24_mac_arrival_fullnoha_brentkung_mux.u1349 (gen_and2).
Mapping positional arguments of cell mul24_mac_arrival_fullnoha_brentkung_mux.u1348 (gen_and2).
Mapping positional arguments of cell mul24_mac_arrival_fullnoha_brentkung_mux.u1347 (gen_and2).
Mapping positional arguments of cell mul24_mac_arrival_fullnoha_brentkung_mux.u1346 (gen_and2).
Mapping positional arguments of cell mul24_mac_arrival_fullnoha_brentkung_mux.u1345 (gen_and2).
Mapping positional arguments of cell mul24_mac_arrival_fullnoha_brentkung_mux.u1344 (gen_and2).
Mapping positional arguments of cell mul24_mac_arrival_fullnoha_brentkung_mux.u1343 (gen_and2).
Mapping positional arguments of cell mul24_mac_arrival_fullnoha_brentkung_mux.u1342 (gen_and2).
Mapping positional arguments of cell mul24_mac_arrival_fullnoha_brentkung_mux.u1341 (gen_and2).
Mapping positional arguments of cell mul24_mac_arrival_fullnoha_brentkung_mux.u1340 (gen_and2).
Mapping positional arguments of cell mul24_mac_arrival_fullnoha_brentkung_mux.u1339 (gen_and2).
Mapping positional arguments of cell mul24_mac_arrival_fullnoha_brentkung_mux.u1338 (gen_and2).
Mapping positional arguments of cell mul24_mac_arrival_fullnoha_brentkung_mux.u1337 (gen_and2).
Mapping positional arguments of cell mul24_mac_arrival_fullnoha_brentkung_mux.u1336 (gen_and2).
Mapping positional arguments of cell mul24_mac_arrival_fullnoha_brentkung_mux.u1335 (gen_and2).
Mapping positional arguments of cell mul24_mac_arrival_fullnoha_brentkung_mux.u1334 (gen_and2).
Mapping positional arguments of cell mul24_mac_arrival_fullnoha_brentkung_mux.u1333 (gen_and2).
Mapping positional arguments of cell mul24_mac_arrival_fullnoha_brentkung_mux.u1332 (gen_and2).
Mapping positional arguments of cell mul24_mac_arrival_fullnoha_brentkung_mux.u1331 (gen_and2).
Mapping positional arguments of cell mul24_mac_arrival_fullnoha_brentkung_mux.u1330 (gen_and2).
Mapping positional arguments of cell mul24_mac_arrival_fullnoha_brentkung_mux.u1329 (gen_and2).
Mapping positional arguments of cell mul24_mac_arrival_fullnoha_brentkung_mux.u1328 (gen_and2).
Mapping positional arguments of cell mul24_mac_arrival_fullnoha_brentkung_mux.u1327 (gen_and2).
Mapping positional arguments of cell mul24_mac_arrival_fullnoha_brentkung_mux.u1326 (gen_and2).
Mapping positional arguments of cell mul24_mac_arrival_fullnoha_brentkung_mux.u1325 (gen_and2).
Mapping positional arguments of cell mul24_mac_arrival_fullnoha_brentkung_mux.u1324 (gen_and2).
Mapping positional arguments of cell mul24_mac_arrival_fullnoha_brentkung_mux.u1323 (gen_and2).
Mapping positional arguments of cell mul24_mac_arrival_fullnoha_brentkung_mux.u1322 (gen_and2).
Mapping positional arguments of cell mul24_mac_arrival_fullnoha_brentkung_mux.u1321 (gen_and2).
Mapping positional arguments of cell mul24_mac_arrival_fullnoha_brentkung_mux.u1320 (gen_and2).
Mapping positional arguments of cell mul24_mac_arrival_fullnoha_brentkung_mux.u1319 (gen_and2).
Mapping positional arguments of cell mul24_mac_arrival_fullnoha_brentkung_mux.u1318 (gen_and2).
Mapping positional arguments of cell mul24_mac_arrival_fullnoha_brentkung_mux.u1317 (gen_and2).
Mapping positional arguments of cell mul24_mac_arrival_fullnoha_brentkung_mux.u1316 (gen_and2).
Mapping positional arguments of cell mul24_mac_arrival_fullnoha_brentkung_mux.u1315 (gen_and2).
Mapping positional arguments of cell mul24_mac_arrival_fullnoha_brentkung_mux.u1314 (gen_and2).
Mapping positional arguments of cell mul24_mac_arrival_fullnoha_brentkung_mux.u1313 (gen_and2).
Mapping positional arguments of cell mul24_mac_arrival_fullnoha_brentkung_mux.u1312 (gen_and2).
Mapping positional arguments of cell mul24_mac_arrival_fullnoha_brentkung_mux.u1311 (gen_and2).
Mapping positional arguments of cell mul24_mac_arrival_fullnoha_brentkung_mux.u1310 (gen_and2).
Mapping positional arguments of cell mul24_mac_arrival_fullnoha_brentkung_mux.u1309 (gen_and2).
Mapping positional arguments of cell mul24_mac_arrival_fullnoha_brentkung_mux.u1308 (gen_and2).
Mapping positional arguments of cell mul24_mac_arrival_fullnoha_brentkung_mux.u1307 (gen_and2).
Mapping positional arguments of cell mul24_mac_arrival_fullnoha_brentkung_mux.u1306 (gen_and2).
Mapping positional arguments of cell mul24_mac_arrival_fullnoha_brentkung_mux.u1305 (gen_and2).
Mapping positional arguments of cell mul24_mac_arrival_fullnoha_brentkung_mux.u1304 (gen_and2).
Mapping positional arguments of cell mul24_mac_arrival_fullnoha_brentkung_mux.u1303 (gen_and2).
Mapping positional arguments of cell mul24_mac_arrival_fullnoha_brentkung_mux.u1302 (gen_and2).
Mapping positional arguments of cell mul24_mac_arrival_fullnoha_brentkung_mux.u1301 (gen_and2).
Mapping positional arguments of cell mul24_mac_arrival_fullnoha_brentkung_mux.u1300 (gen_and2).
Mapping positional arguments of cell mul24_mac_arrival_fullnoha_brentkung_mux.u1299 (gen_and2).
Mapping positional arguments of cell mul24_mac_arrival_fullnoha_brentkung_mux.u1298 (gen_and2).
Mapping positional arguments of cell mul24_mac_arrival_fullnoha_brentkung_mux.u1297 (gen_and2).
Mapping positional arguments of cell mul24_mac_arrival_fullnoha_brentkung_mux.u1296 (gen_and2).
Mapping positional arguments of cell mul24_mac_arrival_fullnoha_brentkung_mux.u1295 (gen_and2).
Mapping positional arguments of cell mul24_mac_arrival_fullnoha_brentkung_mux.u1294 (gen_and2).
Mapping positional arguments of cell mul24_mac_arrival_fullnoha_brentkung_mux.u1293 (gen_and2).
Mapping positional arguments of cell mul24_mac_arrival_fullnoha_brentkung_mux.u1292 (gen_and2).
Mapping positional arguments of cell mul24_mac_arrival_fullnoha_brentkung_mux.u1291 (gen_and2).
Mapping positional arguments of cell mul24_mac_arrival_fullnoha_brentkung_mux.u1290 (gen_and2).
Mapping positional arguments of cell mul24_mac_arrival_fullnoha_brentkung_mux.u1289 (gen_and2).
Mapping positional arguments of cell mul24_mac_arrival_fullnoha_brentkung_mux.u1288 (gen_and2).
Mapping positional arguments of cell mul24_mac_arrival_fullnoha_brentkung_mux.u1287 (gen_and2).
Mapping positional arguments of cell mul24_mac_arrival_fullnoha_brentkung_mux.u1286 (gen_xor2).
Mapping positional arguments of cell mul24_mac_arrival_fullnoha_brentkung_mux.u1285 (gen_xor2).
Mapping positional arguments of cell mul24_mac_arrival_fullnoha_brentkung_mux.u1284 (gen_xor2).
Mapping positional arguments of cell mul24_mac_arrival_fullnoha_brentkung_mux.u1283 (gen_xor2).
Mapping positional arguments of cell mul24_mac_arrival_fullnoha_brentkung_mux.u1282 (gen_xor2).
Mapping positional arguments of cell mul24_mac_arrival_fullnoha_brentkung_mux.u1281 (gen_xor2).
Mapping positional arguments of cell mul24_mac_arrival_fullnoha_brentkung_mux.u1280 (gen_xor2).
Mapping positional arguments of cell mul24_mac_arrival_fullnoha_brentkung_mux.u1279 (gen_xor2).
Mapping positional arguments of cell mul24_mac_arrival_fullnoha_brentkung_mux.u1278 (gen_xor2).
Mapping positional arguments of cell mul24_mac_arrival_fullnoha_brentkung_mux.u1277 (gen_xor2).
Mapping positional arguments of cell mul24_mac_arrival_fullnoha_brentkung_mux.u1276 (gen_xor2).
Mapping positional arguments of cell mul24_mac_arrival_fullnoha_brentkung_mux.u1275 (gen_xor2).
Mapping positional arguments of cell mul24_mac_arrival_fullnoha_brentkung_mux.u1274 (gen_xor2).
Mapping positional arguments of cell mul24_mac_arrival_fullnoha_brentkung_mux.u1273 (gen_xor2).
Mapping positional arguments of cell mul24_mac_arrival_fullnoha_brentkung_mux.u1272 (gen_xor2).
Mapping positional arguments of cell mul24_mac_arrival_fullnoha_brentkung_mux.u1271 (gen_xor2).
Mapping positional arguments of cell mul24_mac_arrival_fullnoha_brentkung_mux.u1270 (gen_xor2).
Mapping positional arguments of cell mul24_mac_arrival_fullnoha_brentkung_mux.u1269 (gen_xor2).
Mapping positional arguments of cell mul24_mac_arrival_fullnoha_brentkung_mux.u1268 (gen_xor2).
Mapping positional arguments of cell mul24_mac_arrival_fullnoha_brentkung_mux.u1267 (gen_xor2).
Mapping positional arguments of cell mul24_mac_arrival_fullnoha_brentkung_mux.u1266 (gen_xor2).
Mapping positional arguments of cell mul24_mac_arrival_fullnoha_brentkung_mux.u1265 (gen_xor2).
Mapping positional arguments of cell mul24_mac_arrival_fullnoha_brentkung_mux.u1264 (gen_xor2).
Mapping positional arguments of cell mul24_mac_arrival_fullnoha_brentkung_mux.u1263 (gen_xor2).
Mapping positional arguments of cell mul24_mac_arrival_fullnoha_brentkung_mux.u1262 (gen_xor2).
Mapping positional arguments of cell mul24_mac_arrival_fullnoha_brentkung_mux.u1261 (gen_xor2).
Mapping positional arguments of cell mul24_mac_arrival_fullnoha_brentkung_mux.u1260 (gen_xor2).
Mapping positional arguments of cell mul24_mac_arrival_fullnoha_brentkung_mux.u1259 (gen_xor2).
Mapping positional arguments of cell mul24_mac_arrival_fullnoha_brentkung_mux.u1258 (gen_xor2).
Mapping positional arguments of cell mul24_mac_arrival_fullnoha_brentkung_mux.u1257 (gen_xor2).
Mapping positional arguments of cell mul24_mac_arrival_fullnoha_brentkung_mux.u1256 (gen_xor2).
Mapping positional arguments of cell mul24_mac_arrival_fullnoha_brentkung_mux.u1255 (gen_xor2).
Mapping positional arguments of cell mul24_mac_arrival_fullnoha_brentkung_mux.u1254 (gen_xor2).
Mapping positional arguments of cell mul24_mac_arrival_fullnoha_brentkung_mux.u1253 (gen_xor2).
Mapping positional arguments of cell mul24_mac_arrival_fullnoha_brentkung_mux.u1252 (gen_xor2).
Mapping positional arguments of cell mul24_mac_arrival_fullnoha_brentkung_mux.u1251 (gen_xor2).
Mapping positional arguments of cell mul24_mac_arrival_fullnoha_brentkung_mux.u1250 (gen_xor2).
Mapping positional arguments of cell mul24_mac_arrival_fullnoha_brentkung_mux.u1249 (gen_xor2).
Mapping positional arguments of cell mul24_mac_arrival_fullnoha_brentkung_mux.u1248 (gen_xor2).
Mapping positional arguments of cell mul24_mac_arrival_fullnoha_brentkung_mux.u1247 (gen_xor2).
Mapping positional arguments of cell mul24_mac_arrival_fullnoha_brentkung_mux.u1246 (gen_xor2).
Mapping positional arguments of cell mul24_mac_arrival_fullnoha_brentkung_mux.u1245 (gen_xor2).
Mapping positional arguments of cell mul24_mac_arrival_fullnoha_brentkung_mux.u1244 (gen_xor2).
Mapping positional arguments of cell mul24_mac_arrival_fullnoha_brentkung_mux.u1243 (gen_xor2).
Mapping positional arguments of cell mul24_mac_arrival_fullnoha_brentkung_mux.u1242 (gen_xor2).
Mapping positional arguments of cell mul24_mac_arrival_fullnoha_brentkung_mux.u1241 (gen_xor2).
Mapping positional arguments of cell mul24_mac_arrival_fullnoha_brentkung_mux.u1240 (gen_xor2).
Mapping positional arguments of cell mul24_mac_arrival_fullnoha_brentkung_mux.u1239 (gen_gray).
Mapping positional arguments of cell mul24_mac_arrival_fullnoha_brentkung_mux.u1238 (gen_gray).
Mapping positional arguments of cell mul24_mac_arrival_fullnoha_brentkung_mux.u1237 (gen_gray).
Mapping positional arguments of cell mul24_mac_arrival_fullnoha_brentkung_mux.u1236 (gen_gray).
Mapping positional arguments of cell mul24_mac_arrival_fullnoha_brentkung_mux.u1235 (gen_gray).
Mapping positional arguments of cell mul24_mac_arrival_fullnoha_brentkung_mux.u1234 (gen_gray).
Mapping positional arguments of cell mul24_mac_arrival_fullnoha_brentkung_mux.u1233 (gen_gray).
Mapping positional arguments of cell mul24_mac_arrival_fullnoha_brentkung_mux.u1232 (gen_gray).
Mapping positional arguments of cell mul24_mac_arrival_fullnoha_brentkung_mux.u1231 (gen_gray).
Mapping positional arguments of cell mul24_mac_arrival_fullnoha_brentkung_mux.u1230 (gen_gray).
Mapping positional arguments of cell mul24_mac_arrival_fullnoha_brentkung_mux.u1229 (gen_gray).
Mapping positional arguments of cell mul24_mac_arrival_fullnoha_brentkung_mux.u1228 (gen_and2).
Mapping positional arguments of cell mul24_mac_arrival_fullnoha_brentkung_mux.u1227 (gen_and2).
Mapping positional arguments of cell mul24_mac_arrival_fullnoha_brentkung_mux.u1226 (gen_and2).
Mapping positional arguments of cell mul24_mac_arrival_fullnoha_brentkung_mux.u1225 (gen_and2).
Mapping positional arguments of cell mul24_mac_arrival_fullnoha_brentkung_mux.u1224 (gen_and2).
Mapping positional arguments of cell mul24_mac_arrival_fullnoha_brentkung_mux.u1223 (gen_and2).
Mapping positional arguments of cell mul24_mac_arrival_fullnoha_brentkung_mux.u1222 (gen_and2).
Mapping positional arguments of cell mul24_mac_arrival_fullnoha_brentkung_mux.u1221 (gen_and2).
Mapping positional arguments of cell mul24_mac_arrival_fullnoha_brentkung_mux.u1220 (gen_and2).
Mapping positional arguments of cell mul24_mac_arrival_fullnoha_brentkung_mux.u1219 (gen_and2).
Mapping positional arguments of cell mul24_mac_arrival_fullnoha_brentkung_mux.u1218 (gen_and2).
Mapping positional arguments of cell mul24_mac_arrival_fullnoha_brentkung_mux.u1217 (gen_and2).
Mapping positional arguments of cell mul24_mac_arrival_fullnoha_brentkung_mux.u1216 (gen_gray).
Mapping positional arguments of cell mul24_mac_arrival_fullnoha_brentkung_mux.u1215 (gen_gray).
Mapping positional arguments of cell mul24_mac_arrival_fullnoha_brentkung_mux.u1214 (gen_gray).
Mapping positional arguments of cell mul24_mac_arrival_fullnoha_brentkung_mux.u1213 (gen_gray).
Mapping positional arguments of cell mul24_mac_arrival_fullnoha_brentkung_mux.u1212 (gen_gray).
Mapping positional arguments of cell mul24_mac_arrival_fullnoha_brentkung_mux.u1211 (gen_gray).
Mapping positional arguments of cell mul24_mac_arrival_fullnoha_brentkung_mux.u1210 (gen_and2).
Mapping positional arguments of cell mul24_mac_arrival_fullnoha_brentkung_mux.u1209 (gen_and2).
Mapping positional arguments of cell mul24_mac_arrival_fullnoha_brentkung_mux.u1208 (gen_and2).
Mapping positional arguments of cell mul24_mac_arrival_fullnoha_brentkung_mux.u1207 (gen_and2).
Mapping positional arguments of cell mul24_mac_arrival_fullnoha_brentkung_mux.u1206 (gen_and2).
Mapping positional arguments of cell mul24_mac_arrival_fullnoha_brentkung_mux.u1205 (gen_gray).
Mapping positional arguments of cell mul24_mac_arrival_fullnoha_brentkung_mux.u1204 (gen_gray).
Mapping positional arguments of cell mul24_mac_arrival_fullnoha_brentkung_mux.u1203 (gen_gray).
Mapping positional arguments of cell mul24_mac_arrival_fullnoha_brentkung_mux.u1202 (gen_and2).
Mapping positional arguments of cell mul24_mac_arrival_fullnoha_brentkung_mux.u1201 (gen_and2).
Mapping positional arguments of cell mul24_mac_arrival_fullnoha_brentkung_mux.u1200 (gen_gray).
Mapping positional arguments of cell mul24_mac_arrival_fullnoha_brentkung_mux.u1199 (gen_and2).
Mapping positional arguments of cell mul24_mac_arrival_fullnoha_brentkung_mux.u1198 (gen_gray).
Mapping positional arguments of cell mul24_mac_arrival_fullnoha_brentkung_mux.u1197 (gen_gray).
Mapping positional arguments of cell mul24_mac_arrival_fullnoha_brentkung_mux.u1196 (gen_black).
Mapping positional arguments of cell mul24_mac_arrival_fullnoha_brentkung_mux.u1195 (gen_and2).
Mapping positional arguments of cell mul24_mac_arrival_fullnoha_brentkung_mux.u1194 (gen_and2).
Mapping positional arguments of cell mul24_mac_arrival_fullnoha_brentkung_mux.u1193 (gen_black).
Mapping positional arguments of cell mul24_mac_arrival_fullnoha_brentkung_mux.u1192 (gen_black).
Mapping positional arguments of cell mul24_mac_arrival_fullnoha_brentkung_mux.u1191 (gen_black).
Mapping positional arguments of cell mul24_mac_arrival_fullnoha_brentkung_mux.u1190 (gen_and2).
Mapping positional arguments of cell mul24_mac_arrival_fullnoha_brentkung_mux.u1189 (gen_and2).
Mapping positional arguments of cell mul24_mac_arrival_fullnoha_brentkung_mux.u1188 (gen_and2).
Mapping positional arguments of cell mul24_mac_arrival_fullnoha_brentkung_mux.u1187 (gen_black).
Mapping positional arguments of cell mul24_mac_arrival_fullnoha_brentkung_mux.u1186 (gen_black).
Mapping positional arguments of cell mul24_mac_arrival_fullnoha_brentkung_mux.u1185 (gen_black).
Mapping positional arguments of cell mul24_mac_arrival_fullnoha_brentkung_mux.u1184 (gen_black).
Mapping positional arguments of cell mul24_mac_arrival_fullnoha_brentkung_mux.u1183 (gen_black).
Mapping positional arguments of cell mul24_mac_arrival_fullnoha_brentkung_mux.u1182 (gen_black).
Mapping positional arguments of cell mul24_mac_arrival_fullnoha_brentkung_mux.u1181 (gen_and2).
Mapping positional arguments of cell mul24_mac_arrival_fullnoha_brentkung_mux.u1180 (gen_and2).
Mapping positional arguments of cell mul24_mac_arrival_fullnoha_brentkung_mux.u1179 (gen_and2).
Mapping positional arguments of cell mul24_mac_arrival_fullnoha_brentkung_mux.u1178 (gen_and2).
Mapping positional arguments of cell mul24_mac_arrival_fullnoha_brentkung_mux.u1177 (gen_and2).
Mapping positional arguments of cell mul24_mac_arrival_fullnoha_brentkung_mux.u1176 (gen_and2).
Mapping positional arguments of cell mul24_mac_arrival_fullnoha_brentkung_mux.u1175 (gen_black).
Mapping positional arguments of cell mul24_mac_arrival_fullnoha_brentkung_mux.u1174 (gen_black).
Mapping positional arguments of cell mul24_mac_arrival_fullnoha_brentkung_mux.u1173 (gen_black).
Mapping positional arguments of cell mul24_mac_arrival_fullnoha_brentkung_mux.u1172 (gen_black).
Mapping positional arguments of cell mul24_mac_arrival_fullnoha_brentkung_mux.u1171 (gen_black).
Mapping positional arguments of cell mul24_mac_arrival_fullnoha_brentkung_mux.u1170 (gen_black).
Mapping positional arguments of cell mul24_mac_arrival_fullnoha_brentkung_mux.u1169 (gen_black).
Mapping positional arguments of cell mul24_mac_arrival_fullnoha_brentkung_mux.u1168 (gen_black).
Mapping positional arguments of cell mul24_mac_arrival_fullnoha_brentkung_mux.u1167 (gen_black).
Mapping positional arguments of cell mul24_mac_arrival_fullnoha_brentkung_mux.u1166 (gen_black).
Mapping positional arguments of cell mul24_mac_arrival_fullnoha_brentkung_mux.u1165 (gen_black).
Mapping positional arguments of cell mul24_mac_arrival_fullnoha_brentkung_mux.u1164 (gen_and2).
Mapping positional arguments of cell mul24_mac_arrival_fullnoha_brentkung_mux.u1163 (gen_and2).
Mapping positional arguments of cell mul24_mac_arrival_fullnoha_brentkung_mux.u1162 (gen_and2).
Mapping positional arguments of cell mul24_mac_arrival_fullnoha_brentkung_mux.u1161 (gen_and2).
Mapping positional arguments of cell mul24_mac_arrival_fullnoha_brentkung_mux.u1160 (gen_and2).
Mapping positional arguments of cell mul24_mac_arrival_fullnoha_brentkung_mux.u1159 (gen_and2).
Mapping positional arguments of cell mul24_mac_arrival_fullnoha_brentkung_mux.u1158 (gen_and2).
Mapping positional arguments of cell mul24_mac_arrival_fullnoha_brentkung_mux.u1157 (gen_and2).
Mapping positional arguments of cell mul24_mac_arrival_fullnoha_brentkung_mux.u1156 (gen_and2).
Mapping positional arguments of cell mul24_mac_arrival_fullnoha_brentkung_mux.u1155 (gen_and2).
Mapping positional arguments of cell mul24_mac_arrival_fullnoha_brentkung_mux.u1154 (gen_and2).
Mapping positional arguments of cell mul24_mac_arrival_fullnoha_brentkung_mux.u1153 (gen_and2).
Mapping positional arguments of cell mul24_mac_arrival_fullnoha_brentkung_mux.u1152 (gen_and2).
Mapping positional arguments of cell mul24_mac_arrival_fullnoha_brentkung_mux.u1151 (gen_pg).
Mapping positional arguments of cell mul24_mac_arrival_fullnoha_brentkung_mux.u1150 (gen_pg).
Mapping positional arguments of cell mul24_mac_arrival_fullnoha_brentkung_mux.u1149 (gen_pg).
Mapping positional arguments of cell mul24_mac_arrival_fullnoha_brentkung_mux.u1148 (gen_pg).
Mapping positional arguments of cell mul24_mac_arrival_fullnoha_brentkung_mux.u1147 (gen_pg).
Mapping positional arguments of cell mul24_mac_arrival_fullnoha_brentkung_mux.u1146 (gen_pg).
Mapping positional arguments of cell mul24_mac_arrival_fullnoha_brentkung_mux.u1145 (gen_pg).
Mapping positional arguments of cell mul24_mac_arrival_fullnoha_brentkung_mux.u1144 (gen_pg).
Mapping positional arguments of cell mul24_mac_arrival_fullnoha_brentkung_mux.u1143 (gen_pg).
Mapping positional arguments of cell mul24_mac_arrival_fullnoha_brentkung_mux.u1142 (gen_pg).
Mapping positional arguments of cell mul24_mac_arrival_fullnoha_brentkung_mux.u1141 (gen_pg).
Mapping positional arguments of cell mul24_mac_arrival_fullnoha_brentkung_mux.u1140 (gen_pg).
Mapping positional arguments of cell mul24_mac_arrival_fullnoha_brentkung_mux.u1139 (gen_pg).
Mapping positional arguments of cell mul24_mac_arrival_fullnoha_brentkung_mux.u1138 (gen_pg).
Mapping positional arguments of cell mul24_mac_arrival_fullnoha_brentkung_mux.u1137 (gen_pg).
Mapping positional arguments of cell mul24_mac_arrival_fullnoha_brentkung_mux.u1136 (gen_pg).
Mapping positional arguments of cell mul24_mac_arrival_fullnoha_brentkung_mux.u1135 (gen_pg).
Mapping positional arguments of cell mul24_mac_arrival_fullnoha_brentkung_mux.u1134 (gen_pg).
Mapping positional arguments of cell mul24_mac_arrival_fullnoha_brentkung_mux.u1133 (gen_pg).
Mapping positional arguments of cell mul24_mac_arrival_fullnoha_brentkung_mux.u1132 (gen_pg).
Mapping positional arguments of cell mul24_mac_arrival_fullnoha_brentkung_mux.u1131 (gen_pg).
Mapping positional arguments of cell mul24_mac_arrival_fullnoha_brentkung_mux.u1130 (gen_pg).
Mapping positional arguments of cell mul24_mac_arrival_fullnoha_brentkung_mux.u1129 (gen_pg).
Mapping positional arguments of cell mul24_mac_arrival_fullnoha_brentkung_mux.u1128 (gen_pg).
Mapping positional arguments of cell mul24_mac_arrival_fullnoha_brentkung_mux.u1127 (gen_famux).
Mapping positional arguments of cell mul24_mac_arrival_fullnoha_brentkung_mux.u1126 (gen_famux).
Mapping positional arguments of cell mul24_mac_arrival_fullnoha_brentkung_mux.u1125 (gen_famux).
Mapping positional arguments of cell mul24_mac_arrival_fullnoha_brentkung_mux.u1124 (gen_famux).
Mapping positional arguments of cell mul24_mac_arrival_fullnoha_brentkung_mux.u1123 (gen_famux).
Mapping positional arguments of cell mul24_mac_arrival_fullnoha_brentkung_mux.u1122 (gen_famux).
Mapping positional arguments of cell mul24_mac_arrival_fullnoha_brentkung_mux.u1121 (gen_famux).
Mapping positional arguments of cell mul24_mac_arrival_fullnoha_brentkung_mux.u1120 (gen_famux).
Mapping positional arguments of cell mul24_mac_arrival_fullnoha_brentkung_mux.u1119 (gen_famux).
Mapping positional arguments of cell mul24_mac_arrival_fullnoha_brentkung_mux.u1118 (gen_famux).
Mapping positional arguments of cell mul24_mac_arrival_fullnoha_brentkung_mux.u1117 (gen_famux).
Mapping positional arguments of cell mul24_mac_arrival_fullnoha_brentkung_mux.u1116 (gen_famux).
Mapping positional arguments of cell mul24_mac_arrival_fullnoha_brentkung_mux.u1115 (gen_famux).
Mapping positional arguments of cell mul24_mac_arrival_fullnoha_brentkung_mux.u1114 (gen_famux).
Mapping positional arguments of cell mul24_mac_arrival_fullnoha_brentkung_mux.u1113 (gen_famux).
Mapping positional arguments of cell mul24_mac_arrival_fullnoha_brentkung_mux.u1112 (gen_famux).
Mapping positional arguments of cell mul24_mac_arrival_fullnoha_brentkung_mux.u1111 (gen_famux).
Mapping positional arguments of cell mul24_mac_arrival_fullnoha_brentkung_mux.u1110 (gen_famux).
Mapping positional arguments of cell mul24_mac_arrival_fullnoha_brentkung_mux.u1109 (gen_famux).
Mapping positional arguments of cell mul24_mac_arrival_fullnoha_brentkung_mux.u1108 (gen_famux).
Mapping positional arguments of cell mul24_mac_arrival_fullnoha_brentkung_mux.u1107 (gen_famux).
Mapping positional arguments of cell mul24_mac_arrival_fullnoha_brentkung_mux.u1106 (gen_famux).
Mapping positional arguments of cell mul24_mac_arrival_fullnoha_brentkung_mux.u1105 (gen_famux).
Mapping positional arguments of cell mul24_mac_arrival_fullnoha_brentkung_mux.u1104 (gen_famux).
Mapping positional arguments of cell mul24_mac_arrival_fullnoha_brentkung_mux.u1103 (gen_famux).
Mapping positional arguments of cell mul24_mac_arrival_fullnoha_brentkung_mux.u1102 (gen_famux).
Mapping positional arguments of cell mul24_mac_arrival_fullnoha_brentkung_mux.u1101 (gen_famux).
Mapping positional arguments of cell mul24_mac_arrival_fullnoha_brentkung_mux.u1100 (gen_famux).
Mapping positional arguments of cell mul24_mac_arrival_fullnoha_brentkung_mux.u1099 (gen_famux).
Mapping positional arguments of cell mul24_mac_arrival_fullnoha_brentkung_mux.u1098 (gen_famux).
Mapping positional arguments of cell mul24_mac_arrival_fullnoha_brentkung_mux.u1097 (gen_famux).
Mapping positional arguments of cell mul24_mac_arrival_fullnoha_brentkung_mux.u1096 (gen_famux).
Mapping positional arguments of cell mul24_mac_arrival_fullnoha_brentkung_mux.u1095 (gen_famux).
Mapping positional arguments of cell mul24_mac_arrival_fullnoha_brentkung_mux.u1094 (gen_famux).
Mapping positional arguments of cell mul24_mac_arrival_fullnoha_brentkung_mux.u1093 (gen_famux).
Mapping positional arguments of cell mul24_mac_arrival_fullnoha_brentkung_mux.u1092 (gen_famux).
Mapping positional arguments of cell mul24_mac_arrival_fullnoha_brentkung_mux.u1091 (gen_famux).
Mapping positional arguments of cell mul24_mac_arrival_fullnoha_brentkung_mux.u1090 (gen_famux).
Mapping positional arguments of cell mul24_mac_arrival_fullnoha_brentkung_mux.u1089 (gen_famux).
Mapping positional arguments of cell mul24_mac_arrival_fullnoha_brentkung_mux.u1088 (gen_famux).
Mapping positional arguments of cell mul24_mac_arrival_fullnoha_brentkung_mux.u1087 (gen_famux).
Mapping positional arguments of cell mul24_mac_arrival_fullnoha_brentkung_mux.u1086 (gen_famux).
Mapping positional arguments of cell mul24_mac_arrival_fullnoha_brentkung_mux.u1085 (gen_famux).
Mapping positional arguments of cell mul24_mac_arrival_fullnoha_brentkung_mux.u1084 (gen_famux).
Mapping positional arguments of cell mul24_mac_arrival_fullnoha_brentkung_mux.u1083 (gen_famux).
Mapping positional arguments of cell mul24_mac_arrival_fullnoha_brentkung_mux.u1082 (gen_famux).
Mapping positional arguments of cell mul24_mac_arrival_fullnoha_brentkung_mux.u1081 (gen_famux).
Mapping positional arguments of cell mul24_mac_arrival_fullnoha_brentkung_mux.u1080 (gen_famux).
Mapping positional arguments of cell mul24_mac_arrival_fullnoha_brentkung_mux.u1079 (gen_famux).
Mapping positional arguments of cell mul24_mac_arrival_fullnoha_brentkung_mux.u1078 (gen_famux).
Mapping positional arguments of cell mul24_mac_arrival_fullnoha_brentkung_mux.u1077 (gen_famux).
Mapping positional arguments of cell mul24_mac_arrival_fullnoha_brentkung_mux.u1076 (gen_famux).
Mapping positional arguments of cell mul24_mac_arrival_fullnoha_brentkung_mux.u1075 (gen_famux).
Mapping positional arguments of cell mul24_mac_arrival_fullnoha_brentkung_mux.u1074 (gen_famux).
Mapping positional arguments of cell mul24_mac_arrival_fullnoha_brentkung_mux.u1073 (gen_famux).
Mapping positional arguments of cell mul24_mac_arrival_fullnoha_brentkung_mux.u1072 (gen_famux).
Mapping positional arguments of cell mul24_mac_arrival_fullnoha_brentkung_mux.u1071 (gen_famux).
Mapping positional arguments of cell mul24_mac_arrival_fullnoha_brentkung_mux.u1070 (gen_famux).
Mapping positional arguments of cell mul24_mac_arrival_fullnoha_brentkung_mux.u1069 (gen_famux).
Mapping positional arguments of cell mul24_mac_arrival_fullnoha_brentkung_mux.u1068 (gen_famux).
Mapping positional arguments of cell mul24_mac_arrival_fullnoha_brentkung_mux.u1067 (gen_famux).
Mapping positional arguments of cell mul24_mac_arrival_fullnoha_brentkung_mux.u1066 (gen_famux).
Mapping positional arguments of cell mul24_mac_arrival_fullnoha_brentkung_mux.u1065 (gen_famux).
Mapping positional arguments of cell mul24_mac_arrival_fullnoha_brentkung_mux.u1064 (gen_famux).
Mapping positional arguments of cell mul24_mac_arrival_fullnoha_brentkung_mux.u1063 (gen_famux).
Mapping positional arguments of cell mul24_mac_arrival_fullnoha_brentkung_mux.u1062 (gen_famux).
Mapping positional arguments of cell mul24_mac_arrival_fullnoha_brentkung_mux.u1061 (gen_famux).
Mapping positional arguments of cell mul24_mac_arrival_fullnoha_brentkung_mux.u1060 (gen_famux).
Mapping positional arguments of cell mul24_mac_arrival_fullnoha_brentkung_mux.u1059 (gen_famux).
Mapping positional arguments of cell mul24_mac_arrival_fullnoha_brentkung_mux.u1058 (gen_famux).
Mapping positional arguments of cell mul24_mac_arrival_fullnoha_brentkung_mux.u1057 (gen_famux).
Mapping positional arguments of cell mul24_mac_arrival_fullnoha_brentkung_mux.u1056 (gen_famux).
Mapping positional arguments of cell mul24_mac_arrival_fullnoha_brentkung_mux.u1055 (gen_famux).
Mapping positional arguments of cell mul24_mac_arrival_fullnoha_brentkung_mux.u1054 (gen_famux).
Mapping positional arguments of cell mul24_mac_arrival_fullnoha_brentkung_mux.u1053 (gen_famux).
Mapping positional arguments of cell mul24_mac_arrival_fullnoha_brentkung_mux.u1052 (gen_famux).
Mapping positional arguments of cell mul24_mac_arrival_fullnoha_brentkung_mux.u1051 (gen_famux).
Mapping positional arguments of cell mul24_mac_arrival_fullnoha_brentkung_mux.u1050 (gen_famux).
Mapping positional arguments of cell mul24_mac_arrival_fullnoha_brentkung_mux.u1049 (gen_famux).
Mapping positional arguments of cell mul24_mac_arrival_fullnoha_brentkung_mux.u1048 (gen_famux).
Mapping positional arguments of cell mul24_mac_arrival_fullnoha_brentkung_mux.u1047 (gen_famux).
Mapping positional arguments of cell mul24_mac_arrival_fullnoha_brentkung_mux.u1046 (gen_famux).
Mapping positional arguments of cell mul24_mac_arrival_fullnoha_brentkung_mux.u1045 (gen_famux).
Mapping positional arguments of cell mul24_mac_arrival_fullnoha_brentkung_mux.u1044 (gen_famux).
Mapping positional arguments of cell mul24_mac_arrival_fullnoha_brentkung_mux.u1043 (gen_famux).
Mapping positional arguments of cell mul24_mac_arrival_fullnoha_brentkung_mux.u1042 (gen_famux).
Mapping positional arguments of cell mul24_mac_arrival_fullnoha_brentkung_mux.u1041 (gen_famux).
Mapping positional arguments of cell mul24_mac_arrival_fullnoha_brentkung_mux.u1040 (gen_famux).
Mapping positional arguments of cell mul24_mac_arrival_fullnoha_brentkung_mux.u1039 (gen_famux).
Mapping positional arguments of cell mul24_mac_arrival_fullnoha_brentkung_mux.u1038 (gen_famux).
Mapping positional arguments of cell mul24_mac_arrival_fullnoha_brentkung_mux.u1037 (gen_famux).
Mapping positional arguments of cell mul24_mac_arrival_fullnoha_brentkung_mux.u1036 (gen_famux).
Mapping positional arguments of cell mul24_mac_arrival_fullnoha_brentkung_mux.u1035 (gen_famux).
Mapping positional arguments of cell mul24_mac_arrival_fullnoha_brentkung_mux.u1034 (gen_famux).
Mapping positional arguments of cell mul24_mac_arrival_fullnoha_brentkung_mux.u1033 (gen_famux).
Mapping positional arguments of cell mul24_mac_arrival_fullnoha_brentkung_mux.u1032 (gen_famux).
Mapping positional arguments of cell mul24_mac_arrival_fullnoha_brentkung_mux.u1031 (gen_famux).
Mapping positional arguments of cell mul24_mac_arrival_fullnoha_brentkung_mux.u1030 (gen_famux).
Mapping positional arguments of cell mul24_mac_arrival_fullnoha_brentkung_mux.u1029 (gen_famux).
Mapping positional arguments of cell mul24_mac_arrival_fullnoha_brentkung_mux.u1028 (gen_famux).
Mapping positional arguments of cell mul24_mac_arrival_fullnoha_brentkung_mux.u1027 (gen_famux).
Mapping positional arguments of cell mul24_mac_arrival_fullnoha_brentkung_mux.u1026 (gen_famux).
Mapping positional arguments of cell mul24_mac_arrival_fullnoha_brentkung_mux.u1025 (gen_famux).
Mapping positional arguments of cell mul24_mac_arrival_fullnoha_brentkung_mux.u1024 (gen_famux).
Mapping positional arguments of cell mul24_mac_arrival_fullnoha_brentkung_mux.u1023 (gen_famux).
Mapping positional arguments of cell mul24_mac_arrival_fullnoha_brentkung_mux.u1022 (gen_famux).
Mapping positional arguments of cell mul24_mac_arrival_fullnoha_brentkung_mux.u1021 (gen_famux).
Mapping positional arguments of cell mul24_mac_arrival_fullnoha_brentkung_mux.u1020 (gen_famux).
Mapping positional arguments of cell mul24_mac_arrival_fullnoha_brentkung_mux.u1019 (gen_famux).
Mapping positional arguments of cell mul24_mac_arrival_fullnoha_brentkung_mux.u1018 (gen_famux).
Mapping positional arguments of cell mul24_mac_arrival_fullnoha_brentkung_mux.u1017 (gen_famux).
Mapping positional arguments of cell mul24_mac_arrival_fullnoha_brentkung_mux.u1016 (gen_famux).
Mapping positional arguments of cell mul24_mac_arrival_fullnoha_brentkung_mux.u1015 (gen_famux).
Mapping positional arguments of cell mul24_mac_arrival_fullnoha_brentkung_mux.u1014 (gen_famux).
Mapping positional arguments of cell mul24_mac_arrival_fullnoha_brentkung_mux.u1013 (gen_famux).
Mapping positional arguments of cell mul24_mac_arrival_fullnoha_brentkung_mux.u1012 (gen_famux).
Mapping positional arguments of cell mul24_mac_arrival_fullnoha_brentkung_mux.u1011 (gen_famux).
Mapping positional arguments of cell mul24_mac_arrival_fullnoha_brentkung_mux.u1010 (gen_famux).
Mapping positional arguments of cell mul24_mac_arrival_fullnoha_brentkung_mux.u1009 (gen_famux).
Mapping positional arguments of cell mul24_mac_arrival_fullnoha_brentkung_mux.u1008 (gen_famux).
Mapping positional arguments of cell mul24_mac_arrival_fullnoha_brentkung_mux.u1007 (gen_famux).
Mapping positional arguments of cell mul24_mac_arrival_fullnoha_brentkung_mux.u1006 (gen_famux).
Mapping positional arguments of cell mul24_mac_arrival_fullnoha_brentkung_mux.u1005 (gen_famux).
Mapping positional arguments of cell mul24_mac_arrival_fullnoha_brentkung_mux.u1004 (gen_famux).
Mapping positional arguments of cell mul24_mac_arrival_fullnoha_brentkung_mux.u1003 (gen_famux).
Mapping positional arguments of cell mul24_mac_arrival_fullnoha_brentkung_mux.u1002 (gen_famux).
Mapping positional arguments of cell mul24_mac_arrival_fullnoha_brentkung_mux.u1001 (gen_famux).
Mapping positional arguments of cell mul24_mac_arrival_fullnoha_brentkung_mux.u1000 (gen_famux).
Mapping positional arguments of cell mul24_mac_arrival_fullnoha_brentkung_mux.u999 (gen_famux).
Mapping positional arguments of cell mul24_mac_arrival_fullnoha_brentkung_mux.u998 (gen_famux).
Mapping positional arguments of cell mul24_mac_arrival_fullnoha_brentkung_mux.u997 (gen_famux).
Mapping positional arguments of cell mul24_mac_arrival_fullnoha_brentkung_mux.u996 (gen_famux).
Mapping positional arguments of cell mul24_mac_arrival_fullnoha_brentkung_mux.u995 (gen_famux).
Mapping positional arguments of cell mul24_mac_arrival_fullnoha_brentkung_mux.u994 (gen_famux).
Mapping positional arguments of cell mul24_mac_arrival_fullnoha_brentkung_mux.u993 (gen_famux).
Mapping positional arguments of cell mul24_mac_arrival_fullnoha_brentkung_mux.u992 (gen_famux).
Mapping positional arguments of cell mul24_mac_arrival_fullnoha_brentkung_mux.u991 (gen_famux).
Mapping positional arguments of cell mul24_mac_arrival_fullnoha_brentkung_mux.u990 (gen_famux).
Mapping positional arguments of cell mul24_mac_arrival_fullnoha_brentkung_mux.u989 (gen_famux).
Mapping positional arguments of cell mul24_mac_arrival_fullnoha_brentkung_mux.u988 (gen_famux).
Mapping positional arguments of cell mul24_mac_arrival_fullnoha_brentkung_mux.u987 (gen_famux).
Mapping positional arguments of cell mul24_mac_arrival_fullnoha_brentkung_mux.u986 (gen_famux).
Mapping positional arguments of cell mul24_mac_arrival_fullnoha_brentkung_mux.u985 (gen_famux).
Mapping positional arguments of cell mul24_mac_arrival_fullnoha_brentkung_mux.u984 (gen_famux).
Mapping positional arguments of cell mul24_mac_arrival_fullnoha_brentkung_mux.u983 (gen_famux).
Mapping positional arguments of cell mul24_mac_arrival_fullnoha_brentkung_mux.u982 (gen_famux).
Mapping positional arguments of cell mul24_mac_arrival_fullnoha_brentkung_mux.u981 (gen_famux).
Mapping positional arguments of cell mul24_mac_arrival_fullnoha_brentkung_mux.u980 (gen_famux).
Mapping positional arguments of cell mul24_mac_arrival_fullnoha_brentkung_mux.u979 (gen_famux).
Mapping positional arguments of cell mul24_mac_arrival_fullnoha_brentkung_mux.u978 (gen_famux).
Mapping positional arguments of cell mul24_mac_arrival_fullnoha_brentkung_mux.u977 (gen_famux).
Mapping positional arguments of cell mul24_mac_arrival_fullnoha_brentkung_mux.u976 (gen_famux).
Mapping positional arguments of cell mul24_mac_arrival_fullnoha_brentkung_mux.u975 (gen_famux).
Mapping positional arguments of cell mul24_mac_arrival_fullnoha_brentkung_mux.u974 (gen_famux).
Mapping positional arguments of cell mul24_mac_arrival_fullnoha_brentkung_mux.u973 (gen_famux).
Mapping positional arguments of cell mul24_mac_arrival_fullnoha_brentkung_mux.u972 (gen_famux).
Mapping positional arguments of cell mul24_mac_arrival_fullnoha_brentkung_mux.u971 (gen_famux).
Mapping positional arguments of cell mul24_mac_arrival_fullnoha_brentkung_mux.u970 (gen_famux).
Mapping positional arguments of cell mul24_mac_arrival_fullnoha_brentkung_mux.u969 (gen_famux).
Mapping positional arguments of cell mul24_mac_arrival_fullnoha_brentkung_mux.u968 (gen_famux).
Mapping positional arguments of cell mul24_mac_arrival_fullnoha_brentkung_mux.u967 (gen_famux).
Mapping positional arguments of cell mul24_mac_arrival_fullnoha_brentkung_mux.u966 (gen_famux).
Mapping positional arguments of cell mul24_mac_arrival_fullnoha_brentkung_mux.u965 (gen_famux).
Mapping positional arguments of cell mul24_mac_arrival_fullnoha_brentkung_mux.u964 (gen_famux).
Mapping positional arguments of cell mul24_mac_arrival_fullnoha_brentkung_mux.u963 (gen_famux).
Mapping positional arguments of cell mul24_mac_arrival_fullnoha_brentkung_mux.u962 (gen_famux).
Mapping positional arguments of cell mul24_mac_arrival_fullnoha_brentkung_mux.u961 (gen_famux).
Mapping positional arguments of cell mul24_mac_arrival_fullnoha_brentkung_mux.u960 (gen_famux).
Mapping positional arguments of cell mul24_mac_arrival_fullnoha_brentkung_mux.u959 (gen_famux).
Mapping positional arguments of cell mul24_mac_arrival_fullnoha_brentkung_mux.u958 (gen_famux).
Mapping positional arguments of cell mul24_mac_arrival_fullnoha_brentkung_mux.u957 (gen_famux).
Mapping positional arguments of cell mul24_mac_arrival_fullnoha_brentkung_mux.u956 (gen_famux).
Mapping positional arguments of cell mul24_mac_arrival_fullnoha_brentkung_mux.u955 (gen_famux).
Mapping positional arguments of cell mul24_mac_arrival_fullnoha_brentkung_mux.u954 (gen_famux).
Mapping positional arguments of cell mul24_mac_arrival_fullnoha_brentkung_mux.u953 (gen_famux).
Mapping positional arguments of cell mul24_mac_arrival_fullnoha_brentkung_mux.u952 (gen_famux).
Mapping positional arguments of cell mul24_mac_arrival_fullnoha_brentkung_mux.u951 (gen_famux).
Mapping positional arguments of cell mul24_mac_arrival_fullnoha_brentkung_mux.u950 (gen_famux).
Mapping positional arguments of cell mul24_mac_arrival_fullnoha_brentkung_mux.u949 (gen_famux).
Mapping positional arguments of cell mul24_mac_arrival_fullnoha_brentkung_mux.u948 (gen_famux).
Mapping positional arguments of cell mul24_mac_arrival_fullnoha_brentkung_mux.u947 (gen_famux).
Mapping positional arguments of cell mul24_mac_arrival_fullnoha_brentkung_mux.u946 (gen_famux).
Mapping positional arguments of cell mul24_mac_arrival_fullnoha_brentkung_mux.u945 (gen_famux).
Mapping positional arguments of cell mul24_mac_arrival_fullnoha_brentkung_mux.u944 (gen_famux).
Mapping positional arguments of cell mul24_mac_arrival_fullnoha_brentkung_mux.u943 (gen_famux).
Mapping positional arguments of cell mul24_mac_arrival_fullnoha_brentkung_mux.u942 (gen_famux).
Mapping positional arguments of cell mul24_mac_arrival_fullnoha_brentkung_mux.u941 (gen_famux).
Mapping positional arguments of cell mul24_mac_arrival_fullnoha_brentkung_mux.u940 (gen_famux).
Mapping positional arguments of cell mul24_mac_arrival_fullnoha_brentkung_mux.u939 (gen_famux).
Mapping positional arguments of cell mul24_mac_arrival_fullnoha_brentkung_mux.u938 (gen_famux).
Mapping positional arguments of cell mul24_mac_arrival_fullnoha_brentkung_mux.u937 (gen_famux).
Mapping positional arguments of cell mul24_mac_arrival_fullnoha_brentkung_mux.u936 (gen_famux).
Mapping positional arguments of cell mul24_mac_arrival_fullnoha_brentkung_mux.u935 (gen_famux).
Mapping positional arguments of cell mul24_mac_arrival_fullnoha_brentkung_mux.u934 (gen_famux).
Mapping positional arguments of cell mul24_mac_arrival_fullnoha_brentkung_mux.u933 (gen_famux).
Mapping positional arguments of cell mul24_mac_arrival_fullnoha_brentkung_mux.u932 (gen_famux).
Mapping positional arguments of cell mul24_mac_arrival_fullnoha_brentkung_mux.u931 (gen_famux).
Mapping positional arguments of cell mul24_mac_arrival_fullnoha_brentkung_mux.u930 (gen_famux).
Mapping positional arguments of cell mul24_mac_arrival_fullnoha_brentkung_mux.u929 (gen_famux).
Mapping positional arguments of cell mul24_mac_arrival_fullnoha_brentkung_mux.u928 (gen_famux).
Mapping positional arguments of cell mul24_mac_arrival_fullnoha_brentkung_mux.u927 (gen_famux).
Mapping positional arguments of cell mul24_mac_arrival_fullnoha_brentkung_mux.u926 (gen_famux).
Mapping positional arguments of cell mul24_mac_arrival_fullnoha_brentkung_mux.u925 (gen_famux).
Mapping positional arguments of cell mul24_mac_arrival_fullnoha_brentkung_mux.u924 (gen_famux).
Mapping positional arguments of cell mul24_mac_arrival_fullnoha_brentkung_mux.u923 (gen_famux).
Mapping positional arguments of cell mul24_mac_arrival_fullnoha_brentkung_mux.u922 (gen_famux).
Mapping positional arguments of cell mul24_mac_arrival_fullnoha_brentkung_mux.u921 (gen_famux).
Mapping positional arguments of cell mul24_mac_arrival_fullnoha_brentkung_mux.u920 (gen_famux).
Mapping positional arguments of cell mul24_mac_arrival_fullnoha_brentkung_mux.u919 (gen_famux).
Mapping positional arguments of cell mul24_mac_arrival_fullnoha_brentkung_mux.u918 (gen_famux).
Mapping positional arguments of cell mul24_mac_arrival_fullnoha_brentkung_mux.u917 (gen_famux).
Mapping positional arguments of cell mul24_mac_arrival_fullnoha_brentkung_mux.u916 (gen_famux).
Mapping positional arguments of cell mul24_mac_arrival_fullnoha_brentkung_mux.u915 (gen_famux).
Mapping positional arguments of cell mul24_mac_arrival_fullnoha_brentkung_mux.u914 (gen_famux).
Mapping positional arguments of cell mul24_mac_arrival_fullnoha_brentkung_mux.u913 (gen_famux).
Mapping positional arguments of cell mul24_mac_arrival_fullnoha_brentkung_mux.u912 (gen_famux).
Mapping positional arguments of cell mul24_mac_arrival_fullnoha_brentkung_mux.u911 (gen_famux).
Mapping positional arguments of cell mul24_mac_arrival_fullnoha_brentkung_mux.u910 (gen_famux).
Mapping positional arguments of cell mul24_mac_arrival_fullnoha_brentkung_mux.u909 (gen_famux).
Mapping positional arguments of cell mul24_mac_arrival_fullnoha_brentkung_mux.u908 (gen_famux).
Mapping positional arguments of cell mul24_mac_arrival_fullnoha_brentkung_mux.u907 (gen_famux).
Mapping positional arguments of cell mul24_mac_arrival_fullnoha_brentkung_mux.u906 (gen_famux).
Mapping positional arguments of cell mul24_mac_arrival_fullnoha_brentkung_mux.u905 (gen_famux).
Mapping positional arguments of cell mul24_mac_arrival_fullnoha_brentkung_mux.u904 (gen_famux).
Mapping positional arguments of cell mul24_mac_arrival_fullnoha_brentkung_mux.u903 (gen_famux).
Mapping positional arguments of cell mul24_mac_arrival_fullnoha_brentkung_mux.u902 (gen_famux).
Mapping positional arguments of cell mul24_mac_arrival_fullnoha_brentkung_mux.u901 (gen_famux).
Mapping positional arguments of cell mul24_mac_arrival_fullnoha_brentkung_mux.u900 (gen_famux).
Mapping positional arguments of cell mul24_mac_arrival_fullnoha_brentkung_mux.u899 (gen_famux).
Mapping positional arguments of cell mul24_mac_arrival_fullnoha_brentkung_mux.u898 (gen_famux).
Mapping positional arguments of cell mul24_mac_arrival_fullnoha_brentkung_mux.u897 (gen_famux).
Mapping positional arguments of cell mul24_mac_arrival_fullnoha_brentkung_mux.u896 (gen_famux).
Mapping positional arguments of cell mul24_mac_arrival_fullnoha_brentkung_mux.u895 (gen_famux).
Mapping positional arguments of cell mul24_mac_arrival_fullnoha_brentkung_mux.u894 (gen_famux).
Mapping positional arguments of cell mul24_mac_arrival_fullnoha_brentkung_mux.u893 (gen_famux).
Mapping positional arguments of cell mul24_mac_arrival_fullnoha_brentkung_mux.u892 (gen_famux).
Mapping positional arguments of cell mul24_mac_arrival_fullnoha_brentkung_mux.u891 (gen_famux).
Mapping positional arguments of cell mul24_mac_arrival_fullnoha_brentkung_mux.u890 (gen_famux).
Mapping positional arguments of cell mul24_mac_arrival_fullnoha_brentkung_mux.u889 (gen_famux).
Mapping positional arguments of cell mul24_mac_arrival_fullnoha_brentkung_mux.u888 (gen_famux).
Mapping positional arguments of cell mul24_mac_arrival_fullnoha_brentkung_mux.u887 (gen_famux).
Mapping positional arguments of cell mul24_mac_arrival_fullnoha_brentkung_mux.u886 (gen_famux).
Mapping positional arguments of cell mul24_mac_arrival_fullnoha_brentkung_mux.u885 (gen_famux).
Mapping positional arguments of cell mul24_mac_arrival_fullnoha_brentkung_mux.u884 (gen_famux).
Mapping positional arguments of cell mul24_mac_arrival_fullnoha_brentkung_mux.u883 (gen_famux).
Mapping positional arguments of cell mul24_mac_arrival_fullnoha_brentkung_mux.u882 (gen_famux).
Mapping positional arguments of cell mul24_mac_arrival_fullnoha_brentkung_mux.u881 (gen_famux).
Mapping positional arguments of cell mul24_mac_arrival_fullnoha_brentkung_mux.u880 (gen_famux).
Mapping positional arguments of cell mul24_mac_arrival_fullnoha_brentkung_mux.u879 (gen_famux).
Mapping positional arguments of cell mul24_mac_arrival_fullnoha_brentkung_mux.u878 (gen_famux).
Mapping positional arguments of cell mul24_mac_arrival_fullnoha_brentkung_mux.u877 (gen_famux).
Mapping positional arguments of cell mul24_mac_arrival_fullnoha_brentkung_mux.u876 (gen_famux).
Mapping positional arguments of cell mul24_mac_arrival_fullnoha_brentkung_mux.u875 (gen_famux).
Mapping positional arguments of cell mul24_mac_arrival_fullnoha_brentkung_mux.u874 (gen_famux).
Mapping positional arguments of cell mul24_mac_arrival_fullnoha_brentkung_mux.u873 (gen_famux).
Mapping positional arguments of cell mul24_mac_arrival_fullnoha_brentkung_mux.u872 (gen_famux).
Mapping positional arguments of cell mul24_mac_arrival_fullnoha_brentkung_mux.u871 (gen_famux).
Mapping positional arguments of cell mul24_mac_arrival_fullnoha_brentkung_mux.u870 (gen_famux).
Mapping positional arguments of cell mul24_mac_arrival_fullnoha_brentkung_mux.u869 (gen_famux).
Mapping positional arguments of cell mul24_mac_arrival_fullnoha_brentkung_mux.u868 (gen_famux).
Mapping positional arguments of cell mul24_mac_arrival_fullnoha_brentkung_mux.u867 (gen_famux).
Mapping positional arguments of cell mul24_mac_arrival_fullnoha_brentkung_mux.u866 (gen_famux).
Mapping positional arguments of cell mul24_mac_arrival_fullnoha_brentkung_mux.u865 (gen_famux).
Mapping positional arguments of cell mul24_mac_arrival_fullnoha_brentkung_mux.u864 (gen_famux).
Mapping positional arguments of cell mul24_mac_arrival_fullnoha_brentkung_mux.u863 (gen_famux).
Mapping positional arguments of cell mul24_mac_arrival_fullnoha_brentkung_mux.u862 (gen_famux).
Mapping positional arguments of cell mul24_mac_arrival_fullnoha_brentkung_mux.u861 (gen_famux).
Mapping positional arguments of cell mul24_mac_arrival_fullnoha_brentkung_mux.u860 (gen_famux).
Mapping positional arguments of cell mul24_mac_arrival_fullnoha_brentkung_mux.u859 (gen_famux).
Mapping positional arguments of cell mul24_mac_arrival_fullnoha_brentkung_mux.u858 (gen_famux).
Mapping positional arguments of cell mul24_mac_arrival_fullnoha_brentkung_mux.u857 (gen_famux).
Mapping positional arguments of cell mul24_mac_arrival_fullnoha_brentkung_mux.u856 (gen_famux).
Mapping positional arguments of cell mul24_mac_arrival_fullnoha_brentkung_mux.u855 (gen_famux).
Mapping positional arguments of cell mul24_mac_arrival_fullnoha_brentkung_mux.u854 (gen_famux).
Mapping positional arguments of cell mul24_mac_arrival_fullnoha_brentkung_mux.u853 (gen_famux).
Mapping positional arguments of cell mul24_mac_arrival_fullnoha_brentkung_mux.u852 (gen_famux).
Mapping positional arguments of cell mul24_mac_arrival_fullnoha_brentkung_mux.u851 (gen_famux).
Mapping positional arguments of cell mul24_mac_arrival_fullnoha_brentkung_mux.u850 (gen_famux).
Mapping positional arguments of cell mul24_mac_arrival_fullnoha_brentkung_mux.u849 (gen_famux).
Mapping positional arguments of cell mul24_mac_arrival_fullnoha_brentkung_mux.u848 (gen_famux).
Mapping positional arguments of cell mul24_mac_arrival_fullnoha_brentkung_mux.u847 (gen_famux).
Mapping positional arguments of cell mul24_mac_arrival_fullnoha_brentkung_mux.u846 (gen_famux).
Mapping positional arguments of cell mul24_mac_arrival_fullnoha_brentkung_mux.u845 (gen_famux).
Mapping positional arguments of cell mul24_mac_arrival_fullnoha_brentkung_mux.u844 (gen_famux).
Mapping positional arguments of cell mul24_mac_arrival_fullnoha_brentkung_mux.u843 (gen_famux).
Mapping positional arguments of cell mul24_mac_arrival_fullnoha_brentkung_mux.u842 (gen_famux).
Mapping positional arguments of cell mul24_mac_arrival_fullnoha_brentkung_mux.u841 (gen_famux).
Mapping positional arguments of cell mul24_mac_arrival_fullnoha_brentkung_mux.u840 (gen_famux).
Mapping positional arguments of cell mul24_mac_arrival_fullnoha_brentkung_mux.u839 (gen_famux).
Mapping positional arguments of cell mul24_mac_arrival_fullnoha_brentkung_mux.u838 (gen_famux).
Mapping positional arguments of cell mul24_mac_arrival_fullnoha_brentkung_mux.u837 (gen_famux).
Mapping positional arguments of cell mul24_mac_arrival_fullnoha_brentkung_mux.u836 (gen_famux).
Mapping positional arguments of cell mul24_mac_arrival_fullnoha_brentkung_mux.u835 (gen_famux).
Mapping positional arguments of cell mul24_mac_arrival_fullnoha_brentkung_mux.u834 (gen_famux).
Mapping positional arguments of cell mul24_mac_arrival_fullnoha_brentkung_mux.u833 (gen_famux).
Mapping positional arguments of cell mul24_mac_arrival_fullnoha_brentkung_mux.u832 (gen_famux).
Mapping positional arguments of cell mul24_mac_arrival_fullnoha_brentkung_mux.u831 (gen_famux).
Mapping positional arguments of cell mul24_mac_arrival_fullnoha_brentkung_mux.u830 (gen_famux).
Mapping positional arguments of cell mul24_mac_arrival_fullnoha_brentkung_mux.u829 (gen_famux).
Mapping positional arguments of cell mul24_mac_arrival_fullnoha_brentkung_mux.u828 (gen_famux).
Mapping positional arguments of cell mul24_mac_arrival_fullnoha_brentkung_mux.u827 (gen_famux).
Mapping positional arguments of cell mul24_mac_arrival_fullnoha_brentkung_mux.u826 (gen_famux).
Mapping positional arguments of cell mul24_mac_arrival_fullnoha_brentkung_mux.u825 (gen_famux).
Mapping positional arguments of cell mul24_mac_arrival_fullnoha_brentkung_mux.u824 (gen_famux).
Mapping positional arguments of cell mul24_mac_arrival_fullnoha_brentkung_mux.u823 (gen_famux).
Mapping positional arguments of cell mul24_mac_arrival_fullnoha_brentkung_mux.u822 (gen_famux).
Mapping positional arguments of cell mul24_mac_arrival_fullnoha_brentkung_mux.u821 (gen_famux).
Mapping positional arguments of cell mul24_mac_arrival_fullnoha_brentkung_mux.u820 (gen_famux).
Mapping positional arguments of cell mul24_mac_arrival_fullnoha_brentkung_mux.u819 (gen_famux).
Mapping positional arguments of cell mul24_mac_arrival_fullnoha_brentkung_mux.u818 (gen_famux).
Mapping positional arguments of cell mul24_mac_arrival_fullnoha_brentkung_mux.u817 (gen_famux).
Mapping positional arguments of cell mul24_mac_arrival_fullnoha_brentkung_mux.u816 (gen_famux).
Mapping positional arguments of cell mul24_mac_arrival_fullnoha_brentkung_mux.u815 (gen_famux).
Mapping positional arguments of cell mul24_mac_arrival_fullnoha_brentkung_mux.u814 (gen_famux).
Mapping positional arguments of cell mul24_mac_arrival_fullnoha_brentkung_mux.u813 (gen_famux).
Mapping positional arguments of cell mul24_mac_arrival_fullnoha_brentkung_mux.u812 (gen_famux).
Mapping positional arguments of cell mul24_mac_arrival_fullnoha_brentkung_mux.u811 (gen_famux).
Mapping positional arguments of cell mul24_mac_arrival_fullnoha_brentkung_mux.u810 (gen_famux).
Mapping positional arguments of cell mul24_mac_arrival_fullnoha_brentkung_mux.u809 (gen_famux).
Mapping positional arguments of cell mul24_mac_arrival_fullnoha_brentkung_mux.u808 (gen_famux).
Mapping positional arguments of cell mul24_mac_arrival_fullnoha_brentkung_mux.u807 (gen_famux).
Mapping positional arguments of cell mul24_mac_arrival_fullnoha_brentkung_mux.u806 (gen_famux).
Mapping positional arguments of cell mul24_mac_arrival_fullnoha_brentkung_mux.u805 (gen_famux).
Mapping positional arguments of cell mul24_mac_arrival_fullnoha_brentkung_mux.u804 (gen_famux).
Mapping positional arguments of cell mul24_mac_arrival_fullnoha_brentkung_mux.u803 (gen_famux).
Mapping positional arguments of cell mul24_mac_arrival_fullnoha_brentkung_mux.u802 (gen_famux).
Mapping positional arguments of cell mul24_mac_arrival_fullnoha_brentkung_mux.u801 (gen_famux).
Mapping positional arguments of cell mul24_mac_arrival_fullnoha_brentkung_mux.u800 (gen_famux).
Mapping positional arguments of cell mul24_mac_arrival_fullnoha_brentkung_mux.u799 (gen_famux).
Mapping positional arguments of cell mul24_mac_arrival_fullnoha_brentkung_mux.u798 (gen_famux).
Mapping positional arguments of cell mul24_mac_arrival_fullnoha_brentkung_mux.u797 (gen_famux).
Mapping positional arguments of cell mul24_mac_arrival_fullnoha_brentkung_mux.u796 (gen_famux).
Mapping positional arguments of cell mul24_mac_arrival_fullnoha_brentkung_mux.u795 (gen_famux).
Mapping positional arguments of cell mul24_mac_arrival_fullnoha_brentkung_mux.u794 (gen_famux).
Mapping positional arguments of cell mul24_mac_arrival_fullnoha_brentkung_mux.u793 (gen_famux).
Mapping positional arguments of cell mul24_mac_arrival_fullnoha_brentkung_mux.u792 (gen_famux).
Mapping positional arguments of cell mul24_mac_arrival_fullnoha_brentkung_mux.u791 (gen_famux).
Mapping positional arguments of cell mul24_mac_arrival_fullnoha_brentkung_mux.u790 (gen_famux).
Mapping positional arguments of cell mul24_mac_arrival_fullnoha_brentkung_mux.u789 (gen_famux).
Mapping positional arguments of cell mul24_mac_arrival_fullnoha_brentkung_mux.u788 (gen_famux).
Mapping positional arguments of cell mul24_mac_arrival_fullnoha_brentkung_mux.u787 (gen_famux).
Mapping positional arguments of cell mul24_mac_arrival_fullnoha_brentkung_mux.u786 (gen_famux).
Mapping positional arguments of cell mul24_mac_arrival_fullnoha_brentkung_mux.u785 (gen_famux).
Mapping positional arguments of cell mul24_mac_arrival_fullnoha_brentkung_mux.u784 (gen_famux).
Mapping positional arguments of cell mul24_mac_arrival_fullnoha_brentkung_mux.u783 (gen_famux).
Mapping positional arguments of cell mul24_mac_arrival_fullnoha_brentkung_mux.u782 (gen_famux).
Mapping positional arguments of cell mul24_mac_arrival_fullnoha_brentkung_mux.u781 (gen_famux).
Mapping positional arguments of cell mul24_mac_arrival_fullnoha_brentkung_mux.u780 (gen_famux).
Mapping positional arguments of cell mul24_mac_arrival_fullnoha_brentkung_mux.u779 (gen_famux).
Mapping positional arguments of cell mul24_mac_arrival_fullnoha_brentkung_mux.u778 (gen_famux).
Mapping positional arguments of cell mul24_mac_arrival_fullnoha_brentkung_mux.u777 (gen_famux).
Mapping positional arguments of cell mul24_mac_arrival_fullnoha_brentkung_mux.u776 (gen_famux).
Mapping positional arguments of cell mul24_mac_arrival_fullnoha_brentkung_mux.u775 (gen_famux).
Mapping positional arguments of cell mul24_mac_arrival_fullnoha_brentkung_mux.u774 (gen_famux).
Mapping positional arguments of cell mul24_mac_arrival_fullnoha_brentkung_mux.u773 (gen_famux).
Mapping positional arguments of cell mul24_mac_arrival_fullnoha_brentkung_mux.u772 (gen_famux).
Mapping positional arguments of cell mul24_mac_arrival_fullnoha_brentkung_mux.u771 (gen_famux).
Mapping positional arguments of cell mul24_mac_arrival_fullnoha_brentkung_mux.u770 (gen_famux).
Mapping positional arguments of cell mul24_mac_arrival_fullnoha_brentkung_mux.u769 (gen_famux).
Mapping positional arguments of cell mul24_mac_arrival_fullnoha_brentkung_mux.u768 (gen_famux).
Mapping positional arguments of cell mul24_mac_arrival_fullnoha_brentkung_mux.u767 (gen_famux).
Mapping positional arguments of cell mul24_mac_arrival_fullnoha_brentkung_mux.u766 (gen_famux).
Mapping positional arguments of cell mul24_mac_arrival_fullnoha_brentkung_mux.u765 (gen_famux).
Mapping positional arguments of cell mul24_mac_arrival_fullnoha_brentkung_mux.u764 (gen_famux).
Mapping positional arguments of cell mul24_mac_arrival_fullnoha_brentkung_mux.u763 (gen_famux).
Mapping positional arguments of cell mul24_mac_arrival_fullnoha_brentkung_mux.u762 (gen_famux).
Mapping positional arguments of cell mul24_mac_arrival_fullnoha_brentkung_mux.u761 (gen_famux).
Mapping positional arguments of cell mul24_mac_arrival_fullnoha_brentkung_mux.u760 (gen_famux).
Mapping positional arguments of cell mul24_mac_arrival_fullnoha_brentkung_mux.u759 (gen_famux).
Mapping positional arguments of cell mul24_mac_arrival_fullnoha_brentkung_mux.u758 (gen_famux).
Mapping positional arguments of cell mul24_mac_arrival_fullnoha_brentkung_mux.u757 (gen_famux).
Mapping positional arguments of cell mul24_mac_arrival_fullnoha_brentkung_mux.u756 (gen_famux).
Mapping positional arguments of cell mul24_mac_arrival_fullnoha_brentkung_mux.u755 (gen_famux).
Mapping positional arguments of cell mul24_mac_arrival_fullnoha_brentkung_mux.u754 (gen_famux).
Mapping positional arguments of cell mul24_mac_arrival_fullnoha_brentkung_mux.u753 (gen_famux).
Mapping positional arguments of cell mul24_mac_arrival_fullnoha_brentkung_mux.u752 (gen_famux).
Mapping positional arguments of cell mul24_mac_arrival_fullnoha_brentkung_mux.u751 (gen_famux).
Mapping positional arguments of cell mul24_mac_arrival_fullnoha_brentkung_mux.u750 (gen_famux).
Mapping positional arguments of cell mul24_mac_arrival_fullnoha_brentkung_mux.u749 (gen_famux).
Mapping positional arguments of cell mul24_mac_arrival_fullnoha_brentkung_mux.u748 (gen_famux).
Mapping positional arguments of cell mul24_mac_arrival_fullnoha_brentkung_mux.u747 (gen_famux).
Mapping positional arguments of cell mul24_mac_arrival_fullnoha_brentkung_mux.u746 (gen_famux).
Mapping positional arguments of cell mul24_mac_arrival_fullnoha_brentkung_mux.u745 (gen_famux).
Mapping positional arguments of cell mul24_mac_arrival_fullnoha_brentkung_mux.u744 (gen_famux).
Mapping positional arguments of cell mul24_mac_arrival_fullnoha_brentkung_mux.u743 (gen_famux).
Mapping positional arguments of cell mul24_mac_arrival_fullnoha_brentkung_mux.u742 (gen_famux).
Mapping positional arguments of cell mul24_mac_arrival_fullnoha_brentkung_mux.u741 (gen_famux).
Mapping positional arguments of cell mul24_mac_arrival_fullnoha_brentkung_mux.u740 (gen_famux).
Mapping positional arguments of cell mul24_mac_arrival_fullnoha_brentkung_mux.u739 (gen_famux).
Mapping positional arguments of cell mul24_mac_arrival_fullnoha_brentkung_mux.u738 (gen_famux).
Mapping positional arguments of cell mul24_mac_arrival_fullnoha_brentkung_mux.u737 (gen_famux).
Mapping positional arguments of cell mul24_mac_arrival_fullnoha_brentkung_mux.u736 (gen_famux).
Mapping positional arguments of cell mul24_mac_arrival_fullnoha_brentkung_mux.u735 (gen_famux).
Mapping positional arguments of cell mul24_mac_arrival_fullnoha_brentkung_mux.u734 (gen_famux).
Mapping positional arguments of cell mul24_mac_arrival_fullnoha_brentkung_mux.u733 (gen_famux).
Mapping positional arguments of cell mul24_mac_arrival_fullnoha_brentkung_mux.u732 (gen_famux).
Mapping positional arguments of cell mul24_mac_arrival_fullnoha_brentkung_mux.u731 (gen_famux).
Mapping positional arguments of cell mul24_mac_arrival_fullnoha_brentkung_mux.u730 (gen_famux).
Mapping positional arguments of cell mul24_mac_arrival_fullnoha_brentkung_mux.u729 (gen_famux).
Mapping positional arguments of cell mul24_mac_arrival_fullnoha_brentkung_mux.u728 (gen_famux).
Mapping positional arguments of cell mul24_mac_arrival_fullnoha_brentkung_mux.u727 (gen_famux).
Mapping positional arguments of cell mul24_mac_arrival_fullnoha_brentkung_mux.u726 (gen_famux).
Mapping positional arguments of cell mul24_mac_arrival_fullnoha_brentkung_mux.u725 (gen_famux).
Mapping positional arguments of cell mul24_mac_arrival_fullnoha_brentkung_mux.u724 (gen_famux).
Mapping positional arguments of cell mul24_mac_arrival_fullnoha_brentkung_mux.u723 (gen_famux).
Mapping positional arguments of cell mul24_mac_arrival_fullnoha_brentkung_mux.u722 (gen_famux).
Mapping positional arguments of cell mul24_mac_arrival_fullnoha_brentkung_mux.u721 (gen_famux).
Mapping positional arguments of cell mul24_mac_arrival_fullnoha_brentkung_mux.u720 (gen_famux).
Mapping positional arguments of cell mul24_mac_arrival_fullnoha_brentkung_mux.u719 (gen_famux).
Mapping positional arguments of cell mul24_mac_arrival_fullnoha_brentkung_mux.u718 (gen_famux).
Mapping positional arguments of cell mul24_mac_arrival_fullnoha_brentkung_mux.u717 (gen_famux).
Mapping positional arguments of cell mul24_mac_arrival_fullnoha_brentkung_mux.u716 (gen_famux).
Mapping positional arguments of cell mul24_mac_arrival_fullnoha_brentkung_mux.u715 (gen_famux).
Mapping positional arguments of cell mul24_mac_arrival_fullnoha_brentkung_mux.u714 (gen_famux).
Mapping positional arguments of cell mul24_mac_arrival_fullnoha_brentkung_mux.u713 (gen_famux).
Mapping positional arguments of cell mul24_mac_arrival_fullnoha_brentkung_mux.u712 (gen_famux).
Mapping positional arguments of cell mul24_mac_arrival_fullnoha_brentkung_mux.u711 (gen_famux).
Mapping positional arguments of cell mul24_mac_arrival_fullnoha_brentkung_mux.u710 (gen_famux).
Mapping positional arguments of cell mul24_mac_arrival_fullnoha_brentkung_mux.u709 (gen_famux).
Mapping positional arguments of cell mul24_mac_arrival_fullnoha_brentkung_mux.u708 (gen_famux).
Mapping positional arguments of cell mul24_mac_arrival_fullnoha_brentkung_mux.u707 (gen_famux).
Mapping positional arguments of cell mul24_mac_arrival_fullnoha_brentkung_mux.u706 (gen_famux).
Mapping positional arguments of cell mul24_mac_arrival_fullnoha_brentkung_mux.u705 (gen_famux).
Mapping positional arguments of cell mul24_mac_arrival_fullnoha_brentkung_mux.u704 (gen_famux).
Mapping positional arguments of cell mul24_mac_arrival_fullnoha_brentkung_mux.u703 (gen_famux).
Mapping positional arguments of cell mul24_mac_arrival_fullnoha_brentkung_mux.u702 (gen_famux).
Mapping positional arguments of cell mul24_mac_arrival_fullnoha_brentkung_mux.u701 (gen_famux).
Mapping positional arguments of cell mul24_mac_arrival_fullnoha_brentkung_mux.u700 (gen_famux).
Mapping positional arguments of cell mul24_mac_arrival_fullnoha_brentkung_mux.u699 (gen_famux).
Mapping positional arguments of cell mul24_mac_arrival_fullnoha_brentkung_mux.u698 (gen_famux).
Mapping positional arguments of cell mul24_mac_arrival_fullnoha_brentkung_mux.u697 (gen_famux).
Mapping positional arguments of cell mul24_mac_arrival_fullnoha_brentkung_mux.u696 (gen_famux).
Mapping positional arguments of cell mul24_mac_arrival_fullnoha_brentkung_mux.u695 (gen_famux).
Mapping positional arguments of cell mul24_mac_arrival_fullnoha_brentkung_mux.u694 (gen_famux).
Mapping positional arguments of cell mul24_mac_arrival_fullnoha_brentkung_mux.u693 (gen_famux).
Mapping positional arguments of cell mul24_mac_arrival_fullnoha_brentkung_mux.u692 (gen_famux).
Mapping positional arguments of cell mul24_mac_arrival_fullnoha_brentkung_mux.u691 (gen_famux).
Mapping positional arguments of cell mul24_mac_arrival_fullnoha_brentkung_mux.u690 (gen_famux).
Mapping positional arguments of cell mul24_mac_arrival_fullnoha_brentkung_mux.u689 (gen_famux).
Mapping positional arguments of cell mul24_mac_arrival_fullnoha_brentkung_mux.u688 (gen_famux).
Mapping positional arguments of cell mul24_mac_arrival_fullnoha_brentkung_mux.u687 (gen_famux).
Mapping positional arguments of cell mul24_mac_arrival_fullnoha_brentkung_mux.u686 (gen_famux).
Mapping positional arguments of cell mul24_mac_arrival_fullnoha_brentkung_mux.u685 (gen_famux).
Mapping positional arguments of cell mul24_mac_arrival_fullnoha_brentkung_mux.u684 (gen_famux).
Mapping positional arguments of cell mul24_mac_arrival_fullnoha_brentkung_mux.u683 (gen_famux).
Mapping positional arguments of cell mul24_mac_arrival_fullnoha_brentkung_mux.u682 (gen_famux).
Mapping positional arguments of cell mul24_mac_arrival_fullnoha_brentkung_mux.u681 (gen_famux).
Mapping positional arguments of cell mul24_mac_arrival_fullnoha_brentkung_mux.u680 (gen_famux).
Mapping positional arguments of cell mul24_mac_arrival_fullnoha_brentkung_mux.u679 (gen_famux).
Mapping positional arguments of cell mul24_mac_arrival_fullnoha_brentkung_mux.u678 (gen_famux).
Mapping positional arguments of cell mul24_mac_arrival_fullnoha_brentkung_mux.u677 (gen_famux).
Mapping positional arguments of cell mul24_mac_arrival_fullnoha_brentkung_mux.u676 (gen_famux).
Mapping positional arguments of cell mul24_mac_arrival_fullnoha_brentkung_mux.u675 (gen_famux).
Mapping positional arguments of cell mul24_mac_arrival_fullnoha_brentkung_mux.u674 (gen_famux).
Mapping positional arguments of cell mul24_mac_arrival_fullnoha_brentkung_mux.u673 (gen_famux).
Mapping positional arguments of cell mul24_mac_arrival_fullnoha_brentkung_mux.u672 (gen_famux).
Mapping positional arguments of cell mul24_mac_arrival_fullnoha_brentkung_mux.u671 (gen_famux).
Mapping positional arguments of cell mul24_mac_arrival_fullnoha_brentkung_mux.u670 (gen_famux).
Mapping positional arguments of cell mul24_mac_arrival_fullnoha_brentkung_mux.u669 (gen_famux).
Mapping positional arguments of cell mul24_mac_arrival_fullnoha_brentkung_mux.u668 (gen_famux).
Mapping positional arguments of cell mul24_mac_arrival_fullnoha_brentkung_mux.u667 (gen_famux).
Mapping positional arguments of cell mul24_mac_arrival_fullnoha_brentkung_mux.u666 (gen_famux).
Mapping positional arguments of cell mul24_mac_arrival_fullnoha_brentkung_mux.u665 (gen_famux).
Mapping positional arguments of cell mul24_mac_arrival_fullnoha_brentkung_mux.u664 (gen_famux).
Mapping positional arguments of cell mul24_mac_arrival_fullnoha_brentkung_mux.u663 (gen_famux).
Mapping positional arguments of cell mul24_mac_arrival_fullnoha_brentkung_mux.u662 (gen_famux).
Mapping positional arguments of cell mul24_mac_arrival_fullnoha_brentkung_mux.u661 (gen_famux).
Mapping positional arguments of cell mul24_mac_arrival_fullnoha_brentkung_mux.u660 (gen_famux).
Mapping positional arguments of cell mul24_mac_arrival_fullnoha_brentkung_mux.u659 (gen_famux).
Mapping positional arguments of cell mul24_mac_arrival_fullnoha_brentkung_mux.u658 (gen_famux).
Mapping positional arguments of cell mul24_mac_arrival_fullnoha_brentkung_mux.u657 (gen_famux).
Mapping positional arguments of cell mul24_mac_arrival_fullnoha_brentkung_mux.u656 (gen_famux).
Mapping positional arguments of cell mul24_mac_arrival_fullnoha_brentkung_mux.u655 (gen_famux).
Mapping positional arguments of cell mul24_mac_arrival_fullnoha_brentkung_mux.u654 (gen_famux).
Mapping positional arguments of cell mul24_mac_arrival_fullnoha_brentkung_mux.u653 (gen_famux).
Mapping positional arguments of cell mul24_mac_arrival_fullnoha_brentkung_mux.u652 (gen_famux).
Mapping positional arguments of cell mul24_mac_arrival_fullnoha_brentkung_mux.u651 (gen_famux).
Mapping positional arguments of cell mul24_mac_arrival_fullnoha_brentkung_mux.u650 (gen_famux).
Mapping positional arguments of cell mul24_mac_arrival_fullnoha_brentkung_mux.u649 (gen_famux).
Mapping positional arguments of cell mul24_mac_arrival_fullnoha_brentkung_mux.u648 (gen_famux).
Mapping positional arguments of cell mul24_mac_arrival_fullnoha_brentkung_mux.u647 (gen_famux).
Mapping positional arguments of cell mul24_mac_arrival_fullnoha_brentkung_mux.u646 (gen_famux).
Mapping positional arguments of cell mul24_mac_arrival_fullnoha_brentkung_mux.u645 (gen_famux).
Mapping positional arguments of cell mul24_mac_arrival_fullnoha_brentkung_mux.u644 (gen_famux).
Mapping positional arguments of cell mul24_mac_arrival_fullnoha_brentkung_mux.u643 (gen_famux).
Mapping positional arguments of cell mul24_mac_arrival_fullnoha_brentkung_mux.u642 (gen_famux).
Mapping positional arguments of cell mul24_mac_arrival_fullnoha_brentkung_mux.u641 (gen_famux).
Mapping positional arguments of cell mul24_mac_arrival_fullnoha_brentkung_mux.u640 (gen_famux).
Mapping positional arguments of cell mul24_mac_arrival_fullnoha_brentkung_mux.u639 (gen_famux).
Mapping positional arguments of cell mul24_mac_arrival_fullnoha_brentkung_mux.u638 (gen_famux).
Mapping positional arguments of cell mul24_mac_arrival_fullnoha_brentkung_mux.u637 (gen_famux).
Mapping positional arguments of cell mul24_mac_arrival_fullnoha_brentkung_mux.u636 (gen_famux).
Mapping positional arguments of cell mul24_mac_arrival_fullnoha_brentkung_mux.u635 (gen_famux).
Mapping positional arguments of cell mul24_mac_arrival_fullnoha_brentkung_mux.u634 (gen_famux).
Mapping positional arguments of cell mul24_mac_arrival_fullnoha_brentkung_mux.u633 (gen_famux).
Mapping positional arguments of cell mul24_mac_arrival_fullnoha_brentkung_mux.u632 (gen_famux).
Mapping positional arguments of cell mul24_mac_arrival_fullnoha_brentkung_mux.u631 (gen_famux).
Mapping positional arguments of cell mul24_mac_arrival_fullnoha_brentkung_mux.u630 (gen_famux).
Mapping positional arguments of cell mul24_mac_arrival_fullnoha_brentkung_mux.u629 (gen_famux).
Mapping positional arguments of cell mul24_mac_arrival_fullnoha_brentkung_mux.u628 (gen_famux).
Mapping positional arguments of cell mul24_mac_arrival_fullnoha_brentkung_mux.u627 (gen_famux).
Mapping positional arguments of cell mul24_mac_arrival_fullnoha_brentkung_mux.u626 (gen_famux).
Mapping positional arguments of cell mul24_mac_arrival_fullnoha_brentkung_mux.u625 (gen_famux).
Mapping positional arguments of cell mul24_mac_arrival_fullnoha_brentkung_mux.u624 (gen_famux).
Mapping positional arguments of cell mul24_mac_arrival_fullnoha_brentkung_mux.u623 (gen_famux).
Mapping positional arguments of cell mul24_mac_arrival_fullnoha_brentkung_mux.u622 (gen_famux).
Mapping positional arguments of cell mul24_mac_arrival_fullnoha_brentkung_mux.u621 (gen_famux).
Mapping positional arguments of cell mul24_mac_arrival_fullnoha_brentkung_mux.u620 (gen_famux).
Mapping positional arguments of cell mul24_mac_arrival_fullnoha_brentkung_mux.u619 (gen_famux).
Mapping positional arguments of cell mul24_mac_arrival_fullnoha_brentkung_mux.u618 (gen_famux).
Mapping positional arguments of cell mul24_mac_arrival_fullnoha_brentkung_mux.u617 (gen_famux).
Mapping positional arguments of cell mul24_mac_arrival_fullnoha_brentkung_mux.u616 (gen_famux).
Mapping positional arguments of cell mul24_mac_arrival_fullnoha_brentkung_mux.u615 (gen_famux).
Mapping positional arguments of cell mul24_mac_arrival_fullnoha_brentkung_mux.u614 (gen_famux).
Mapping positional arguments of cell mul24_mac_arrival_fullnoha_brentkung_mux.u613 (gen_famux).
Mapping positional arguments of cell mul24_mac_arrival_fullnoha_brentkung_mux.u612 (gen_famux).
Mapping positional arguments of cell mul24_mac_arrival_fullnoha_brentkung_mux.u611 (gen_famux).
Mapping positional arguments of cell mul24_mac_arrival_fullnoha_brentkung_mux.u610 (gen_famux).
Mapping positional arguments of cell mul24_mac_arrival_fullnoha_brentkung_mux.u609 (gen_famux).
Mapping positional arguments of cell mul24_mac_arrival_fullnoha_brentkung_mux.u608 (gen_famux).
Mapping positional arguments of cell mul24_mac_arrival_fullnoha_brentkung_mux.u607 (gen_famux).
Mapping positional arguments of cell mul24_mac_arrival_fullnoha_brentkung_mux.u606 (gen_famux).
Mapping positional arguments of cell mul24_mac_arrival_fullnoha_brentkung_mux.u605 (gen_famux).
Mapping positional arguments of cell mul24_mac_arrival_fullnoha_brentkung_mux.u604 (gen_famux).
Mapping positional arguments of cell mul24_mac_arrival_fullnoha_brentkung_mux.u603 (gen_famux).
Mapping positional arguments of cell mul24_mac_arrival_fullnoha_brentkung_mux.u602 (gen_famux).
Mapping positional arguments of cell mul24_mac_arrival_fullnoha_brentkung_mux.u601 (gen_famux).
Mapping positional arguments of cell mul24_mac_arrival_fullnoha_brentkung_mux.u600 (gen_famux).
Mapping positional arguments of cell mul24_mac_arrival_fullnoha_brentkung_mux.u599 (gen_famux).
Mapping positional arguments of cell mul24_mac_arrival_fullnoha_brentkung_mux.u598 (gen_famux).
Mapping positional arguments of cell mul24_mac_arrival_fullnoha_brentkung_mux.u597 (gen_famux).
Mapping positional arguments of cell mul24_mac_arrival_fullnoha_brentkung_mux.u596 (gen_famux).
Mapping positional arguments of cell mul24_mac_arrival_fullnoha_brentkung_mux.u595 (gen_famux).
Mapping positional arguments of cell mul24_mac_arrival_fullnoha_brentkung_mux.u594 (gen_famux).
Mapping positional arguments of cell mul24_mac_arrival_fullnoha_brentkung_mux.u593 (gen_famux).
Mapping positional arguments of cell mul24_mac_arrival_fullnoha_brentkung_mux.u592 (gen_famux).
Mapping positional arguments of cell mul24_mac_arrival_fullnoha_brentkung_mux.u591 (gen_famux).
Mapping positional arguments of cell mul24_mac_arrival_fullnoha_brentkung_mux.u590 (gen_famux).
Mapping positional arguments of cell mul24_mac_arrival_fullnoha_brentkung_mux.u589 (gen_famux).
Mapping positional arguments of cell mul24_mac_arrival_fullnoha_brentkung_mux.u588 (gen_famux).
Mapping positional arguments of cell mul24_mac_arrival_fullnoha_brentkung_mux.u587 (gen_famux).
Mapping positional arguments of cell mul24_mac_arrival_fullnoha_brentkung_mux.u586 (gen_famux).
Mapping positional arguments of cell mul24_mac_arrival_fullnoha_brentkung_mux.u585 (gen_famux).
Mapping positional arguments of cell mul24_mac_arrival_fullnoha_brentkung_mux.u584 (gen_famux).
Mapping positional arguments of cell mul24_mac_arrival_fullnoha_brentkung_mux.u583 (gen_famux).
Mapping positional arguments of cell mul24_mac_arrival_fullnoha_brentkung_mux.u582 (gen_famux).
Mapping positional arguments of cell mul24_mac_arrival_fullnoha_brentkung_mux.u581 (gen_famux).
Mapping positional arguments of cell mul24_mac_arrival_fullnoha_brentkung_mux.u580 (gen_famux).
Mapping positional arguments of cell mul24_mac_arrival_fullnoha_brentkung_mux.u579 (gen_famux).
Mapping positional arguments of cell mul24_mac_arrival_fullnoha_brentkung_mux.u578 (gen_famux).
Mapping positional arguments of cell mul24_mac_arrival_fullnoha_brentkung_mux.u577 (gen_famux).
Mapping positional arguments of cell mul24_mac_arrival_fullnoha_brentkung_mux.u576 (gen_famux).
Mapping positional arguments of cell mul24_mac_arrival_fullnoha_brentkung_mux.u575 (gen_and2).
Mapping positional arguments of cell mul24_mac_arrival_fullnoha_brentkung_mux.u574 (gen_and2).
Mapping positional arguments of cell mul24_mac_arrival_fullnoha_brentkung_mux.u573 (gen_and2).
Mapping positional arguments of cell mul24_mac_arrival_fullnoha_brentkung_mux.u572 (gen_and2).
Mapping positional arguments of cell mul24_mac_arrival_fullnoha_brentkung_mux.u571 (gen_and2).
Mapping positional arguments of cell mul24_mac_arrival_fullnoha_brentkung_mux.u570 (gen_and2).
Mapping positional arguments of cell mul24_mac_arrival_fullnoha_brentkung_mux.u569 (gen_and2).
Mapping positional arguments of cell mul24_mac_arrival_fullnoha_brentkung_mux.u568 (gen_and2).
Mapping positional arguments of cell mul24_mac_arrival_fullnoha_brentkung_mux.u567 (gen_and2).
Mapping positional arguments of cell mul24_mac_arrival_fullnoha_brentkung_mux.u566 (gen_and2).
Mapping positional arguments of cell mul24_mac_arrival_fullnoha_brentkung_mux.u565 (gen_and2).
Mapping positional arguments of cell mul24_mac_arrival_fullnoha_brentkung_mux.u564 (gen_and2).
Mapping positional arguments of cell mul24_mac_arrival_fullnoha_brentkung_mux.u563 (gen_and2).
Mapping positional arguments of cell mul24_mac_arrival_fullnoha_brentkung_mux.u562 (gen_and2).
Mapping positional arguments of cell mul24_mac_arrival_fullnoha_brentkung_mux.u561 (gen_and2).
Mapping positional arguments of cell mul24_mac_arrival_fullnoha_brentkung_mux.u560 (gen_and2).
Mapping positional arguments of cell mul24_mac_arrival_fullnoha_brentkung_mux.u559 (gen_and2).
Mapping positional arguments of cell mul24_mac_arrival_fullnoha_brentkung_mux.u558 (gen_and2).
Mapping positional arguments of cell mul24_mac_arrival_fullnoha_brentkung_mux.u557 (gen_and2).
Mapping positional arguments of cell mul24_mac_arrival_fullnoha_brentkung_mux.u556 (gen_and2).
Mapping positional arguments of cell mul24_mac_arrival_fullnoha_brentkung_mux.u555 (gen_and2).
Mapping positional arguments of cell mul24_mac_arrival_fullnoha_brentkung_mux.u554 (gen_and2).
Mapping positional arguments of cell mul24_mac_arrival_fullnoha_brentkung_mux.u553 (gen_and2).
Mapping positional arguments of cell mul24_mac_arrival_fullnoha_brentkung_mux.u552 (gen_and2).
Mapping positional arguments of cell mul24_mac_arrival_fullnoha_brentkung_mux.u551 (gen_and2).
Mapping positional arguments of cell mul24_mac_arrival_fullnoha_brentkung_mux.u550 (gen_and2).
Mapping positional arguments of cell mul24_mac_arrival_fullnoha_brentkung_mux.u549 (gen_and2).
Mapping positional arguments of cell mul24_mac_arrival_fullnoha_brentkung_mux.u548 (gen_and2).
Mapping positional arguments of cell mul24_mac_arrival_fullnoha_brentkung_mux.u547 (gen_and2).
Mapping positional arguments of cell mul24_mac_arrival_fullnoha_brentkung_mux.u546 (gen_and2).
Mapping positional arguments of cell mul24_mac_arrival_fullnoha_brentkung_mux.u545 (gen_and2).
Mapping positional arguments of cell mul24_mac_arrival_fullnoha_brentkung_mux.u544 (gen_and2).
Mapping positional arguments of cell mul24_mac_arrival_fullnoha_brentkung_mux.u543 (gen_and2).
Mapping positional arguments of cell mul24_mac_arrival_fullnoha_brentkung_mux.u542 (gen_and2).
Mapping positional arguments of cell mul24_mac_arrival_fullnoha_brentkung_mux.u541 (gen_and2).
Mapping positional arguments of cell mul24_mac_arrival_fullnoha_brentkung_mux.u540 (gen_and2).
Mapping positional arguments of cell mul24_mac_arrival_fullnoha_brentkung_mux.u539 (gen_and2).
Mapping positional arguments of cell mul24_mac_arrival_fullnoha_brentkung_mux.u538 (gen_and2).
Mapping positional arguments of cell mul24_mac_arrival_fullnoha_brentkung_mux.u537 (gen_and2).
Mapping positional arguments of cell mul24_mac_arrival_fullnoha_brentkung_mux.u536 (gen_and2).
Mapping positional arguments of cell mul24_mac_arrival_fullnoha_brentkung_mux.u535 (gen_and2).
Mapping positional arguments of cell mul24_mac_arrival_fullnoha_brentkung_mux.u534 (gen_and2).
Mapping positional arguments of cell mul24_mac_arrival_fullnoha_brentkung_mux.u533 (gen_and2).
Mapping positional arguments of cell mul24_mac_arrival_fullnoha_brentkung_mux.u532 (gen_and2).
Mapping positional arguments of cell mul24_mac_arrival_fullnoha_brentkung_mux.u531 (gen_and2).
Mapping positional arguments of cell mul24_mac_arrival_fullnoha_brentkung_mux.u530 (gen_and2).
Mapping positional arguments of cell mul24_mac_arrival_fullnoha_brentkung_mux.u529 (gen_and2).
Mapping positional arguments of cell mul24_mac_arrival_fullnoha_brentkung_mux.u528 (gen_and2).
Mapping positional arguments of cell mul24_mac_arrival_fullnoha_brentkung_mux.u527 (gen_and2).
Mapping positional arguments of cell mul24_mac_arrival_fullnoha_brentkung_mux.u526 (gen_and2).
Mapping positional arguments of cell mul24_mac_arrival_fullnoha_brentkung_mux.u525 (gen_and2).
Mapping positional arguments of cell mul24_mac_arrival_fullnoha_brentkung_mux.u524 (gen_and2).
Mapping positional arguments of cell mul24_mac_arrival_fullnoha_brentkung_mux.u523 (gen_and2).
Mapping positional arguments of cell mul24_mac_arrival_fullnoha_brentkung_mux.u522 (gen_and2).
Mapping positional arguments of cell mul24_mac_arrival_fullnoha_brentkung_mux.u521 (gen_and2).
Mapping positional arguments of cell mul24_mac_arrival_fullnoha_brentkung_mux.u520 (gen_and2).
Mapping positional arguments of cell mul24_mac_arrival_fullnoha_brentkung_mux.u519 (gen_and2).
Mapping positional arguments of cell mul24_mac_arrival_fullnoha_brentkung_mux.u518 (gen_and2).
Mapping positional arguments of cell mul24_mac_arrival_fullnoha_brentkung_mux.u517 (gen_and2).
Mapping positional arguments of cell mul24_mac_arrival_fullnoha_brentkung_mux.u516 (gen_and2).
Mapping positional arguments of cell mul24_mac_arrival_fullnoha_brentkung_mux.u515 (gen_and2).
Mapping positional arguments of cell mul24_mac_arrival_fullnoha_brentkung_mux.u514 (gen_and2).
Mapping positional arguments of cell mul24_mac_arrival_fullnoha_brentkung_mux.u513 (gen_and2).
Mapping positional arguments of cell mul24_mac_arrival_fullnoha_brentkung_mux.u512 (gen_and2).
Mapping positional arguments of cell mul24_mac_arrival_fullnoha_brentkung_mux.u511 (gen_and2).
Mapping positional arguments of cell mul24_mac_arrival_fullnoha_brentkung_mux.u510 (gen_and2).
Mapping positional arguments of cell mul24_mac_arrival_fullnoha_brentkung_mux.u509 (gen_and2).
Mapping positional arguments of cell mul24_mac_arrival_fullnoha_brentkung_mux.u508 (gen_and2).
Mapping positional arguments of cell mul24_mac_arrival_fullnoha_brentkung_mux.u507 (gen_and2).
Mapping positional arguments of cell mul24_mac_arrival_fullnoha_brentkung_mux.u506 (gen_and2).
Mapping positional arguments of cell mul24_mac_arrival_fullnoha_brentkung_mux.u505 (gen_and2).
Mapping positional arguments of cell mul24_mac_arrival_fullnoha_brentkung_mux.u504 (gen_and2).
Mapping positional arguments of cell mul24_mac_arrival_fullnoha_brentkung_mux.u503 (gen_and2).
Mapping positional arguments of cell mul24_mac_arrival_fullnoha_brentkung_mux.u502 (gen_and2).
Mapping positional arguments of cell mul24_mac_arrival_fullnoha_brentkung_mux.u501 (gen_and2).
Mapping positional arguments of cell mul24_mac_arrival_fullnoha_brentkung_mux.u500 (gen_and2).
Mapping positional arguments of cell mul24_mac_arrival_fullnoha_brentkung_mux.u499 (gen_and2).
Mapping positional arguments of cell mul24_mac_arrival_fullnoha_brentkung_mux.u498 (gen_and2).
Mapping positional arguments of cell mul24_mac_arrival_fullnoha_brentkung_mux.u497 (gen_and2).
Mapping positional arguments of cell mul24_mac_arrival_fullnoha_brentkung_mux.u496 (gen_and2).
Mapping positional arguments of cell mul24_mac_arrival_fullnoha_brentkung_mux.u495 (gen_and2).
Mapping positional arguments of cell mul24_mac_arrival_fullnoha_brentkung_mux.u494 (gen_and2).
Mapping positional arguments of cell mul24_mac_arrival_fullnoha_brentkung_mux.u493 (gen_and2).
Mapping positional arguments of cell mul24_mac_arrival_fullnoha_brentkung_mux.u492 (gen_and2).
Mapping positional arguments of cell mul24_mac_arrival_fullnoha_brentkung_mux.u491 (gen_and2).
Mapping positional arguments of cell mul24_mac_arrival_fullnoha_brentkung_mux.u490 (gen_and2).
Mapping positional arguments of cell mul24_mac_arrival_fullnoha_brentkung_mux.u489 (gen_and2).
Mapping positional arguments of cell mul24_mac_arrival_fullnoha_brentkung_mux.u488 (gen_and2).
Mapping positional arguments of cell mul24_mac_arrival_fullnoha_brentkung_mux.u487 (gen_and2).
Mapping positional arguments of cell mul24_mac_arrival_fullnoha_brentkung_mux.u486 (gen_and2).
Mapping positional arguments of cell mul24_mac_arrival_fullnoha_brentkung_mux.u485 (gen_and2).
Mapping positional arguments of cell mul24_mac_arrival_fullnoha_brentkung_mux.u484 (gen_and2).
Mapping positional arguments of cell mul24_mac_arrival_fullnoha_brentkung_mux.u483 (gen_and2).
Mapping positional arguments of cell mul24_mac_arrival_fullnoha_brentkung_mux.u482 (gen_and2).
Mapping positional arguments of cell mul24_mac_arrival_fullnoha_brentkung_mux.u481 (gen_and2).
Mapping positional arguments of cell mul24_mac_arrival_fullnoha_brentkung_mux.u480 (gen_and2).
Mapping positional arguments of cell mul24_mac_arrival_fullnoha_brentkung_mux.u479 (gen_and2).
Mapping positional arguments of cell mul24_mac_arrival_fullnoha_brentkung_mux.u478 (gen_and2).
Mapping positional arguments of cell mul24_mac_arrival_fullnoha_brentkung_mux.u477 (gen_and2).
Mapping positional arguments of cell mul24_mac_arrival_fullnoha_brentkung_mux.u476 (gen_and2).
Mapping positional arguments of cell mul24_mac_arrival_fullnoha_brentkung_mux.u475 (gen_and2).
Mapping positional arguments of cell mul24_mac_arrival_fullnoha_brentkung_mux.u474 (gen_and2).
Mapping positional arguments of cell mul24_mac_arrival_fullnoha_brentkung_mux.u473 (gen_and2).
Mapping positional arguments of cell mul24_mac_arrival_fullnoha_brentkung_mux.u472 (gen_and2).
Mapping positional arguments of cell mul24_mac_arrival_fullnoha_brentkung_mux.u471 (gen_and2).
Mapping positional arguments of cell mul24_mac_arrival_fullnoha_brentkung_mux.u470 (gen_and2).
Mapping positional arguments of cell mul24_mac_arrival_fullnoha_brentkung_mux.u469 (gen_and2).
Mapping positional arguments of cell mul24_mac_arrival_fullnoha_brentkung_mux.u468 (gen_and2).
Mapping positional arguments of cell mul24_mac_arrival_fullnoha_brentkung_mux.u467 (gen_and2).
Mapping positional arguments of cell mul24_mac_arrival_fullnoha_brentkung_mux.u466 (gen_and2).
Mapping positional arguments of cell mul24_mac_arrival_fullnoha_brentkung_mux.u465 (gen_and2).
Mapping positional arguments of cell mul24_mac_arrival_fullnoha_brentkung_mux.u464 (gen_and2).
Mapping positional arguments of cell mul24_mac_arrival_fullnoha_brentkung_mux.u463 (gen_and2).
Mapping positional arguments of cell mul24_mac_arrival_fullnoha_brentkung_mux.u462 (gen_and2).
Mapping positional arguments of cell mul24_mac_arrival_fullnoha_brentkung_mux.u461 (gen_and2).
Mapping positional arguments of cell mul24_mac_arrival_fullnoha_brentkung_mux.u460 (gen_and2).
Mapping positional arguments of cell mul24_mac_arrival_fullnoha_brentkung_mux.u459 (gen_and2).
Mapping positional arguments of cell mul24_mac_arrival_fullnoha_brentkung_mux.u458 (gen_and2).
Mapping positional arguments of cell mul24_mac_arrival_fullnoha_brentkung_mux.u457 (gen_and2).
Mapping positional arguments of cell mul24_mac_arrival_fullnoha_brentkung_mux.u456 (gen_and2).
Mapping positional arguments of cell mul24_mac_arrival_fullnoha_brentkung_mux.u455 (gen_and2).
Mapping positional arguments of cell mul24_mac_arrival_fullnoha_brentkung_mux.u454 (gen_and2).
Mapping positional arguments of cell mul24_mac_arrival_fullnoha_brentkung_mux.u453 (gen_and2).
Mapping positional arguments of cell mul24_mac_arrival_fullnoha_brentkung_mux.u452 (gen_and2).
Mapping positional arguments of cell mul24_mac_arrival_fullnoha_brentkung_mux.u451 (gen_and2).
Mapping positional arguments of cell mul24_mac_arrival_fullnoha_brentkung_mux.u450 (gen_and2).
Mapping positional arguments of cell mul24_mac_arrival_fullnoha_brentkung_mux.u449 (gen_and2).
Mapping positional arguments of cell mul24_mac_arrival_fullnoha_brentkung_mux.u448 (gen_and2).
Mapping positional arguments of cell mul24_mac_arrival_fullnoha_brentkung_mux.u447 (gen_and2).
Mapping positional arguments of cell mul24_mac_arrival_fullnoha_brentkung_mux.u446 (gen_and2).
Mapping positional arguments of cell mul24_mac_arrival_fullnoha_brentkung_mux.u445 (gen_and2).
Mapping positional arguments of cell mul24_mac_arrival_fullnoha_brentkung_mux.u444 (gen_and2).
Mapping positional arguments of cell mul24_mac_arrival_fullnoha_brentkung_mux.u443 (gen_and2).
Mapping positional arguments of cell mul24_mac_arrival_fullnoha_brentkung_mux.u442 (gen_and2).
Mapping positional arguments of cell mul24_mac_arrival_fullnoha_brentkung_mux.u441 (gen_and2).
Mapping positional arguments of cell mul24_mac_arrival_fullnoha_brentkung_mux.u440 (gen_and2).
Mapping positional arguments of cell mul24_mac_arrival_fullnoha_brentkung_mux.u439 (gen_and2).
Mapping positional arguments of cell mul24_mac_arrival_fullnoha_brentkung_mux.u438 (gen_and2).
Mapping positional arguments of cell mul24_mac_arrival_fullnoha_brentkung_mux.u437 (gen_and2).
Mapping positional arguments of cell mul24_mac_arrival_fullnoha_brentkung_mux.u436 (gen_and2).
Mapping positional arguments of cell mul24_mac_arrival_fullnoha_brentkung_mux.u435 (gen_and2).
Mapping positional arguments of cell mul24_mac_arrival_fullnoha_brentkung_mux.u434 (gen_and2).
Mapping positional arguments of cell mul24_mac_arrival_fullnoha_brentkung_mux.u433 (gen_and2).
Mapping positional arguments of cell mul24_mac_arrival_fullnoha_brentkung_mux.u432 (gen_and2).
Mapping positional arguments of cell mul24_mac_arrival_fullnoha_brentkung_mux.u431 (gen_and2).
Mapping positional arguments of cell mul24_mac_arrival_fullnoha_brentkung_mux.u430 (gen_and2).
Mapping positional arguments of cell mul24_mac_arrival_fullnoha_brentkung_mux.u429 (gen_and2).
Mapping positional arguments of cell mul24_mac_arrival_fullnoha_brentkung_mux.u428 (gen_and2).
Mapping positional arguments of cell mul24_mac_arrival_fullnoha_brentkung_mux.u427 (gen_and2).
Mapping positional arguments of cell mul24_mac_arrival_fullnoha_brentkung_mux.u426 (gen_and2).
Mapping positional arguments of cell mul24_mac_arrival_fullnoha_brentkung_mux.u425 (gen_and2).
Mapping positional arguments of cell mul24_mac_arrival_fullnoha_brentkung_mux.u424 (gen_and2).
Mapping positional arguments of cell mul24_mac_arrival_fullnoha_brentkung_mux.u423 (gen_and2).
Mapping positional arguments of cell mul24_mac_arrival_fullnoha_brentkung_mux.u422 (gen_and2).
Mapping positional arguments of cell mul24_mac_arrival_fullnoha_brentkung_mux.u421 (gen_and2).
Mapping positional arguments of cell mul24_mac_arrival_fullnoha_brentkung_mux.u420 (gen_and2).
Mapping positional arguments of cell mul24_mac_arrival_fullnoha_brentkung_mux.u419 (gen_and2).
Mapping positional arguments of cell mul24_mac_arrival_fullnoha_brentkung_mux.u418 (gen_and2).
Mapping positional arguments of cell mul24_mac_arrival_fullnoha_brentkung_mux.u417 (gen_and2).
Mapping positional arguments of cell mul24_mac_arrival_fullnoha_brentkung_mux.u416 (gen_and2).
Mapping positional arguments of cell mul24_mac_arrival_fullnoha_brentkung_mux.u415 (gen_and2).
Mapping positional arguments of cell mul24_mac_arrival_fullnoha_brentkung_mux.u414 (gen_and2).
Mapping positional arguments of cell mul24_mac_arrival_fullnoha_brentkung_mux.u413 (gen_and2).
Mapping positional arguments of cell mul24_mac_arrival_fullnoha_brentkung_mux.u412 (gen_and2).
Mapping positional arguments of cell mul24_mac_arrival_fullnoha_brentkung_mux.u411 (gen_and2).
Mapping positional arguments of cell mul24_mac_arrival_fullnoha_brentkung_mux.u410 (gen_and2).
Mapping positional arguments of cell mul24_mac_arrival_fullnoha_brentkung_mux.u409 (gen_and2).
Mapping positional arguments of cell mul24_mac_arrival_fullnoha_brentkung_mux.u408 (gen_and2).
Mapping positional arguments of cell mul24_mac_arrival_fullnoha_brentkung_mux.u407 (gen_and2).
Mapping positional arguments of cell mul24_mac_arrival_fullnoha_brentkung_mux.u406 (gen_and2).
Mapping positional arguments of cell mul24_mac_arrival_fullnoha_brentkung_mux.u405 (gen_and2).
Mapping positional arguments of cell mul24_mac_arrival_fullnoha_brentkung_mux.u404 (gen_and2).
Mapping positional arguments of cell mul24_mac_arrival_fullnoha_brentkung_mux.u403 (gen_and2).
Mapping positional arguments of cell mul24_mac_arrival_fullnoha_brentkung_mux.u402 (gen_and2).
Mapping positional arguments of cell mul24_mac_arrival_fullnoha_brentkung_mux.u401 (gen_and2).
Mapping positional arguments of cell mul24_mac_arrival_fullnoha_brentkung_mux.u400 (gen_and2).
Mapping positional arguments of cell mul24_mac_arrival_fullnoha_brentkung_mux.u399 (gen_and2).
Mapping positional arguments of cell mul24_mac_arrival_fullnoha_brentkung_mux.u398 (gen_and2).
Mapping positional arguments of cell mul24_mac_arrival_fullnoha_brentkung_mux.u397 (gen_and2).
Mapping positional arguments of cell mul24_mac_arrival_fullnoha_brentkung_mux.u396 (gen_and2).
Mapping positional arguments of cell mul24_mac_arrival_fullnoha_brentkung_mux.u395 (gen_and2).
Mapping positional arguments of cell mul24_mac_arrival_fullnoha_brentkung_mux.u394 (gen_and2).
Mapping positional arguments of cell mul24_mac_arrival_fullnoha_brentkung_mux.u393 (gen_and2).
Mapping positional arguments of cell mul24_mac_arrival_fullnoha_brentkung_mux.u392 (gen_and2).
Mapping positional arguments of cell mul24_mac_arrival_fullnoha_brentkung_mux.u391 (gen_and2).
Mapping positional arguments of cell mul24_mac_arrival_fullnoha_brentkung_mux.u390 (gen_and2).
Mapping positional arguments of cell mul24_mac_arrival_fullnoha_brentkung_mux.u389 (gen_and2).
Mapping positional arguments of cell mul24_mac_arrival_fullnoha_brentkung_mux.u388 (gen_and2).
Mapping positional arguments of cell mul24_mac_arrival_fullnoha_brentkung_mux.u387 (gen_and2).
Mapping positional arguments of cell mul24_mac_arrival_fullnoha_brentkung_mux.u386 (gen_and2).
Mapping positional arguments of cell mul24_mac_arrival_fullnoha_brentkung_mux.u385 (gen_and2).
Mapping positional arguments of cell mul24_mac_arrival_fullnoha_brentkung_mux.u384 (gen_and2).
Mapping positional arguments of cell mul24_mac_arrival_fullnoha_brentkung_mux.u383 (gen_and2).
Mapping positional arguments of cell mul24_mac_arrival_fullnoha_brentkung_mux.u382 (gen_and2).
Mapping positional arguments of cell mul24_mac_arrival_fullnoha_brentkung_mux.u381 (gen_and2).
Mapping positional arguments of cell mul24_mac_arrival_fullnoha_brentkung_mux.u380 (gen_and2).
Mapping positional arguments of cell mul24_mac_arrival_fullnoha_brentkung_mux.u379 (gen_and2).
Mapping positional arguments of cell mul24_mac_arrival_fullnoha_brentkung_mux.u378 (gen_and2).
Mapping positional arguments of cell mul24_mac_arrival_fullnoha_brentkung_mux.u377 (gen_and2).
Mapping positional arguments of cell mul24_mac_arrival_fullnoha_brentkung_mux.u376 (gen_and2).
Mapping positional arguments of cell mul24_mac_arrival_fullnoha_brentkung_mux.u375 (gen_and2).
Mapping positional arguments of cell mul24_mac_arrival_fullnoha_brentkung_mux.u374 (gen_and2).
Mapping positional arguments of cell mul24_mac_arrival_fullnoha_brentkung_mux.u373 (gen_and2).
Mapping positional arguments of cell mul24_mac_arrival_fullnoha_brentkung_mux.u372 (gen_and2).
Mapping positional arguments of cell mul24_mac_arrival_fullnoha_brentkung_mux.u371 (gen_and2).
Mapping positional arguments of cell mul24_mac_arrival_fullnoha_brentkung_mux.u370 (gen_and2).
Mapping positional arguments of cell mul24_mac_arrival_fullnoha_brentkung_mux.u369 (gen_and2).
Mapping positional arguments of cell mul24_mac_arrival_fullnoha_brentkung_mux.u368 (gen_and2).
Mapping positional arguments of cell mul24_mac_arrival_fullnoha_brentkung_mux.u367 (gen_and2).
Mapping positional arguments of cell mul24_mac_arrival_fullnoha_brentkung_mux.u366 (gen_and2).
Mapping positional arguments of cell mul24_mac_arrival_fullnoha_brentkung_mux.u365 (gen_and2).
Mapping positional arguments of cell mul24_mac_arrival_fullnoha_brentkung_mux.u364 (gen_and2).
Mapping positional arguments of cell mul24_mac_arrival_fullnoha_brentkung_mux.u363 (gen_and2).
Mapping positional arguments of cell mul24_mac_arrival_fullnoha_brentkung_mux.u362 (gen_and2).
Mapping positional arguments of cell mul24_mac_arrival_fullnoha_brentkung_mux.u361 (gen_and2).
Mapping positional arguments of cell mul24_mac_arrival_fullnoha_brentkung_mux.u360 (gen_and2).
Mapping positional arguments of cell mul24_mac_arrival_fullnoha_brentkung_mux.u359 (gen_and2).
Mapping positional arguments of cell mul24_mac_arrival_fullnoha_brentkung_mux.u358 (gen_and2).
Mapping positional arguments of cell mul24_mac_arrival_fullnoha_brentkung_mux.u357 (gen_and2).
Mapping positional arguments of cell mul24_mac_arrival_fullnoha_brentkung_mux.u356 (gen_and2).
Mapping positional arguments of cell mul24_mac_arrival_fullnoha_brentkung_mux.u355 (gen_and2).
Mapping positional arguments of cell mul24_mac_arrival_fullnoha_brentkung_mux.u354 (gen_and2).
Mapping positional arguments of cell mul24_mac_arrival_fullnoha_brentkung_mux.u353 (gen_and2).
Mapping positional arguments of cell mul24_mac_arrival_fullnoha_brentkung_mux.u352 (gen_and2).
Mapping positional arguments of cell mul24_mac_arrival_fullnoha_brentkung_mux.u351 (gen_and2).
Mapping positional arguments of cell mul24_mac_arrival_fullnoha_brentkung_mux.u350 (gen_and2).
Mapping positional arguments of cell mul24_mac_arrival_fullnoha_brentkung_mux.u349 (gen_and2).
Mapping positional arguments of cell mul24_mac_arrival_fullnoha_brentkung_mux.u348 (gen_and2).
Mapping positional arguments of cell mul24_mac_arrival_fullnoha_brentkung_mux.u347 (gen_and2).
Mapping positional arguments of cell mul24_mac_arrival_fullnoha_brentkung_mux.u346 (gen_and2).
Mapping positional arguments of cell mul24_mac_arrival_fullnoha_brentkung_mux.u345 (gen_and2).
Mapping positional arguments of cell mul24_mac_arrival_fullnoha_brentkung_mux.u344 (gen_and2).
Mapping positional arguments of cell mul24_mac_arrival_fullnoha_brentkung_mux.u343 (gen_and2).
Mapping positional arguments of cell mul24_mac_arrival_fullnoha_brentkung_mux.u342 (gen_and2).
Mapping positional arguments of cell mul24_mac_arrival_fullnoha_brentkung_mux.u341 (gen_and2).
Mapping positional arguments of cell mul24_mac_arrival_fullnoha_brentkung_mux.u340 (gen_and2).
Mapping positional arguments of cell mul24_mac_arrival_fullnoha_brentkung_mux.u339 (gen_and2).
Mapping positional arguments of cell mul24_mac_arrival_fullnoha_brentkung_mux.u338 (gen_and2).
Mapping positional arguments of cell mul24_mac_arrival_fullnoha_brentkung_mux.u337 (gen_and2).
Mapping positional arguments of cell mul24_mac_arrival_fullnoha_brentkung_mux.u336 (gen_and2).
Mapping positional arguments of cell mul24_mac_arrival_fullnoha_brentkung_mux.u335 (gen_and2).
Mapping positional arguments of cell mul24_mac_arrival_fullnoha_brentkung_mux.u334 (gen_and2).
Mapping positional arguments of cell mul24_mac_arrival_fullnoha_brentkung_mux.u333 (gen_and2).
Mapping positional arguments of cell mul24_mac_arrival_fullnoha_brentkung_mux.u332 (gen_and2).
Mapping positional arguments of cell mul24_mac_arrival_fullnoha_brentkung_mux.u331 (gen_and2).
Mapping positional arguments of cell mul24_mac_arrival_fullnoha_brentkung_mux.u330 (gen_and2).
Mapping positional arguments of cell mul24_mac_arrival_fullnoha_brentkung_mux.u329 (gen_and2).
Mapping positional arguments of cell mul24_mac_arrival_fullnoha_brentkung_mux.u328 (gen_and2).
Mapping positional arguments of cell mul24_mac_arrival_fullnoha_brentkung_mux.u327 (gen_and2).
Mapping positional arguments of cell mul24_mac_arrival_fullnoha_brentkung_mux.u326 (gen_and2).
Mapping positional arguments of cell mul24_mac_arrival_fullnoha_brentkung_mux.u325 (gen_and2).
Mapping positional arguments of cell mul24_mac_arrival_fullnoha_brentkung_mux.u324 (gen_and2).
Mapping positional arguments of cell mul24_mac_arrival_fullnoha_brentkung_mux.u323 (gen_and2).
Mapping positional arguments of cell mul24_mac_arrival_fullnoha_brentkung_mux.u322 (gen_and2).
Mapping positional arguments of cell mul24_mac_arrival_fullnoha_brentkung_mux.u321 (gen_and2).
Mapping positional arguments of cell mul24_mac_arrival_fullnoha_brentkung_mux.u320 (gen_and2).
Mapping positional arguments of cell mul24_mac_arrival_fullnoha_brentkung_mux.u319 (gen_and2).
Mapping positional arguments of cell mul24_mac_arrival_fullnoha_brentkung_mux.u318 (gen_and2).
Mapping positional arguments of cell mul24_mac_arrival_fullnoha_brentkung_mux.u317 (gen_and2).
Mapping positional arguments of cell mul24_mac_arrival_fullnoha_brentkung_mux.u316 (gen_and2).
Mapping positional arguments of cell mul24_mac_arrival_fullnoha_brentkung_mux.u315 (gen_and2).
Mapping positional arguments of cell mul24_mac_arrival_fullnoha_brentkung_mux.u314 (gen_and2).
Mapping positional arguments of cell mul24_mac_arrival_fullnoha_brentkung_mux.u313 (gen_and2).
Mapping positional arguments of cell mul24_mac_arrival_fullnoha_brentkung_mux.u312 (gen_and2).
Mapping positional arguments of cell mul24_mac_arrival_fullnoha_brentkung_mux.u311 (gen_and2).
Mapping positional arguments of cell mul24_mac_arrival_fullnoha_brentkung_mux.u310 (gen_and2).
Mapping positional arguments of cell mul24_mac_arrival_fullnoha_brentkung_mux.u309 (gen_and2).
Mapping positional arguments of cell mul24_mac_arrival_fullnoha_brentkung_mux.u308 (gen_and2).
Mapping positional arguments of cell mul24_mac_arrival_fullnoha_brentkung_mux.u307 (gen_and2).
Mapping positional arguments of cell mul24_mac_arrival_fullnoha_brentkung_mux.u306 (gen_and2).
Mapping positional arguments of cell mul24_mac_arrival_fullnoha_brentkung_mux.u305 (gen_and2).
Mapping positional arguments of cell mul24_mac_arrival_fullnoha_brentkung_mux.u304 (gen_and2).
Mapping positional arguments of cell mul24_mac_arrival_fullnoha_brentkung_mux.u303 (gen_and2).
Mapping positional arguments of cell mul24_mac_arrival_fullnoha_brentkung_mux.u302 (gen_and2).
Mapping positional arguments of cell mul24_mac_arrival_fullnoha_brentkung_mux.u301 (gen_and2).
Mapping positional arguments of cell mul24_mac_arrival_fullnoha_brentkung_mux.u300 (gen_and2).
Mapping positional arguments of cell mul24_mac_arrival_fullnoha_brentkung_mux.u299 (gen_and2).
Mapping positional arguments of cell mul24_mac_arrival_fullnoha_brentkung_mux.u298 (gen_and2).
Mapping positional arguments of cell mul24_mac_arrival_fullnoha_brentkung_mux.u297 (gen_and2).
Mapping positional arguments of cell mul24_mac_arrival_fullnoha_brentkung_mux.u296 (gen_and2).
Mapping positional arguments of cell mul24_mac_arrival_fullnoha_brentkung_mux.u295 (gen_and2).
Mapping positional arguments of cell mul24_mac_arrival_fullnoha_brentkung_mux.u294 (gen_and2).
Mapping positional arguments of cell mul24_mac_arrival_fullnoha_brentkung_mux.u293 (gen_and2).
Mapping positional arguments of cell mul24_mac_arrival_fullnoha_brentkung_mux.u292 (gen_and2).
Mapping positional arguments of cell mul24_mac_arrival_fullnoha_brentkung_mux.u291 (gen_and2).
Mapping positional arguments of cell mul24_mac_arrival_fullnoha_brentkung_mux.u290 (gen_and2).
Mapping positional arguments of cell mul24_mac_arrival_fullnoha_brentkung_mux.u289 (gen_and2).
Mapping positional arguments of cell mul24_mac_arrival_fullnoha_brentkung_mux.u288 (gen_and2).
Mapping positional arguments of cell mul24_mac_arrival_fullnoha_brentkung_mux.u287 (gen_and2).
Mapping positional arguments of cell mul24_mac_arrival_fullnoha_brentkung_mux.u286 (gen_and2).
Mapping positional arguments of cell mul24_mac_arrival_fullnoha_brentkung_mux.u285 (gen_and2).
Mapping positional arguments of cell mul24_mac_arrival_fullnoha_brentkung_mux.u284 (gen_and2).
Mapping positional arguments of cell mul24_mac_arrival_fullnoha_brentkung_mux.u283 (gen_and2).
Mapping positional arguments of cell mul24_mac_arrival_fullnoha_brentkung_mux.u282 (gen_and2).
Mapping positional arguments of cell mul24_mac_arrival_fullnoha_brentkung_mux.u281 (gen_and2).
Mapping positional arguments of cell mul24_mac_arrival_fullnoha_brentkung_mux.u280 (gen_and2).
Mapping positional arguments of cell mul24_mac_arrival_fullnoha_brentkung_mux.u279 (gen_and2).
Mapping positional arguments of cell mul24_mac_arrival_fullnoha_brentkung_mux.u278 (gen_and2).
Mapping positional arguments of cell mul24_mac_arrival_fullnoha_brentkung_mux.u277 (gen_and2).
Mapping positional arguments of cell mul24_mac_arrival_fullnoha_brentkung_mux.u276 (gen_and2).
Mapping positional arguments of cell mul24_mac_arrival_fullnoha_brentkung_mux.u275 (gen_and2).
Mapping positional arguments of cell mul24_mac_arrival_fullnoha_brentkung_mux.u274 (gen_and2).
Mapping positional arguments of cell mul24_mac_arrival_fullnoha_brentkung_mux.u273 (gen_and2).
Mapping positional arguments of cell mul24_mac_arrival_fullnoha_brentkung_mux.u272 (gen_and2).
Mapping positional arguments of cell mul24_mac_arrival_fullnoha_brentkung_mux.u271 (gen_and2).
Mapping positional arguments of cell mul24_mac_arrival_fullnoha_brentkung_mux.u270 (gen_and2).
Mapping positional arguments of cell mul24_mac_arrival_fullnoha_brentkung_mux.u269 (gen_and2).
Mapping positional arguments of cell mul24_mac_arrival_fullnoha_brentkung_mux.u268 (gen_and2).
Mapping positional arguments of cell mul24_mac_arrival_fullnoha_brentkung_mux.u267 (gen_and2).
Mapping positional arguments of cell mul24_mac_arrival_fullnoha_brentkung_mux.u266 (gen_and2).
Mapping positional arguments of cell mul24_mac_arrival_fullnoha_brentkung_mux.u265 (gen_and2).
Mapping positional arguments of cell mul24_mac_arrival_fullnoha_brentkung_mux.u264 (gen_and2).
Mapping positional arguments of cell mul24_mac_arrival_fullnoha_brentkung_mux.u263 (gen_and2).
Mapping positional arguments of cell mul24_mac_arrival_fullnoha_brentkung_mux.u262 (gen_and2).
Mapping positional arguments of cell mul24_mac_arrival_fullnoha_brentkung_mux.u261 (gen_and2).
Mapping positional arguments of cell mul24_mac_arrival_fullnoha_brentkung_mux.u260 (gen_and2).
Mapping positional arguments of cell mul24_mac_arrival_fullnoha_brentkung_mux.u259 (gen_and2).
Mapping positional arguments of cell mul24_mac_arrival_fullnoha_brentkung_mux.u258 (gen_and2).
Mapping positional arguments of cell mul24_mac_arrival_fullnoha_brentkung_mux.u257 (gen_and2).
Mapping positional arguments of cell mul24_mac_arrival_fullnoha_brentkung_mux.u256 (gen_and2).
Mapping positional arguments of cell mul24_mac_arrival_fullnoha_brentkung_mux.u255 (gen_and2).
Mapping positional arguments of cell mul24_mac_arrival_fullnoha_brentkung_mux.u254 (gen_and2).
Mapping positional arguments of cell mul24_mac_arrival_fullnoha_brentkung_mux.u253 (gen_and2).
Mapping positional arguments of cell mul24_mac_arrival_fullnoha_brentkung_mux.u252 (gen_and2).
Mapping positional arguments of cell mul24_mac_arrival_fullnoha_brentkung_mux.u251 (gen_and2).
Mapping positional arguments of cell mul24_mac_arrival_fullnoha_brentkung_mux.u250 (gen_and2).
Mapping positional arguments of cell mul24_mac_arrival_fullnoha_brentkung_mux.u249 (gen_and2).
Mapping positional arguments of cell mul24_mac_arrival_fullnoha_brentkung_mux.u248 (gen_and2).
Mapping positional arguments of cell mul24_mac_arrival_fullnoha_brentkung_mux.u247 (gen_and2).
Mapping positional arguments of cell mul24_mac_arrival_fullnoha_brentkung_mux.u246 (gen_and2).
Mapping positional arguments of cell mul24_mac_arrival_fullnoha_brentkung_mux.u245 (gen_and2).
Mapping positional arguments of cell mul24_mac_arrival_fullnoha_brentkung_mux.u244 (gen_and2).
Mapping positional arguments of cell mul24_mac_arrival_fullnoha_brentkung_mux.u243 (gen_and2).
Mapping positional arguments of cell mul24_mac_arrival_fullnoha_brentkung_mux.u242 (gen_and2).
Mapping positional arguments of cell mul24_mac_arrival_fullnoha_brentkung_mux.u241 (gen_and2).
Mapping positional arguments of cell mul24_mac_arrival_fullnoha_brentkung_mux.u240 (gen_and2).
Mapping positional arguments of cell mul24_mac_arrival_fullnoha_brentkung_mux.u239 (gen_and2).
Mapping positional arguments of cell mul24_mac_arrival_fullnoha_brentkung_mux.u238 (gen_and2).
Mapping positional arguments of cell mul24_mac_arrival_fullnoha_brentkung_mux.u237 (gen_and2).
Mapping positional arguments of cell mul24_mac_arrival_fullnoha_brentkung_mux.u236 (gen_and2).
Mapping positional arguments of cell mul24_mac_arrival_fullnoha_brentkung_mux.u235 (gen_and2).
Mapping positional arguments of cell mul24_mac_arrival_fullnoha_brentkung_mux.u234 (gen_and2).
Mapping positional arguments of cell mul24_mac_arrival_fullnoha_brentkung_mux.u233 (gen_and2).
Mapping positional arguments of cell mul24_mac_arrival_fullnoha_brentkung_mux.u232 (gen_and2).
Mapping positional arguments of cell mul24_mac_arrival_fullnoha_brentkung_mux.u231 (gen_and2).
Mapping positional arguments of cell mul24_mac_arrival_fullnoha_brentkung_mux.u230 (gen_and2).
Mapping positional arguments of cell mul24_mac_arrival_fullnoha_brentkung_mux.u229 (gen_and2).
Mapping positional arguments of cell mul24_mac_arrival_fullnoha_brentkung_mux.u228 (gen_and2).
Mapping positional arguments of cell mul24_mac_arrival_fullnoha_brentkung_mux.u227 (gen_and2).
Mapping positional arguments of cell mul24_mac_arrival_fullnoha_brentkung_mux.u226 (gen_and2).
Mapping positional arguments of cell mul24_mac_arrival_fullnoha_brentkung_mux.u225 (gen_and2).
Mapping positional arguments of cell mul24_mac_arrival_fullnoha_brentkung_mux.u224 (gen_and2).
Mapping positional arguments of cell mul24_mac_arrival_fullnoha_brentkung_mux.u223 (gen_and2).
Mapping positional arguments of cell mul24_mac_arrival_fullnoha_brentkung_mux.u222 (gen_and2).
Mapping positional arguments of cell mul24_mac_arrival_fullnoha_brentkung_mux.u221 (gen_and2).
Mapping positional arguments of cell mul24_mac_arrival_fullnoha_brentkung_mux.u220 (gen_and2).
Mapping positional arguments of cell mul24_mac_arrival_fullnoha_brentkung_mux.u219 (gen_and2).
Mapping positional arguments of cell mul24_mac_arrival_fullnoha_brentkung_mux.u218 (gen_and2).
Mapping positional arguments of cell mul24_mac_arrival_fullnoha_brentkung_mux.u217 (gen_and2).
Mapping positional arguments of cell mul24_mac_arrival_fullnoha_brentkung_mux.u216 (gen_and2).
Mapping positional arguments of cell mul24_mac_arrival_fullnoha_brentkung_mux.u215 (gen_and2).
Mapping positional arguments of cell mul24_mac_arrival_fullnoha_brentkung_mux.u214 (gen_and2).
Mapping positional arguments of cell mul24_mac_arrival_fullnoha_brentkung_mux.u213 (gen_and2).
Mapping positional arguments of cell mul24_mac_arrival_fullnoha_brentkung_mux.u212 (gen_and2).
Mapping positional arguments of cell mul24_mac_arrival_fullnoha_brentkung_mux.u211 (gen_and2).
Mapping positional arguments of cell mul24_mac_arrival_fullnoha_brentkung_mux.u210 (gen_and2).
Mapping positional arguments of cell mul24_mac_arrival_fullnoha_brentkung_mux.u209 (gen_and2).
Mapping positional arguments of cell mul24_mac_arrival_fullnoha_brentkung_mux.u208 (gen_and2).
Mapping positional arguments of cell mul24_mac_arrival_fullnoha_brentkung_mux.u207 (gen_and2).
Mapping positional arguments of cell mul24_mac_arrival_fullnoha_brentkung_mux.u206 (gen_and2).
Mapping positional arguments of cell mul24_mac_arrival_fullnoha_brentkung_mux.u205 (gen_and2).
Mapping positional arguments of cell mul24_mac_arrival_fullnoha_brentkung_mux.u204 (gen_and2).
Mapping positional arguments of cell mul24_mac_arrival_fullnoha_brentkung_mux.u203 (gen_and2).
Mapping positional arguments of cell mul24_mac_arrival_fullnoha_brentkung_mux.u202 (gen_and2).
Mapping positional arguments of cell mul24_mac_arrival_fullnoha_brentkung_mux.u201 (gen_and2).
Mapping positional arguments of cell mul24_mac_arrival_fullnoha_brentkung_mux.u200 (gen_and2).
Mapping positional arguments of cell mul24_mac_arrival_fullnoha_brentkung_mux.u199 (gen_and2).
Mapping positional arguments of cell mul24_mac_arrival_fullnoha_brentkung_mux.u198 (gen_and2).
Mapping positional arguments of cell mul24_mac_arrival_fullnoha_brentkung_mux.u197 (gen_and2).
Mapping positional arguments of cell mul24_mac_arrival_fullnoha_brentkung_mux.u196 (gen_and2).
Mapping positional arguments of cell mul24_mac_arrival_fullnoha_brentkung_mux.u195 (gen_and2).
Mapping positional arguments of cell mul24_mac_arrival_fullnoha_brentkung_mux.u194 (gen_and2).
Mapping positional arguments of cell mul24_mac_arrival_fullnoha_brentkung_mux.u193 (gen_and2).
Mapping positional arguments of cell mul24_mac_arrival_fullnoha_brentkung_mux.u192 (gen_and2).
Mapping positional arguments of cell mul24_mac_arrival_fullnoha_brentkung_mux.u191 (gen_and2).
Mapping positional arguments of cell mul24_mac_arrival_fullnoha_brentkung_mux.u190 (gen_and2).
Mapping positional arguments of cell mul24_mac_arrival_fullnoha_brentkung_mux.u189 (gen_and2).
Mapping positional arguments of cell mul24_mac_arrival_fullnoha_brentkung_mux.u188 (gen_and2).
Mapping positional arguments of cell mul24_mac_arrival_fullnoha_brentkung_mux.u187 (gen_and2).
Mapping positional arguments of cell mul24_mac_arrival_fullnoha_brentkung_mux.u186 (gen_and2).
Mapping positional arguments of cell mul24_mac_arrival_fullnoha_brentkung_mux.u185 (gen_and2).
Mapping positional arguments of cell mul24_mac_arrival_fullnoha_brentkung_mux.u184 (gen_and2).
Mapping positional arguments of cell mul24_mac_arrival_fullnoha_brentkung_mux.u183 (gen_and2).
Mapping positional arguments of cell mul24_mac_arrival_fullnoha_brentkung_mux.u182 (gen_and2).
Mapping positional arguments of cell mul24_mac_arrival_fullnoha_brentkung_mux.u181 (gen_and2).
Mapping positional arguments of cell mul24_mac_arrival_fullnoha_brentkung_mux.u180 (gen_and2).
Mapping positional arguments of cell mul24_mac_arrival_fullnoha_brentkung_mux.u179 (gen_and2).
Mapping positional arguments of cell mul24_mac_arrival_fullnoha_brentkung_mux.u178 (gen_and2).
Mapping positional arguments of cell mul24_mac_arrival_fullnoha_brentkung_mux.u177 (gen_and2).
Mapping positional arguments of cell mul24_mac_arrival_fullnoha_brentkung_mux.u176 (gen_and2).
Mapping positional arguments of cell mul24_mac_arrival_fullnoha_brentkung_mux.u175 (gen_and2).
Mapping positional arguments of cell mul24_mac_arrival_fullnoha_brentkung_mux.u174 (gen_and2).
Mapping positional arguments of cell mul24_mac_arrival_fullnoha_brentkung_mux.u173 (gen_and2).
Mapping positional arguments of cell mul24_mac_arrival_fullnoha_brentkung_mux.u172 (gen_and2).
Mapping positional arguments of cell mul24_mac_arrival_fullnoha_brentkung_mux.u171 (gen_and2).
Mapping positional arguments of cell mul24_mac_arrival_fullnoha_brentkung_mux.u170 (gen_and2).
Mapping positional arguments of cell mul24_mac_arrival_fullnoha_brentkung_mux.u169 (gen_and2).
Mapping positional arguments of cell mul24_mac_arrival_fullnoha_brentkung_mux.u168 (gen_and2).
Mapping positional arguments of cell mul24_mac_arrival_fullnoha_brentkung_mux.u167 (gen_and2).
Mapping positional arguments of cell mul24_mac_arrival_fullnoha_brentkung_mux.u166 (gen_and2).
Mapping positional arguments of cell mul24_mac_arrival_fullnoha_brentkung_mux.u165 (gen_and2).
Mapping positional arguments of cell mul24_mac_arrival_fullnoha_brentkung_mux.u164 (gen_and2).
Mapping positional arguments of cell mul24_mac_arrival_fullnoha_brentkung_mux.u163 (gen_and2).
Mapping positional arguments of cell mul24_mac_arrival_fullnoha_brentkung_mux.u162 (gen_and2).
Mapping positional arguments of cell mul24_mac_arrival_fullnoha_brentkung_mux.u161 (gen_and2).
Mapping positional arguments of cell mul24_mac_arrival_fullnoha_brentkung_mux.u160 (gen_and2).
Mapping positional arguments of cell mul24_mac_arrival_fullnoha_brentkung_mux.u159 (gen_and2).
Mapping positional arguments of cell mul24_mac_arrival_fullnoha_brentkung_mux.u158 (gen_and2).
Mapping positional arguments of cell mul24_mac_arrival_fullnoha_brentkung_mux.u157 (gen_and2).
Mapping positional arguments of cell mul24_mac_arrival_fullnoha_brentkung_mux.u156 (gen_and2).
Mapping positional arguments of cell mul24_mac_arrival_fullnoha_brentkung_mux.u155 (gen_and2).
Mapping positional arguments of cell mul24_mac_arrival_fullnoha_brentkung_mux.u154 (gen_and2).
Mapping positional arguments of cell mul24_mac_arrival_fullnoha_brentkung_mux.u153 (gen_and2).
Mapping positional arguments of cell mul24_mac_arrival_fullnoha_brentkung_mux.u152 (gen_and2).
Mapping positional arguments of cell mul24_mac_arrival_fullnoha_brentkung_mux.u151 (gen_and2).
Mapping positional arguments of cell mul24_mac_arrival_fullnoha_brentkung_mux.u150 (gen_and2).
Mapping positional arguments of cell mul24_mac_arrival_fullnoha_brentkung_mux.u149 (gen_and2).
Mapping positional arguments of cell mul24_mac_arrival_fullnoha_brentkung_mux.u148 (gen_and2).
Mapping positional arguments of cell mul24_mac_arrival_fullnoha_brentkung_mux.u147 (gen_and2).
Mapping positional arguments of cell mul24_mac_arrival_fullnoha_brentkung_mux.u146 (gen_and2).
Mapping positional arguments of cell mul24_mac_arrival_fullnoha_brentkung_mux.u145 (gen_and2).
Mapping positional arguments of cell mul24_mac_arrival_fullnoha_brentkung_mux.u144 (gen_and2).
Mapping positional arguments of cell mul24_mac_arrival_fullnoha_brentkung_mux.u143 (gen_and2).
Mapping positional arguments of cell mul24_mac_arrival_fullnoha_brentkung_mux.u142 (gen_and2).
Mapping positional arguments of cell mul24_mac_arrival_fullnoha_brentkung_mux.u141 (gen_and2).
Mapping positional arguments of cell mul24_mac_arrival_fullnoha_brentkung_mux.u140 (gen_and2).
Mapping positional arguments of cell mul24_mac_arrival_fullnoha_brentkung_mux.u139 (gen_and2).
Mapping positional arguments of cell mul24_mac_arrival_fullnoha_brentkung_mux.u138 (gen_and2).
Mapping positional arguments of cell mul24_mac_arrival_fullnoha_brentkung_mux.u137 (gen_and2).
Mapping positional arguments of cell mul24_mac_arrival_fullnoha_brentkung_mux.u136 (gen_and2).
Mapping positional arguments of cell mul24_mac_arrival_fullnoha_brentkung_mux.u135 (gen_and2).
Mapping positional arguments of cell mul24_mac_arrival_fullnoha_brentkung_mux.u134 (gen_and2).
Mapping positional arguments of cell mul24_mac_arrival_fullnoha_brentkung_mux.u133 (gen_and2).
Mapping positional arguments of cell mul24_mac_arrival_fullnoha_brentkung_mux.u132 (gen_and2).
Mapping positional arguments of cell mul24_mac_arrival_fullnoha_brentkung_mux.u131 (gen_and2).
Mapping positional arguments of cell mul24_mac_arrival_fullnoha_brentkung_mux.u130 (gen_and2).
Mapping positional arguments of cell mul24_mac_arrival_fullnoha_brentkung_mux.u129 (gen_and2).
Mapping positional arguments of cell mul24_mac_arrival_fullnoha_brentkung_mux.u128 (gen_and2).
Mapping positional arguments of cell mul24_mac_arrival_fullnoha_brentkung_mux.u127 (gen_and2).
Mapping positional arguments of cell mul24_mac_arrival_fullnoha_brentkung_mux.u126 (gen_and2).
Mapping positional arguments of cell mul24_mac_arrival_fullnoha_brentkung_mux.u125 (gen_and2).
Mapping positional arguments of cell mul24_mac_arrival_fullnoha_brentkung_mux.u124 (gen_and2).
Mapping positional arguments of cell mul24_mac_arrival_fullnoha_brentkung_mux.u123 (gen_and2).
Mapping positional arguments of cell mul24_mac_arrival_fullnoha_brentkung_mux.u122 (gen_and2).
Mapping positional arguments of cell mul24_mac_arrival_fullnoha_brentkung_mux.u121 (gen_and2).
Mapping positional arguments of cell mul24_mac_arrival_fullnoha_brentkung_mux.u120 (gen_and2).
Mapping positional arguments of cell mul24_mac_arrival_fullnoha_brentkung_mux.u119 (gen_and2).
Mapping positional arguments of cell mul24_mac_arrival_fullnoha_brentkung_mux.u118 (gen_and2).
Mapping positional arguments of cell mul24_mac_arrival_fullnoha_brentkung_mux.u117 (gen_and2).
Mapping positional arguments of cell mul24_mac_arrival_fullnoha_brentkung_mux.u116 (gen_and2).
Mapping positional arguments of cell mul24_mac_arrival_fullnoha_brentkung_mux.u115 (gen_and2).
Mapping positional arguments of cell mul24_mac_arrival_fullnoha_brentkung_mux.u114 (gen_and2).
Mapping positional arguments of cell mul24_mac_arrival_fullnoha_brentkung_mux.u113 (gen_and2).
Mapping positional arguments of cell mul24_mac_arrival_fullnoha_brentkung_mux.u112 (gen_and2).
Mapping positional arguments of cell mul24_mac_arrival_fullnoha_brentkung_mux.u111 (gen_and2).
Mapping positional arguments of cell mul24_mac_arrival_fullnoha_brentkung_mux.u110 (gen_and2).
Mapping positional arguments of cell mul24_mac_arrival_fullnoha_brentkung_mux.u109 (gen_and2).
Mapping positional arguments of cell mul24_mac_arrival_fullnoha_brentkung_mux.u108 (gen_and2).
Mapping positional arguments of cell mul24_mac_arrival_fullnoha_brentkung_mux.u107 (gen_and2).
Mapping positional arguments of cell mul24_mac_arrival_fullnoha_brentkung_mux.u106 (gen_and2).
Mapping positional arguments of cell mul24_mac_arrival_fullnoha_brentkung_mux.u105 (gen_and2).
Mapping positional arguments of cell mul24_mac_arrival_fullnoha_brentkung_mux.u104 (gen_and2).
Mapping positional arguments of cell mul24_mac_arrival_fullnoha_brentkung_mux.u103 (gen_and2).
Mapping positional arguments of cell mul24_mac_arrival_fullnoha_brentkung_mux.u102 (gen_and2).
Mapping positional arguments of cell mul24_mac_arrival_fullnoha_brentkung_mux.u101 (gen_and2).
Mapping positional arguments of cell mul24_mac_arrival_fullnoha_brentkung_mux.u100 (gen_and2).
Mapping positional arguments of cell mul24_mac_arrival_fullnoha_brentkung_mux.u99 (gen_and2).
Mapping positional arguments of cell mul24_mac_arrival_fullnoha_brentkung_mux.u98 (gen_and2).
Mapping positional arguments of cell mul24_mac_arrival_fullnoha_brentkung_mux.u97 (gen_and2).
Mapping positional arguments of cell mul24_mac_arrival_fullnoha_brentkung_mux.u96 (gen_and2).
Mapping positional arguments of cell mul24_mac_arrival_fullnoha_brentkung_mux.u95 (gen_and2).
Mapping positional arguments of cell mul24_mac_arrival_fullnoha_brentkung_mux.u94 (gen_and2).
Mapping positional arguments of cell mul24_mac_arrival_fullnoha_brentkung_mux.u93 (gen_and2).
Mapping positional arguments of cell mul24_mac_arrival_fullnoha_brentkung_mux.u92 (gen_and2).
Mapping positional arguments of cell mul24_mac_arrival_fullnoha_brentkung_mux.u91 (gen_and2).
Mapping positional arguments of cell mul24_mac_arrival_fullnoha_brentkung_mux.u90 (gen_and2).
Mapping positional arguments of cell mul24_mac_arrival_fullnoha_brentkung_mux.u89 (gen_and2).
Mapping positional arguments of cell mul24_mac_arrival_fullnoha_brentkung_mux.u88 (gen_and2).
Mapping positional arguments of cell mul24_mac_arrival_fullnoha_brentkung_mux.u87 (gen_and2).
Mapping positional arguments of cell mul24_mac_arrival_fullnoha_brentkung_mux.u86 (gen_and2).
Mapping positional arguments of cell mul24_mac_arrival_fullnoha_brentkung_mux.u85 (gen_and2).
Mapping positional arguments of cell mul24_mac_arrival_fullnoha_brentkung_mux.u84 (gen_and2).
Mapping positional arguments of cell mul24_mac_arrival_fullnoha_brentkung_mux.u83 (gen_and2).
Mapping positional arguments of cell mul24_mac_arrival_fullnoha_brentkung_mux.u82 (gen_and2).
Mapping positional arguments of cell mul24_mac_arrival_fullnoha_brentkung_mux.u81 (gen_and2).
Mapping positional arguments of cell mul24_mac_arrival_fullnoha_brentkung_mux.u80 (gen_and2).
Mapping positional arguments of cell mul24_mac_arrival_fullnoha_brentkung_mux.u79 (gen_and2).
Mapping positional arguments of cell mul24_mac_arrival_fullnoha_brentkung_mux.u78 (gen_and2).
Mapping positional arguments of cell mul24_mac_arrival_fullnoha_brentkung_mux.u77 (gen_and2).
Mapping positional arguments of cell mul24_mac_arrival_fullnoha_brentkung_mux.u76 (gen_and2).
Mapping positional arguments of cell mul24_mac_arrival_fullnoha_brentkung_mux.u75 (gen_and2).
Mapping positional arguments of cell mul24_mac_arrival_fullnoha_brentkung_mux.u74 (gen_and2).
Mapping positional arguments of cell mul24_mac_arrival_fullnoha_brentkung_mux.u73 (gen_and2).
Mapping positional arguments of cell mul24_mac_arrival_fullnoha_brentkung_mux.u72 (gen_and2).
Mapping positional arguments of cell mul24_mac_arrival_fullnoha_brentkung_mux.u71 (gen_and2).
Mapping positional arguments of cell mul24_mac_arrival_fullnoha_brentkung_mux.u70 (gen_and2).
Mapping positional arguments of cell mul24_mac_arrival_fullnoha_brentkung_mux.u69 (gen_and2).
Mapping positional arguments of cell mul24_mac_arrival_fullnoha_brentkung_mux.u68 (gen_and2).
Mapping positional arguments of cell mul24_mac_arrival_fullnoha_brentkung_mux.u67 (gen_and2).
Mapping positional arguments of cell mul24_mac_arrival_fullnoha_brentkung_mux.u66 (gen_and2).
Mapping positional arguments of cell mul24_mac_arrival_fullnoha_brentkung_mux.u65 (gen_and2).
Mapping positional arguments of cell mul24_mac_arrival_fullnoha_brentkung_mux.u64 (gen_and2).
Mapping positional arguments of cell mul24_mac_arrival_fullnoha_brentkung_mux.u63 (gen_and2).
Mapping positional arguments of cell mul24_mac_arrival_fullnoha_brentkung_mux.u62 (gen_and2).
Mapping positional arguments of cell mul24_mac_arrival_fullnoha_brentkung_mux.u61 (gen_and2).
Mapping positional arguments of cell mul24_mac_arrival_fullnoha_brentkung_mux.u60 (gen_and2).
Mapping positional arguments of cell mul24_mac_arrival_fullnoha_brentkung_mux.u59 (gen_and2).
Mapping positional arguments of cell mul24_mac_arrival_fullnoha_brentkung_mux.u58 (gen_and2).
Mapping positional arguments of cell mul24_mac_arrival_fullnoha_brentkung_mux.u57 (gen_and2).
Mapping positional arguments of cell mul24_mac_arrival_fullnoha_brentkung_mux.u56 (gen_and2).
Mapping positional arguments of cell mul24_mac_arrival_fullnoha_brentkung_mux.u55 (gen_and2).
Mapping positional arguments of cell mul24_mac_arrival_fullnoha_brentkung_mux.u54 (gen_and2).
Mapping positional arguments of cell mul24_mac_arrival_fullnoha_brentkung_mux.u53 (gen_and2).
Mapping positional arguments of cell mul24_mac_arrival_fullnoha_brentkung_mux.u52 (gen_and2).
Mapping positional arguments of cell mul24_mac_arrival_fullnoha_brentkung_mux.u51 (gen_and2).
Mapping positional arguments of cell mul24_mac_arrival_fullnoha_brentkung_mux.u50 (gen_and2).
Mapping positional arguments of cell mul24_mac_arrival_fullnoha_brentkung_mux.u49 (gen_and2).
Mapping positional arguments of cell mul24_mac_arrival_fullnoha_brentkung_mux.u48 (gen_and2).
Mapping positional arguments of cell mul24_mac_arrival_fullnoha_brentkung_mux.u47 (gen_and2).
Mapping positional arguments of cell mul24_mac_arrival_fullnoha_brentkung_mux.u46 (gen_and2).
Mapping positional arguments of cell mul24_mac_arrival_fullnoha_brentkung_mux.u45 (gen_and2).
Mapping positional arguments of cell mul24_mac_arrival_fullnoha_brentkung_mux.u44 (gen_and2).
Mapping positional arguments of cell mul24_mac_arrival_fullnoha_brentkung_mux.u43 (gen_and2).
Mapping positional arguments of cell mul24_mac_arrival_fullnoha_brentkung_mux.u42 (gen_and2).
Mapping positional arguments of cell mul24_mac_arrival_fullnoha_brentkung_mux.u41 (gen_and2).
Mapping positional arguments of cell mul24_mac_arrival_fullnoha_brentkung_mux.u40 (gen_and2).
Mapping positional arguments of cell mul24_mac_arrival_fullnoha_brentkung_mux.u39 (gen_and2).
Mapping positional arguments of cell mul24_mac_arrival_fullnoha_brentkung_mux.u38 (gen_and2).
Mapping positional arguments of cell mul24_mac_arrival_fullnoha_brentkung_mux.u37 (gen_and2).
Mapping positional arguments of cell mul24_mac_arrival_fullnoha_brentkung_mux.u36 (gen_and2).
Mapping positional arguments of cell mul24_mac_arrival_fullnoha_brentkung_mux.u35 (gen_and2).
Mapping positional arguments of cell mul24_mac_arrival_fullnoha_brentkung_mux.u34 (gen_and2).
Mapping positional arguments of cell mul24_mac_arrival_fullnoha_brentkung_mux.u33 (gen_and2).
Mapping positional arguments of cell mul24_mac_arrival_fullnoha_brentkung_mux.u32 (gen_and2).
Mapping positional arguments of cell mul24_mac_arrival_fullnoha_brentkung_mux.u31 (gen_and2).
Mapping positional arguments of cell mul24_mac_arrival_fullnoha_brentkung_mux.u30 (gen_and2).
Mapping positional arguments of cell mul24_mac_arrival_fullnoha_brentkung_mux.u29 (gen_and2).
Mapping positional arguments of cell mul24_mac_arrival_fullnoha_brentkung_mux.u28 (gen_and2).
Mapping positional arguments of cell mul24_mac_arrival_fullnoha_brentkung_mux.u27 (gen_and2).
Mapping positional arguments of cell mul24_mac_arrival_fullnoha_brentkung_mux.u26 (gen_and2).
Mapping positional arguments of cell mul24_mac_arrival_fullnoha_brentkung_mux.u25 (gen_and2).
Mapping positional arguments of cell mul24_mac_arrival_fullnoha_brentkung_mux.u24 (gen_and2).
Mapping positional arguments of cell mul24_mac_arrival_fullnoha_brentkung_mux.u23 (gen_and2).
Mapping positional arguments of cell mul24_mac_arrival_fullnoha_brentkung_mux.u22 (gen_and2).
Mapping positional arguments of cell mul24_mac_arrival_fullnoha_brentkung_mux.u21 (gen_and2).
Mapping positional arguments of cell mul24_mac_arrival_fullnoha_brentkung_mux.u20 (gen_and2).
Mapping positional arguments of cell mul24_mac_arrival_fullnoha_brentkung_mux.u19 (gen_and2).
Mapping positional arguments of cell mul24_mac_arrival_fullnoha_brentkung_mux.u18 (gen_and2).
Mapping positional arguments of cell mul24_mac_arrival_fullnoha_brentkung_mux.u17 (gen_and2).
Mapping positional arguments of cell mul24_mac_arrival_fullnoha_brentkung_mux.u16 (gen_and2).
Mapping positional arguments of cell mul24_mac_arrival_fullnoha_brentkung_mux.u15 (gen_and2).
Mapping positional arguments of cell mul24_mac_arrival_fullnoha_brentkung_mux.u14 (gen_and2).
Mapping positional arguments of cell mul24_mac_arrival_fullnoha_brentkung_mux.u13 (gen_and2).
Mapping positional arguments of cell mul24_mac_arrival_fullnoha_brentkung_mux.u12 (gen_and2).
Mapping positional arguments of cell mul24_mac_arrival_fullnoha_brentkung_mux.u11 (gen_and2).
Mapping positional arguments of cell mul24_mac_arrival_fullnoha_brentkung_mux.u10 (gen_and2).
Mapping positional arguments of cell mul24_mac_arrival_fullnoha_brentkung_mux.u9 (gen_and2).
Mapping positional arguments of cell mul24_mac_arrival_fullnoha_brentkung_mux.u8 (gen_and2).
Mapping positional arguments of cell mul24_mac_arrival_fullnoha_brentkung_mux.u7 (gen_and2).
Mapping positional arguments of cell mul24_mac_arrival_fullnoha_brentkung_mux.u6 (gen_and2).
Mapping positional arguments of cell mul24_mac_arrival_fullnoha_brentkung_mux.u5 (gen_and2).
Mapping positional arguments of cell mul24_mac_arrival_fullnoha_brentkung_mux.u4 (gen_and2).
Mapping positional arguments of cell mul24_mac_arrival_fullnoha_brentkung_mux.u3 (gen_and2).
Mapping positional arguments of cell mul24_mac_arrival_fullnoha_brentkung_mux.u2 (gen_and2).
Mapping positional arguments of cell mul24_mac_arrival_fullnoha_brentkung_mux.u1 (gen_and2).
Mapping positional arguments of cell mul24_mac_arrival_fullnoha_brentkung_mux.u0 (gen_and2).

5. Executing PROC pass (convert processes to netlists).

5.1. Executing PROC_CLEAN pass (remove empty switches from decision trees).
Cleaned up 0 empty switches.

5.2. Executing PROC_RMDEAD pass (remove dead branches from decision trees).
Removed a total of 0 dead cases.

5.3. Executing PROC_PRUNE pass (remove redundant assignments in processes).
Removed 0 redundant assignments.
Promoted 0 assignments to connections.

5.4. Executing PROC_INIT pass (extract init attributes).

5.5. Executing PROC_ARST pass (detect async resets in processes).

5.6. Executing PROC_ROM pass (convert switches to ROMs).
Converted 0 switches.

5.7. Executing PROC_MUX pass (convert decision trees to multiplexers).

5.8. Executing PROC_DLATCH pass (convert process syncs to latches).

5.9. Executing PROC_DFF pass (convert process syncs to FFs).

5.10. Executing PROC_MEMWR pass (convert process memory writes to cells).

5.11. Executing PROC_CLEAN pass (remove empty switches from decision trees).
Cleaned up 0 empty switches.

5.12. Executing OPT_EXPR pass (perform const folding).
Optimizing module gen_famux.
Optimizing module mul24_mac_arrival_fullnoha_brentkung_mux.
Optimizing module gen_gray.
Optimizing module gen_black.
Optimizing module gen_xor2.
Optimizing module gen_pg.
Optimizing module gen_or2.
Optimizing module gen_and2.

6. Executing FLATTEN pass (flatten design).
Deleting now unused module gen_famux.
Deleting now unused module gen_gray.
Deleting now unused module gen_black.
Deleting now unused module gen_xor2.
Deleting now unused module gen_pg.
Deleting now unused module gen_or2.
Deleting now unused module gen_and2.
<suppressed ~1532 debug messages>

7. Executing OPT pass (performing simple optimizations).

7.1. Executing OPT_EXPR pass (perform const folding).
Optimizing module mul24_mac_arrival_fullnoha_brentkung_mux.

7.2. Executing OPT_MERGE pass (detect identical cells).
Finding identical cells in module `\mul24_mac_arrival_fullnoha_brentkung_mux'.
Computing hashes of 4257 cells of `\mul24_mac_arrival_fullnoha_brentkung_mux'.
Finding duplicate cells in `\mul24_mac_arrival_fullnoha_brentkung_mux'.
Removed a total of 0 cells.

7.3. Executing OPT_MUXTREE pass (detect dead branches in mux trees).
Running muxtree optimizer on module \mul24_mac_arrival_fullnoha_brentkung_mux..
  Creating internal representation of mux trees.
  Evaluating internal representation of mux trees.
  Analyzing evaluation results.
Removed 0 multiplexer ports.
<suppressed ~1104 debug messages>

7.4. Executing OPT_REDUCE pass (consolidate $*mux and $reduce_* inputs).
  Optimizing cells in module \mul24_mac_arrival_fullnoha_brentkung_mux.
Performed a total of 0 changes.

7.5. Executing OPT_MERGE pass (detect identical cells).
Finding identical cells in module `\mul24_mac_arrival_fullnoha_brentkung_mux'.
Computing hashes of 4257 cells of `\mul24_mac_arrival_fullnoha_brentkung_mux'.
Finding duplicate cells in `\mul24_mac_arrival_fullnoha_brentkung_mux'.
Removed a total of 0 cells.

7.6. Executing OPT_DFF pass (perform DFF optimizations).

7.7. Executing OPT_CLEAN pass (remove unused cells and wires).
Finding unused cells or wires in module \mul24_mac_arrival_fullnoha_brentkung_mux..
Removed 0 unused cells and 2681 unused wires.
<suppressed ~1 debug messages>

7.8. Executing OPT_EXPR pass (perform const folding).
Optimizing module mul24_mac_arrival_fullnoha_brentkung_mux.

7.9. Rerunning OPT passes. (Maybe there is more to do..)

7.10. Executing OPT_MUXTREE pass (detect dead branches in mux trees).
Running muxtree optimizer on module \mul24_mac_arrival_fullnoha_brentkung_mux..
  Creating internal representation of mux trees.
  Evaluating internal representation of mux trees.
  Analyzing evaluation results.
Removed 0 multiplexer ports.
<suppressed ~1104 debug messages>

7.11. Executing OPT_REDUCE pass (consolidate $*mux and $reduce_* inputs).
  Optimizing cells in module \mul24_mac_arrival_fullnoha_brentkung_mux.
Performed a total of 0 changes.

7.12. Executing OPT_MERGE pass (detect identical cells).
Finding identical cells in module `\mul24_mac_arrival_fullnoha_brentkung_mux'.
Computing hashes of 4257 cells of `\mul24_mac_arrival_fullnoha_brentkung_mux'.
Finding duplicate cells in `\mul24_mac_arrival_fullnoha_brentkung_mux'.
Removed a total of 0 cells.

7.13. Executing OPT_DFF pass (perform DFF optimizations).

7.14. Executing OPT_CLEAN pass (remove unused cells and wires).
Finding unused cells or wires in module \mul24_mac_arrival_fullnoha_brentkung_mux..

7.15. Executing OPT_EXPR pass (perform const folding).
Optimizing module mul24_mac_arrival_fullnoha_brentkung_mux.

7.16. Finished fast OPT passes. (There is nothing left to do.)

8. Executing TECHMAP pass (map to technology primitives).

8.1. Executing Verilog-2005 frontend: /opt/homebrew/bin/../share/yosys/techmap.v
Parsing Verilog input from `/opt/homebrew/bin/../share/yosys/techmap.v' to AST representation.
Generating RTLIL representation for module `\_90_simplemap_bool_ops'.
Generating RTLIL representation for module `\_90_simplemap_reduce_ops'.
Generating RTLIL representation for module `\_90_simplemap_logic_ops'.
Generating RTLIL representation for module `\_90_simplemap_compare_ops'.
Generating RTLIL representation for module `\_90_simplemap_various'.
Generating RTLIL representation for module `\_90_simplemap_registers'.
Generating RTLIL representation for module `\_90_shift_ops_shr_shl_sshl_sshr'.
Generating RTLIL representation for module `\_90_shift_shiftx'.
Generating RTLIL representation for module `\_90_fa'.
Generating RTLIL representation for module `\_90_lcu_brent_kung'.
Generating RTLIL representation for module `\_90_alu'.
Generating RTLIL representation for module `\_90_macc'.
Generating RTLIL representation for module `\_90_alumacc'.
Generating RTLIL representation for module `$__div_mod_u'.
Generating RTLIL representation for module `$__div_mod_trunc'.
Generating RTLIL representation for module `\_90_div'.
Generating RTLIL representation for module `\_90_mod'.
Generating RTLIL representation for module `$__div_mod_floor'.
Generating RTLIL representation for module `\_90_divfloor'.
Generating RTLIL representation for module `\_90_modfloor'.
Generating RTLIL representation for module `\_90_pow'.
Generating RTLIL representation for module `\_90_demux'.
Generating RTLIL representation for module `\_90_lut'.
Generating RTLIL representation for module `$connect'.
Generating RTLIL representation for module `$input_port'.
Successfully finished Verilog frontend.

8.2. Continuing TECHMAP pass.
Using extmapper simplemap for cells of type $and.
Using extmapper simplemap for cells of type $mux.
Using extmapper simplemap for cells of type $xor.
Using extmapper simplemap for cells of type $or.
No more expansions possible.
<suppressed ~2802 debug messages>

9. Executing OPT pass (performing simple optimizations).

9.1. Executing OPT_EXPR pass (perform const folding).
Optimizing module mul24_mac_arrival_fullnoha_brentkung_mux.

9.2. Executing OPT_MERGE pass (detect identical cells).
Finding identical cells in module `\mul24_mac_arrival_fullnoha_brentkung_mux'.
Computing hashes of 4257 cells of `\mul24_mac_arrival_fullnoha_brentkung_mux'.
Finding duplicate cells in `\mul24_mac_arrival_fullnoha_brentkung_mux'.
Removed a total of 0 cells.

9.3. Executing OPT_MUXTREE pass (detect dead branches in mux trees).
Running muxtree optimizer on module \mul24_mac_arrival_fullnoha_brentkung_mux..
  Creating internal representation of mux trees.
  No muxes found in this module.
Removed 0 multiplexer ports.

9.4. Executing OPT_REDUCE pass (consolidate $*mux and $reduce_* inputs).
  Optimizing cells in module \mul24_mac_arrival_fullnoha_brentkung_mux.
Performed a total of 0 changes.

9.5. Executing OPT_MERGE pass (detect identical cells).
Finding identical cells in module `\mul24_mac_arrival_fullnoha_brentkung_mux'.
Computing hashes of 4257 cells of `\mul24_mac_arrival_fullnoha_brentkung_mux'.
Finding duplicate cells in `\mul24_mac_arrival_fullnoha_brentkung_mux'.
Removed a total of 0 cells.

9.6. Executing OPT_DFF pass (perform DFF optimizations).

9.7. Executing OPT_CLEAN pass (remove unused cells and wires).
Finding unused cells or wires in module \mul24_mac_arrival_fullnoha_brentkung_mux..

9.8. Executing OPT_EXPR pass (perform const folding).
Optimizing module mul24_mac_arrival_fullnoha_brentkung_mux.

9.9. Finished fast OPT passes. (There is nothing left to do.)

10. Executing ABC pass (technology mapping using ABC).

10.1. Extracting gate netlist of module `\mul24_mac_arrival_fullnoha_brentkung_mux' to `<abc-temp-dir>/input.blif'..
ABC: using cached merged SCL: /var/folders/hy/_ylqg90n5lz20fd6tsrwg0cw0000gn/T/yosys-liberty-scl-cache/yosys_merged_8c8a9dd1.scl (1 files)

10.1.1. Executed ABC.
Extracted 2725 gates and 2821 wires to a netlist network with 96 inputs and 75 outputs.
Running ABC script: <abc-temp-dir>/abc.script
ABC: ======== ABC command line "source <abc-temp-dir>/abc.script"
ABC: + read_blif <abc-temp-dir>/input.blif 
ABC: + read_scl /var/folders/hy/_ylqg90n5lz20fd6tsrwg0cw0000gn/T/yosys-liberty-scl-cache/yosys_merged_8c8a9dd1.scl 
ABC: Warning: Detected 9 multi-output cells (for example, "sky130_fd_sc_hd__fa_1").
ABC: + source /Users/andrewhendel/CascadeProjects/tinytapeout2/scripts/abc/classic.script 
ABC: + write_blif <abc-temp-dir>/output.blif 

10.1.2. Re-integrating ABC results.
ABC RESULTS:   sky130_fd_sc_hd__a2111oi_0 cells:        1
ABC RESULTS:   sky130_fd_sc_hd__a211oi_1 cells:        6
ABC RESULTS:   sky130_fd_sc_hd__a21boi_0 cells:       19
ABC RESULTS:   sky130_fd_sc_hd__a21o_2 cells:       56
ABC RESULTS:   sky130_fd_sc_hd__a21oi_1 cells:      132
ABC RESULTS:   sky130_fd_sc_hd__a221oi_1 cells:        3
ABC RESULTS:   sky130_fd_sc_hd__a22o_2 cells:       54
ABC RESULTS:   sky130_fd_sc_hd__a22oi_1 cells:       17
ABC RESULTS:   sky130_fd_sc_hd__a31o_2 cells:        2
ABC RESULTS:   sky130_fd_sc_hd__a31oi_1 cells:        8
ABC RESULTS:   sky130_fd_sc_hd__a41oi_1 cells:        2
ABC RESULTS:   sky130_fd_sc_hd__and2_2 cells:       33
ABC RESULTS:   sky130_fd_sc_hd__and3_2 cells:       10
ABC RESULTS:   sky130_fd_sc_hd__clkinv_1 cells:      328
ABC RESULTS:   sky130_fd_sc_hd__lpflow_inputiso0p_1 cells:        9
ABC RESULTS:   sky130_fd_sc_hd__maj3_1 cells:        5
ABC RESULTS:   sky130_fd_sc_hd__nand2_1 cells:     1766
ABC RESULTS:   sky130_fd_sc_hd__nand3_1 cells:      705
ABC RESULTS:   sky130_fd_sc_hd__nand3b_1 cells:       35
ABC RESULTS:   sky130_fd_sc_hd__nand4_1 cells:      402
ABC RESULTS:   sky130_fd_sc_hd__nor2_1 cells:      246
ABC RESULTS:   sky130_fd_sc_hd__nor3_1 cells:       15
ABC RESULTS:   sky130_fd_sc_hd__nor4_1 cells:       11
ABC RESULTS:   sky130_fd_sc_hd__o2111a_1 cells:        3
ABC RESULTS:   sky130_fd_sc_hd__o2111ai_1 cells:        7
ABC RESULTS:   sky130_fd_sc_hd__o211a_1 cells:        2
ABC RESULTS:   sky130_fd_sc_hd__o211ai_1 cells:       57
ABC RESULTS:   sky130_fd_sc_hd__o21a_1 cells:       40
ABC RESULTS:   sky130_fd_sc_hd__o21ai_0 cells:      206
ABC RESULTS:   sky130_fd_sc_hd__o21bai_1 cells:       14
ABC RESULTS:   sky130_fd_sc_hd__o221ai_1 cells:        2
ABC RESULTS:   sky130_fd_sc_hd__o22ai_1 cells:       55
ABC RESULTS:   sky130_fd_sc_hd__o2bb2ai_1 cells:       12
ABC RESULTS:   sky130_fd_sc_hd__o311ai_0 cells:        1
ABC RESULTS:   sky130_fd_sc_hd__o31ai_1 cells:        2
ABC RESULTS:   sky130_fd_sc_hd__o41ai_1 cells:        1
ABC RESULTS:   sky130_fd_sc_hd__or2_2 cells:      143
ABC RESULTS:   sky130_fd_sc_hd__or2b_2 cells:        2
ABC RESULTS:   sky130_fd_sc_hd__or3_2 cells:        3
ABC RESULTS:   sky130_fd_sc_hd__or3b_2 cells:        1
ABC RESULTS:   sky130_fd_sc_hd__xnor2_1 cells:      146
ABC RESULTS:   sky130_fd_sc_hd__xor2_1 cells:      156
ABC RESULTS:        internal signals:     2650
ABC RESULTS:           input signals:       96
ABC RESULTS:          output signals:       75
Removing temp directory.
Removing global temp directory.

11. Executing OPT_CLEAN pass (remove unused cells and wires).
Finding unused cells or wires in module \mul24_mac_arrival_fullnoha_brentkung_mux..
Removed 0 unused cells and 767 unused wires.
<suppressed ~553 debug messages>
Renaming module \mul24_mac_arrival_fullnoha_brentkung_mux to \mul24_mac_arrival_fullnoha_brentkung_mux_classic.

12. Executing Verilog backend.
Dumping module `\mul24_mac_arrival_fullnoha_brentkung_mux_classic'.

End of script. Logfile hash: 1b6783294f, time: 3.61s, user: 0.55s, system: 0.03s, MEM: 60.75 MB peak
Yosys 0.68+post (git sha1 c12172fbae8af5e20f6fb52e3d4e92d56ed587b6, Release, AppleClang clang++ 21.0.0.21000101)
Time spent: 84% 1x abc (2 sec), 3% 4x read_verilog (0 sec), ...
