
-- Executing script file `results/discovery/mac_arrival_challenge_20260905/mul24_mac_replay_norules_classic.ys' --

1. Executing Verilog-2005 frontend: results/discovery/mac_arrival_challenge_20260905/cells.v
Parsing Verilog input from `results/discovery/mac_arrival_challenge_20260905/cells.v' to AST representation.
Generating RTLIL representation for module `\gen_and2'.
Generating RTLIL representation for module `\gen_or2'.
Generating RTLIL representation for module `\gen_mux2'.
Generating RTLIL representation for module `\gen_xor2'.
Generating RTLIL representation for module `\gen_xor3'.
Generating RTLIL representation for module `\gen_ha'.
Generating RTLIL representation for module `\gen_fa'.
Generating RTLIL representation for module `\gen_famux'.
Generating RTLIL representation for module `\gen_pg'.
Generating RTLIL representation for module `\gen_black'.
Generating RTLIL representation for module `\gen_gray'.
Successfully finished Verilog frontend.

2. Executing Verilog-2005 frontend: results/discovery/mac_arrival_challenge_20260905/rtl/mul24_mac_replay_norules.v
Parsing Verilog input from `results/discovery/mac_arrival_challenge_20260905/rtl/mul24_mac_replay_norules.v' to AST representation.
Generating RTLIL representation for module `\mul24_mac_replay_norules'.
Successfully finished Verilog frontend.

3. Executing ATTRMAP pass (move or copy attributes).
Removed attribute on gen_gray: keep_hierarchy=1
Removed attribute on gen_black: keep_hierarchy=1
Removed attribute on gen_pg: keep_hierarchy=1
Removed attribute on gen_famux: keep_hierarchy=1
Removed attribute on gen_fa: keep_hierarchy=1
Removed attribute on gen_ha: keep_hierarchy=1
Removed attribute on gen_xor3: keep_hierarchy=1
Removed attribute on gen_xor2: keep_hierarchy=1
Removed attribute on gen_mux2: keep_hierarchy=1
Removed attribute on gen_or2: keep_hierarchy=1
Removed attribute on gen_and2: keep_hierarchy=1

4. Executing HIERARCHY pass (managing design hierarchy).

4.1. Analyzing design hierarchy..
Top module:  \mul24_mac_replay_norules
Used module:     \gen_or2
Used module:     \gen_xor2
Used module:     \gen_and2
Used module:     \gen_gray
Used module:     \gen_black
Used module:     \gen_pg
Used module:     \gen_famux
Used module:     \gen_ha

4.2. Analyzing design hierarchy..
Top module:  \mul24_mac_replay_norules
Used module:     \gen_or2
Used module:     \gen_xor2
Used module:     \gen_and2
Used module:     \gen_gray
Used module:     \gen_black
Used module:     \gen_pg
Used module:     \gen_famux
Used module:     \gen_ha
Removing unused module `\gen_fa'.
Removing unused module `\gen_xor3'.
Removing unused module `\gen_mux2'.
Removed 3 unused modules.
Mapping positional arguments of cell mul24_mac_replay_norules.u1595 (gen_or2).
Mapping positional arguments of cell mul24_mac_replay_norules.u1594 (gen_or2).
Mapping positional arguments of cell mul24_mac_replay_norules.u1593 (gen_or2).
Mapping positional arguments of cell mul24_mac_replay_norules.u1592 (gen_or2).
Mapping positional arguments of cell mul24_mac_replay_norules.u1591 (gen_or2).
Mapping positional arguments of cell mul24_mac_replay_norules.u1590 (gen_or2).
Mapping positional arguments of cell mul24_mac_replay_norules.u1589 (gen_or2).
Mapping positional arguments of cell mul24_mac_replay_norules.u1588 (gen_or2).
Mapping positional arguments of cell mul24_mac_replay_norules.u1587 (gen_or2).
Mapping positional arguments of cell mul24_mac_replay_norules.u1586 (gen_or2).
Mapping positional arguments of cell mul24_mac_replay_norules.u1585 (gen_or2).
Mapping positional arguments of cell mul24_mac_replay_norules.u1584 (gen_or2).
Mapping positional arguments of cell mul24_mac_replay_norules.u1583 (gen_or2).
Mapping positional arguments of cell mul24_mac_replay_norules.u1582 (gen_or2).
Mapping positional arguments of cell mul24_mac_replay_norules.u1581 (gen_or2).
Mapping positional arguments of cell mul24_mac_replay_norules.u1580 (gen_or2).
Mapping positional arguments of cell mul24_mac_replay_norules.u1579 (gen_or2).
Mapping positional arguments of cell mul24_mac_replay_norules.u1578 (gen_or2).
Mapping positional arguments of cell mul24_mac_replay_norules.u1577 (gen_or2).
Mapping positional arguments of cell mul24_mac_replay_norules.u1576 (gen_or2).
Mapping positional arguments of cell mul24_mac_replay_norules.u1575 (gen_or2).
Mapping positional arguments of cell mul24_mac_replay_norules.u1574 (gen_or2).
Mapping positional arguments of cell mul24_mac_replay_norules.u1573 (gen_or2).
Mapping positional arguments of cell mul24_mac_replay_norules.u1572 (gen_or2).
Mapping positional arguments of cell mul24_mac_replay_norules.u1571 (gen_or2).
Mapping positional arguments of cell mul24_mac_replay_norules.u1570 (gen_or2).
Mapping positional arguments of cell mul24_mac_replay_norules.u1569 (gen_or2).
Mapping positional arguments of cell mul24_mac_replay_norules.u1568 (gen_or2).
Mapping positional arguments of cell mul24_mac_replay_norules.u1567 (gen_or2).
Mapping positional arguments of cell mul24_mac_replay_norules.u1566 (gen_or2).
Mapping positional arguments of cell mul24_mac_replay_norules.u1565 (gen_or2).
Mapping positional arguments of cell mul24_mac_replay_norules.u1564 (gen_or2).
Mapping positional arguments of cell mul24_mac_replay_norules.u1563 (gen_or2).
Mapping positional arguments of cell mul24_mac_replay_norules.u1562 (gen_or2).
Mapping positional arguments of cell mul24_mac_replay_norules.u1561 (gen_or2).
Mapping positional arguments of cell mul24_mac_replay_norules.u1560 (gen_or2).
Mapping positional arguments of cell mul24_mac_replay_norules.u1559 (gen_or2).
Mapping positional arguments of cell mul24_mac_replay_norules.u1558 (gen_or2).
Mapping positional arguments of cell mul24_mac_replay_norules.u1557 (gen_or2).
Mapping positional arguments of cell mul24_mac_replay_norules.u1556 (gen_or2).
Mapping positional arguments of cell mul24_mac_replay_norules.u1555 (gen_or2).
Mapping positional arguments of cell mul24_mac_replay_norules.u1554 (gen_or2).
Mapping positional arguments of cell mul24_mac_replay_norules.u1553 (gen_or2).
Mapping positional arguments of cell mul24_mac_replay_norules.u1552 (gen_or2).
Mapping positional arguments of cell mul24_mac_replay_norules.u1551 (gen_or2).
Mapping positional arguments of cell mul24_mac_replay_norules.u1550 (gen_or2).
Mapping positional arguments of cell mul24_mac_replay_norules.u1549 (gen_or2).
Mapping positional arguments of cell mul24_mac_replay_norules.u1548 (gen_or2).
Mapping positional arguments of cell mul24_mac_replay_norules.u1547 (gen_or2).
Mapping positional arguments of cell mul24_mac_replay_norules.u1546 (gen_xor2).
Mapping positional arguments of cell mul24_mac_replay_norules.u1545 (gen_xor2).
Mapping positional arguments of cell mul24_mac_replay_norules.u1544 (gen_xor2).
Mapping positional arguments of cell mul24_mac_replay_norules.u1543 (gen_xor2).
Mapping positional arguments of cell mul24_mac_replay_norules.u1542 (gen_xor2).
Mapping positional arguments of cell mul24_mac_replay_norules.u1541 (gen_xor2).
Mapping positional arguments of cell mul24_mac_replay_norules.u1540 (gen_xor2).
Mapping positional arguments of cell mul24_mac_replay_norules.u1539 (gen_xor2).
Mapping positional arguments of cell mul24_mac_replay_norules.u1538 (gen_xor2).
Mapping positional arguments of cell mul24_mac_replay_norules.u1537 (gen_xor2).
Mapping positional arguments of cell mul24_mac_replay_norules.u1536 (gen_xor2).
Mapping positional arguments of cell mul24_mac_replay_norules.u1535 (gen_xor2).
Mapping positional arguments of cell mul24_mac_replay_norules.u1534 (gen_xor2).
Mapping positional arguments of cell mul24_mac_replay_norules.u1533 (gen_xor2).
Mapping positional arguments of cell mul24_mac_replay_norules.u1532 (gen_xor2).
Mapping positional arguments of cell mul24_mac_replay_norules.u1531 (gen_xor2).
Mapping positional arguments of cell mul24_mac_replay_norules.u1530 (gen_xor2).
Mapping positional arguments of cell mul24_mac_replay_norules.u1529 (gen_xor2).
Mapping positional arguments of cell mul24_mac_replay_norules.u1528 (gen_xor2).
Mapping positional arguments of cell mul24_mac_replay_norules.u1527 (gen_xor2).
Mapping positional arguments of cell mul24_mac_replay_norules.u1526 (gen_xor2).
Mapping positional arguments of cell mul24_mac_replay_norules.u1525 (gen_xor2).
Mapping positional arguments of cell mul24_mac_replay_norules.u1524 (gen_xor2).
Mapping positional arguments of cell mul24_mac_replay_norules.u1523 (gen_xor2).
Mapping positional arguments of cell mul24_mac_replay_norules.u1522 (gen_xor2).
Mapping positional arguments of cell mul24_mac_replay_norules.u1521 (gen_xor2).
Mapping positional arguments of cell mul24_mac_replay_norules.u1520 (gen_xor2).
Mapping positional arguments of cell mul24_mac_replay_norules.u1519 (gen_xor2).
Mapping positional arguments of cell mul24_mac_replay_norules.u1518 (gen_xor2).
Mapping positional arguments of cell mul24_mac_replay_norules.u1517 (gen_xor2).
Mapping positional arguments of cell mul24_mac_replay_norules.u1516 (gen_xor2).
Mapping positional arguments of cell mul24_mac_replay_norules.u1515 (gen_xor2).
Mapping positional arguments of cell mul24_mac_replay_norules.u1514 (gen_xor2).
Mapping positional arguments of cell mul24_mac_replay_norules.u1513 (gen_xor2).
Mapping positional arguments of cell mul24_mac_replay_norules.u1512 (gen_xor2).
Mapping positional arguments of cell mul24_mac_replay_norules.u1511 (gen_xor2).
Mapping positional arguments of cell mul24_mac_replay_norules.u1510 (gen_xor2).
Mapping positional arguments of cell mul24_mac_replay_norules.u1509 (gen_and2).
Mapping positional arguments of cell mul24_mac_replay_norules.u1508 (gen_and2).
Mapping positional arguments of cell mul24_mac_replay_norules.u1507 (gen_and2).
Mapping positional arguments of cell mul24_mac_replay_norules.u1506 (gen_and2).
Mapping positional arguments of cell mul24_mac_replay_norules.u1505 (gen_and2).
Mapping positional arguments of cell mul24_mac_replay_norules.u1504 (gen_and2).
Mapping positional arguments of cell mul24_mac_replay_norules.u1503 (gen_and2).
Mapping positional arguments of cell mul24_mac_replay_norules.u1502 (gen_and2).
Mapping positional arguments of cell mul24_mac_replay_norules.u1501 (gen_and2).
Mapping positional arguments of cell mul24_mac_replay_norules.u1500 (gen_and2).
Mapping positional arguments of cell mul24_mac_replay_norules.u1499 (gen_and2).
Mapping positional arguments of cell mul24_mac_replay_norules.u1498 (gen_and2).
Mapping positional arguments of cell mul24_mac_replay_norules.u1497 (gen_and2).
Mapping positional arguments of cell mul24_mac_replay_norules.u1496 (gen_and2).
Mapping positional arguments of cell mul24_mac_replay_norules.u1495 (gen_and2).
Mapping positional arguments of cell mul24_mac_replay_norules.u1494 (gen_and2).
Mapping positional arguments of cell mul24_mac_replay_norules.u1493 (gen_and2).
Mapping positional arguments of cell mul24_mac_replay_norules.u1492 (gen_and2).
Mapping positional arguments of cell mul24_mac_replay_norules.u1491 (gen_and2).
Mapping positional arguments of cell mul24_mac_replay_norules.u1490 (gen_and2).
Mapping positional arguments of cell mul24_mac_replay_norules.u1489 (gen_and2).
Mapping positional arguments of cell mul24_mac_replay_norules.u1488 (gen_and2).
Mapping positional arguments of cell mul24_mac_replay_norules.u1487 (gen_and2).
Mapping positional arguments of cell mul24_mac_replay_norules.u1486 (gen_and2).
Mapping positional arguments of cell mul24_mac_replay_norules.u1485 (gen_and2).
Mapping positional arguments of cell mul24_mac_replay_norules.u1484 (gen_and2).
Mapping positional arguments of cell mul24_mac_replay_norules.u1483 (gen_and2).
Mapping positional arguments of cell mul24_mac_replay_norules.u1482 (gen_and2).
Mapping positional arguments of cell mul24_mac_replay_norules.u1481 (gen_and2).
Mapping positional arguments of cell mul24_mac_replay_norules.u1480 (gen_and2).
Mapping positional arguments of cell mul24_mac_replay_norules.u1479 (gen_and2).
Mapping positional arguments of cell mul24_mac_replay_norules.u1478 (gen_and2).
Mapping positional arguments of cell mul24_mac_replay_norules.u1477 (gen_and2).
Mapping positional arguments of cell mul24_mac_replay_norules.u1476 (gen_and2).
Mapping positional arguments of cell mul24_mac_replay_norules.u1475 (gen_and2).
Mapping positional arguments of cell mul24_mac_replay_norules.u1474 (gen_and2).
Mapping positional arguments of cell mul24_mac_replay_norules.u1473 (gen_and2).
Mapping positional arguments of cell mul24_mac_replay_norules.u1472 (gen_and2).
Mapping positional arguments of cell mul24_mac_replay_norules.u1471 (gen_and2).
Mapping positional arguments of cell mul24_mac_replay_norules.u1470 (gen_and2).
Mapping positional arguments of cell mul24_mac_replay_norules.u1469 (gen_and2).
Mapping positional arguments of cell mul24_mac_replay_norules.u1468 (gen_and2).
Mapping positional arguments of cell mul24_mac_replay_norules.u1467 (gen_and2).
Mapping positional arguments of cell mul24_mac_replay_norules.u1466 (gen_and2).
Mapping positional arguments of cell mul24_mac_replay_norules.u1465 (gen_and2).
Mapping positional arguments of cell mul24_mac_replay_norules.u1464 (gen_and2).
Mapping positional arguments of cell mul24_mac_replay_norules.u1463 (gen_and2).
Mapping positional arguments of cell mul24_mac_replay_norules.u1462 (gen_and2).
Mapping positional arguments of cell mul24_mac_replay_norules.u1461 (gen_and2).
Mapping positional arguments of cell mul24_mac_replay_norules.u1460 (gen_and2).
Mapping positional arguments of cell mul24_mac_replay_norules.u1459 (gen_and2).
Mapping positional arguments of cell mul24_mac_replay_norules.u1458 (gen_and2).
Mapping positional arguments of cell mul24_mac_replay_norules.u1457 (gen_and2).
Mapping positional arguments of cell mul24_mac_replay_norules.u1456 (gen_and2).
Mapping positional arguments of cell mul24_mac_replay_norules.u1455 (gen_and2).
Mapping positional arguments of cell mul24_mac_replay_norules.u1454 (gen_and2).
Mapping positional arguments of cell mul24_mac_replay_norules.u1453 (gen_and2).
Mapping positional arguments of cell mul24_mac_replay_norules.u1452 (gen_and2).
Mapping positional arguments of cell mul24_mac_replay_norules.u1451 (gen_and2).
Mapping positional arguments of cell mul24_mac_replay_norules.u1450 (gen_and2).
Mapping positional arguments of cell mul24_mac_replay_norules.u1449 (gen_and2).
Mapping positional arguments of cell mul24_mac_replay_norules.u1448 (gen_and2).
Mapping positional arguments of cell mul24_mac_replay_norules.u1447 (gen_and2).
Mapping positional arguments of cell mul24_mac_replay_norules.u1446 (gen_and2).
Mapping positional arguments of cell mul24_mac_replay_norules.u1445 (gen_and2).
Mapping positional arguments of cell mul24_mac_replay_norules.u1444 (gen_and2).
Mapping positional arguments of cell mul24_mac_replay_norules.u1443 (gen_and2).
Mapping positional arguments of cell mul24_mac_replay_norules.u1442 (gen_and2).
Mapping positional arguments of cell mul24_mac_replay_norules.u1441 (gen_and2).
Mapping positional arguments of cell mul24_mac_replay_norules.u1440 (gen_and2).
Mapping positional arguments of cell mul24_mac_replay_norules.u1439 (gen_and2).
Mapping positional arguments of cell mul24_mac_replay_norules.u1438 (gen_and2).
Mapping positional arguments of cell mul24_mac_replay_norules.u1437 (gen_and2).
Mapping positional arguments of cell mul24_mac_replay_norules.u1436 (gen_and2).
Mapping positional arguments of cell mul24_mac_replay_norules.u1435 (gen_and2).
Mapping positional arguments of cell mul24_mac_replay_norules.u1434 (gen_and2).
Mapping positional arguments of cell mul24_mac_replay_norules.u1433 (gen_and2).
Mapping positional arguments of cell mul24_mac_replay_norules.u1432 (gen_and2).
Mapping positional arguments of cell mul24_mac_replay_norules.u1431 (gen_and2).
Mapping positional arguments of cell mul24_mac_replay_norules.u1430 (gen_and2).
Mapping positional arguments of cell mul24_mac_replay_norules.u1429 (gen_and2).
Mapping positional arguments of cell mul24_mac_replay_norules.u1428 (gen_and2).
Mapping positional arguments of cell mul24_mac_replay_norules.u1427 (gen_and2).
Mapping positional arguments of cell mul24_mac_replay_norules.u1426 (gen_and2).
Mapping positional arguments of cell mul24_mac_replay_norules.u1425 (gen_and2).
Mapping positional arguments of cell mul24_mac_replay_norules.u1424 (gen_and2).
Mapping positional arguments of cell mul24_mac_replay_norules.u1423 (gen_and2).
Mapping positional arguments of cell mul24_mac_replay_norules.u1422 (gen_and2).
Mapping positional arguments of cell mul24_mac_replay_norules.u1421 (gen_and2).
Mapping positional arguments of cell mul24_mac_replay_norules.u1420 (gen_and2).
Mapping positional arguments of cell mul24_mac_replay_norules.u1419 (gen_and2).
Mapping positional arguments of cell mul24_mac_replay_norules.u1418 (gen_and2).
Mapping positional arguments of cell mul24_mac_replay_norules.u1417 (gen_and2).
Mapping positional arguments of cell mul24_mac_replay_norules.u1416 (gen_and2).
Mapping positional arguments of cell mul24_mac_replay_norules.u1415 (gen_and2).
Mapping positional arguments of cell mul24_mac_replay_norules.u1414 (gen_and2).
Mapping positional arguments of cell mul24_mac_replay_norules.u1413 (gen_and2).
Mapping positional arguments of cell mul24_mac_replay_norules.u1412 (gen_and2).
Mapping positional arguments of cell mul24_mac_replay_norules.u1411 (gen_and2).
Mapping positional arguments of cell mul24_mac_replay_norules.u1410 (gen_and2).
Mapping positional arguments of cell mul24_mac_replay_norules.u1409 (gen_and2).
Mapping positional arguments of cell mul24_mac_replay_norules.u1408 (gen_and2).
Mapping positional arguments of cell mul24_mac_replay_norules.u1407 (gen_and2).
Mapping positional arguments of cell mul24_mac_replay_norules.u1406 (gen_and2).
Mapping positional arguments of cell mul24_mac_replay_norules.u1405 (gen_and2).
Mapping positional arguments of cell mul24_mac_replay_norules.u1404 (gen_and2).
Mapping positional arguments of cell mul24_mac_replay_norules.u1403 (gen_and2).
Mapping positional arguments of cell mul24_mac_replay_norules.u1402 (gen_and2).
Mapping positional arguments of cell mul24_mac_replay_norules.u1401 (gen_and2).
Mapping positional arguments of cell mul24_mac_replay_norules.u1400 (gen_and2).
Mapping positional arguments of cell mul24_mac_replay_norules.u1399 (gen_and2).
Mapping positional arguments of cell mul24_mac_replay_norules.u1398 (gen_and2).
Mapping positional arguments of cell mul24_mac_replay_norules.u1397 (gen_and2).
Mapping positional arguments of cell mul24_mac_replay_norules.u1396 (gen_and2).
Mapping positional arguments of cell mul24_mac_replay_norules.u1395 (gen_and2).
Mapping positional arguments of cell mul24_mac_replay_norules.u1394 (gen_and2).
Mapping positional arguments of cell mul24_mac_replay_norules.u1393 (gen_and2).
Mapping positional arguments of cell mul24_mac_replay_norules.u1392 (gen_and2).
Mapping positional arguments of cell mul24_mac_replay_norules.u1391 (gen_and2).
Mapping positional arguments of cell mul24_mac_replay_norules.u1390 (gen_and2).
Mapping positional arguments of cell mul24_mac_replay_norules.u1389 (gen_and2).
Mapping positional arguments of cell mul24_mac_replay_norules.u1388 (gen_and2).
Mapping positional arguments of cell mul24_mac_replay_norules.u1387 (gen_and2).
Mapping positional arguments of cell mul24_mac_replay_norules.u1386 (gen_and2).
Mapping positional arguments of cell mul24_mac_replay_norules.u1385 (gen_and2).
Mapping positional arguments of cell mul24_mac_replay_norules.u1384 (gen_and2).
Mapping positional arguments of cell mul24_mac_replay_norules.u1383 (gen_and2).
Mapping positional arguments of cell mul24_mac_replay_norules.u1382 (gen_and2).
Mapping positional arguments of cell mul24_mac_replay_norules.u1381 (gen_and2).
Mapping positional arguments of cell mul24_mac_replay_norules.u1380 (gen_and2).
Mapping positional arguments of cell mul24_mac_replay_norules.u1379 (gen_and2).
Mapping positional arguments of cell mul24_mac_replay_norules.u1378 (gen_and2).
Mapping positional arguments of cell mul24_mac_replay_norules.u1377 (gen_and2).
Mapping positional arguments of cell mul24_mac_replay_norules.u1376 (gen_and2).
Mapping positional arguments of cell mul24_mac_replay_norules.u1375 (gen_and2).
Mapping positional arguments of cell mul24_mac_replay_norules.u1374 (gen_and2).
Mapping positional arguments of cell mul24_mac_replay_norules.u1373 (gen_and2).
Mapping positional arguments of cell mul24_mac_replay_norules.u1372 (gen_and2).
Mapping positional arguments of cell mul24_mac_replay_norules.u1371 (gen_and2).
Mapping positional arguments of cell mul24_mac_replay_norules.u1370 (gen_and2).
Mapping positional arguments of cell mul24_mac_replay_norules.u1369 (gen_and2).
Mapping positional arguments of cell mul24_mac_replay_norules.u1368 (gen_and2).
Mapping positional arguments of cell mul24_mac_replay_norules.u1367 (gen_and2).
Mapping positional arguments of cell mul24_mac_replay_norules.u1366 (gen_and2).
Mapping positional arguments of cell mul24_mac_replay_norules.u1365 (gen_and2).
Mapping positional arguments of cell mul24_mac_replay_norules.u1364 (gen_and2).
Mapping positional arguments of cell mul24_mac_replay_norules.u1363 (gen_and2).
Mapping positional arguments of cell mul24_mac_replay_norules.u1362 (gen_and2).
Mapping positional arguments of cell mul24_mac_replay_norules.u1361 (gen_and2).
Mapping positional arguments of cell mul24_mac_replay_norules.u1360 (gen_and2).
Mapping positional arguments of cell mul24_mac_replay_norules.u1359 (gen_and2).
Mapping positional arguments of cell mul24_mac_replay_norules.u1358 (gen_and2).
Mapping positional arguments of cell mul24_mac_replay_norules.u1357 (gen_and2).
Mapping positional arguments of cell mul24_mac_replay_norules.u1356 (gen_and2).
Mapping positional arguments of cell mul24_mac_replay_norules.u1355 (gen_and2).
Mapping positional arguments of cell mul24_mac_replay_norules.u1354 (gen_and2).
Mapping positional arguments of cell mul24_mac_replay_norules.u1353 (gen_and2).
Mapping positional arguments of cell mul24_mac_replay_norules.u1352 (gen_and2).
Mapping positional arguments of cell mul24_mac_replay_norules.u1351 (gen_and2).
Mapping positional arguments of cell mul24_mac_replay_norules.u1350 (gen_xor2).
Mapping positional arguments of cell mul24_mac_replay_norules.u1349 (gen_xor2).
Mapping positional arguments of cell mul24_mac_replay_norules.u1348 (gen_xor2).
Mapping positional arguments of cell mul24_mac_replay_norules.u1347 (gen_xor2).
Mapping positional arguments of cell mul24_mac_replay_norules.u1346 (gen_xor2).
Mapping positional arguments of cell mul24_mac_replay_norules.u1345 (gen_xor2).
Mapping positional arguments of cell mul24_mac_replay_norules.u1344 (gen_xor2).
Mapping positional arguments of cell mul24_mac_replay_norules.u1343 (gen_xor2).
Mapping positional arguments of cell mul24_mac_replay_norules.u1342 (gen_xor2).
Mapping positional arguments of cell mul24_mac_replay_norules.u1341 (gen_xor2).
Mapping positional arguments of cell mul24_mac_replay_norules.u1340 (gen_xor2).
Mapping positional arguments of cell mul24_mac_replay_norules.u1339 (gen_xor2).
Mapping positional arguments of cell mul24_mac_replay_norules.u1338 (gen_xor2).
Mapping positional arguments of cell mul24_mac_replay_norules.u1337 (gen_xor2).
Mapping positional arguments of cell mul24_mac_replay_norules.u1336 (gen_xor2).
Mapping positional arguments of cell mul24_mac_replay_norules.u1335 (gen_xor2).
Mapping positional arguments of cell mul24_mac_replay_norules.u1334 (gen_xor2).
Mapping positional arguments of cell mul24_mac_replay_norules.u1333 (gen_xor2).
Mapping positional arguments of cell mul24_mac_replay_norules.u1332 (gen_xor2).
Mapping positional arguments of cell mul24_mac_replay_norules.u1331 (gen_xor2).
Mapping positional arguments of cell mul24_mac_replay_norules.u1330 (gen_xor2).
Mapping positional arguments of cell mul24_mac_replay_norules.u1329 (gen_xor2).
Mapping positional arguments of cell mul24_mac_replay_norules.u1328 (gen_xor2).
Mapping positional arguments of cell mul24_mac_replay_norules.u1327 (gen_xor2).
Mapping positional arguments of cell mul24_mac_replay_norules.u1326 (gen_xor2).
Mapping positional arguments of cell mul24_mac_replay_norules.u1325 (gen_xor2).
Mapping positional arguments of cell mul24_mac_replay_norules.u1324 (gen_xor2).
Mapping positional arguments of cell mul24_mac_replay_norules.u1323 (gen_xor2).
Mapping positional arguments of cell mul24_mac_replay_norules.u1322 (gen_xor2).
Mapping positional arguments of cell mul24_mac_replay_norules.u1321 (gen_xor2).
Mapping positional arguments of cell mul24_mac_replay_norules.u1320 (gen_xor2).
Mapping positional arguments of cell mul24_mac_replay_norules.u1319 (gen_xor2).
Mapping positional arguments of cell mul24_mac_replay_norules.u1318 (gen_xor2).
Mapping positional arguments of cell mul24_mac_replay_norules.u1317 (gen_xor2).
Mapping positional arguments of cell mul24_mac_replay_norules.u1316 (gen_xor2).
Mapping positional arguments of cell mul24_mac_replay_norules.u1315 (gen_xor2).
Mapping positional arguments of cell mul24_mac_replay_norules.u1314 (gen_xor2).
Mapping positional arguments of cell mul24_mac_replay_norules.u1313 (gen_xor2).
Mapping positional arguments of cell mul24_mac_replay_norules.u1312 (gen_xor2).
Mapping positional arguments of cell mul24_mac_replay_norules.u1311 (gen_xor2).
Mapping positional arguments of cell mul24_mac_replay_norules.u1310 (gen_xor2).
Mapping positional arguments of cell mul24_mac_replay_norules.u1309 (gen_xor2).
Mapping positional arguments of cell mul24_mac_replay_norules.u1308 (gen_xor2).
Mapping positional arguments of cell mul24_mac_replay_norules.u1307 (gen_xor2).
Mapping positional arguments of cell mul24_mac_replay_norules.u1306 (gen_xor2).
Mapping positional arguments of cell mul24_mac_replay_norules.u1305 (gen_xor2).
Mapping positional arguments of cell mul24_mac_replay_norules.u1304 (gen_xor2).
Mapping positional arguments of cell mul24_mac_replay_norules.u1303 (gen_gray).
Mapping positional arguments of cell mul24_mac_replay_norules.u1302 (gen_gray).
Mapping positional arguments of cell mul24_mac_replay_norules.u1301 (gen_gray).
Mapping positional arguments of cell mul24_mac_replay_norules.u1300 (gen_gray).
Mapping positional arguments of cell mul24_mac_replay_norules.u1299 (gen_gray).
Mapping positional arguments of cell mul24_mac_replay_norules.u1298 (gen_gray).
Mapping positional arguments of cell mul24_mac_replay_norules.u1297 (gen_gray).
Mapping positional arguments of cell mul24_mac_replay_norules.u1296 (gen_gray).
Mapping positional arguments of cell mul24_mac_replay_norules.u1295 (gen_gray).
Mapping positional arguments of cell mul24_mac_replay_norules.u1294 (gen_gray).
Mapping positional arguments of cell mul24_mac_replay_norules.u1293 (gen_gray).
Mapping positional arguments of cell mul24_mac_replay_norules.u1292 (gen_gray).
Mapping positional arguments of cell mul24_mac_replay_norules.u1291 (gen_gray).
Mapping positional arguments of cell mul24_mac_replay_norules.u1290 (gen_gray).
Mapping positional arguments of cell mul24_mac_replay_norules.u1289 (gen_gray).
Mapping positional arguments of cell mul24_mac_replay_norules.u1288 (gen_gray).
Mapping positional arguments of cell mul24_mac_replay_norules.u1287 (gen_gray).
Mapping positional arguments of cell mul24_mac_replay_norules.u1286 (gen_gray).
Mapping positional arguments of cell mul24_mac_replay_norules.u1285 (gen_gray).
Mapping positional arguments of cell mul24_mac_replay_norules.u1284 (gen_gray).
Mapping positional arguments of cell mul24_mac_replay_norules.u1283 (gen_gray).
Mapping positional arguments of cell mul24_mac_replay_norules.u1282 (gen_gray).
Mapping positional arguments of cell mul24_mac_replay_norules.u1281 (gen_gray).
Mapping positional arguments of cell mul24_mac_replay_norules.u1280 (gen_gray).
Mapping positional arguments of cell mul24_mac_replay_norules.u1279 (gen_gray).
Mapping positional arguments of cell mul24_mac_replay_norules.u1278 (gen_gray).
Mapping positional arguments of cell mul24_mac_replay_norules.u1277 (gen_gray).
Mapping positional arguments of cell mul24_mac_replay_norules.u1276 (gen_gray).
Mapping positional arguments of cell mul24_mac_replay_norules.u1275 (gen_gray).
Mapping positional arguments of cell mul24_mac_replay_norules.u1274 (gen_gray).
Mapping positional arguments of cell mul24_mac_replay_norules.u1273 (gen_gray).
Mapping positional arguments of cell mul24_mac_replay_norules.u1272 (gen_gray).
Mapping positional arguments of cell mul24_mac_replay_norules.u1271 (gen_black).
Mapping positional arguments of cell mul24_mac_replay_norules.u1270 (gen_black).
Mapping positional arguments of cell mul24_mac_replay_norules.u1269 (gen_black).
Mapping positional arguments of cell mul24_mac_replay_norules.u1268 (gen_black).
Mapping positional arguments of cell mul24_mac_replay_norules.u1267 (gen_black).
Mapping positional arguments of cell mul24_mac_replay_norules.u1266 (gen_black).
Mapping positional arguments of cell mul24_mac_replay_norules.u1265 (gen_black).
Mapping positional arguments of cell mul24_mac_replay_norules.u1264 (gen_black).
Mapping positional arguments of cell mul24_mac_replay_norules.u1263 (gen_black).
Mapping positional arguments of cell mul24_mac_replay_norules.u1262 (gen_black).
Mapping positional arguments of cell mul24_mac_replay_norules.u1261 (gen_black).
Mapping positional arguments of cell mul24_mac_replay_norules.u1260 (gen_black).
Mapping positional arguments of cell mul24_mac_replay_norules.u1259 (gen_black).
Mapping positional arguments of cell mul24_mac_replay_norules.u1258 (gen_black).
Mapping positional arguments of cell mul24_mac_replay_norules.u1257 (gen_black).
Mapping positional arguments of cell mul24_mac_replay_norules.u1256 (gen_black).
Mapping positional arguments of cell mul24_mac_replay_norules.u1255 (gen_gray).
Mapping positional arguments of cell mul24_mac_replay_norules.u1254 (gen_gray).
Mapping positional arguments of cell mul24_mac_replay_norules.u1253 (gen_gray).
Mapping positional arguments of cell mul24_mac_replay_norules.u1252 (gen_gray).
Mapping positional arguments of cell mul24_mac_replay_norules.u1251 (gen_gray).
Mapping positional arguments of cell mul24_mac_replay_norules.u1250 (gen_gray).
Mapping positional arguments of cell mul24_mac_replay_norules.u1249 (gen_gray).
Mapping positional arguments of cell mul24_mac_replay_norules.u1248 (gen_gray).
Mapping positional arguments of cell mul24_mac_replay_norules.u1247 (gen_black).
Mapping positional arguments of cell mul24_mac_replay_norules.u1246 (gen_black).
Mapping positional arguments of cell mul24_mac_replay_norules.u1245 (gen_black).
Mapping positional arguments of cell mul24_mac_replay_norules.u1244 (gen_black).
Mapping positional arguments of cell mul24_mac_replay_norules.u1243 (gen_black).
Mapping positional arguments of cell mul24_mac_replay_norules.u1242 (gen_black).
Mapping positional arguments of cell mul24_mac_replay_norules.u1241 (gen_black).
Mapping positional arguments of cell mul24_mac_replay_norules.u1240 (gen_black).
Mapping positional arguments of cell mul24_mac_replay_norules.u1239 (gen_black).
Mapping positional arguments of cell mul24_mac_replay_norules.u1238 (gen_black).
Mapping positional arguments of cell mul24_mac_replay_norules.u1237 (gen_black).
Mapping positional arguments of cell mul24_mac_replay_norules.u1236 (gen_black).
Mapping positional arguments of cell mul24_mac_replay_norules.u1235 (gen_black).
Mapping positional arguments of cell mul24_mac_replay_norules.u1234 (gen_black).
Mapping positional arguments of cell mul24_mac_replay_norules.u1233 (gen_black).
Mapping positional arguments of cell mul24_mac_replay_norules.u1232 (gen_black).
Mapping positional arguments of cell mul24_mac_replay_norules.u1231 (gen_black).
Mapping positional arguments of cell mul24_mac_replay_norules.u1230 (gen_black).
Mapping positional arguments of cell mul24_mac_replay_norules.u1229 (gen_black).
Mapping positional arguments of cell mul24_mac_replay_norules.u1228 (gen_black).
Mapping positional arguments of cell mul24_mac_replay_norules.u1227 (gen_gray).
Mapping positional arguments of cell mul24_mac_replay_norules.u1226 (gen_gray).
Mapping positional arguments of cell mul24_mac_replay_norules.u1225 (gen_gray).
Mapping positional arguments of cell mul24_mac_replay_norules.u1224 (gen_gray).
Mapping positional arguments of cell mul24_mac_replay_norules.u1223 (gen_black).
Mapping positional arguments of cell mul24_mac_replay_norules.u1222 (gen_black).
Mapping positional arguments of cell mul24_mac_replay_norules.u1221 (gen_black).
Mapping positional arguments of cell mul24_mac_replay_norules.u1220 (gen_black).
Mapping positional arguments of cell mul24_mac_replay_norules.u1219 (gen_black).
Mapping positional arguments of cell mul24_mac_replay_norules.u1218 (gen_black).
Mapping positional arguments of cell mul24_mac_replay_norules.u1217 (gen_black).
Mapping positional arguments of cell mul24_mac_replay_norules.u1216 (gen_black).
Mapping positional arguments of cell mul24_mac_replay_norules.u1215 (gen_black).
Mapping positional arguments of cell mul24_mac_replay_norules.u1214 (gen_black).
Mapping positional arguments of cell mul24_mac_replay_norules.u1213 (gen_black).
Mapping positional arguments of cell mul24_mac_replay_norules.u1212 (gen_black).
Mapping positional arguments of cell mul24_mac_replay_norules.u1211 (gen_black).
Mapping positional arguments of cell mul24_mac_replay_norules.u1210 (gen_black).
Mapping positional arguments of cell mul24_mac_replay_norules.u1209 (gen_black).
Mapping positional arguments of cell mul24_mac_replay_norules.u1208 (gen_black).
Mapping positional arguments of cell mul24_mac_replay_norules.u1207 (gen_black).
Mapping positional arguments of cell mul24_mac_replay_norules.u1206 (gen_black).
Mapping positional arguments of cell mul24_mac_replay_norules.u1205 (gen_black).
Mapping positional arguments of cell mul24_mac_replay_norules.u1204 (gen_black).
Mapping positional arguments of cell mul24_mac_replay_norules.u1203 (gen_black).
Mapping positional arguments of cell mul24_mac_replay_norules.u1202 (gen_black).
Mapping positional arguments of cell mul24_mac_replay_norules.u1201 (gen_gray).
Mapping positional arguments of cell mul24_mac_replay_norules.u1200 (gen_gray).
Mapping positional arguments of cell mul24_mac_replay_norules.u1199 (gen_black).
Mapping positional arguments of cell mul24_mac_replay_norules.u1198 (gen_black).
Mapping positional arguments of cell mul24_mac_replay_norules.u1197 (gen_black).
Mapping positional arguments of cell mul24_mac_replay_norules.u1196 (gen_black).
Mapping positional arguments of cell mul24_mac_replay_norules.u1195 (gen_black).
Mapping positional arguments of cell mul24_mac_replay_norules.u1194 (gen_black).
Mapping positional arguments of cell mul24_mac_replay_norules.u1193 (gen_black).
Mapping positional arguments of cell mul24_mac_replay_norules.u1192 (gen_black).
Mapping positional arguments of cell mul24_mac_replay_norules.u1191 (gen_black).
Mapping positional arguments of cell mul24_mac_replay_norules.u1190 (gen_black).
Mapping positional arguments of cell mul24_mac_replay_norules.u1189 (gen_black).
Mapping positional arguments of cell mul24_mac_replay_norules.u1188 (gen_black).
Mapping positional arguments of cell mul24_mac_replay_norules.u1187 (gen_black).
Mapping positional arguments of cell mul24_mac_replay_norules.u1186 (gen_black).
Mapping positional arguments of cell mul24_mac_replay_norules.u1185 (gen_black).
Mapping positional arguments of cell mul24_mac_replay_norules.u1184 (gen_black).
Mapping positional arguments of cell mul24_mac_replay_norules.u1183 (gen_black).
Mapping positional arguments of cell mul24_mac_replay_norules.u1182 (gen_black).
Mapping positional arguments of cell mul24_mac_replay_norules.u1181 (gen_black).
Mapping positional arguments of cell mul24_mac_replay_norules.u1180 (gen_black).
Mapping positional arguments of cell mul24_mac_replay_norules.u1179 (gen_black).
Mapping positional arguments of cell mul24_mac_replay_norules.u1178 (gen_black).
Mapping positional arguments of cell mul24_mac_replay_norules.u1177 (gen_black).
Mapping positional arguments of cell mul24_mac_replay_norules.u1176 (gen_gray).
Mapping positional arguments of cell mul24_mac_replay_norules.u1175 (gen_pg).
Mapping positional arguments of cell mul24_mac_replay_norules.u1174 (gen_pg).
Mapping positional arguments of cell mul24_mac_replay_norules.u1173 (gen_pg).
Mapping positional arguments of cell mul24_mac_replay_norules.u1172 (gen_pg).
Mapping positional arguments of cell mul24_mac_replay_norules.u1171 (gen_pg).
Mapping positional arguments of cell mul24_mac_replay_norules.u1170 (gen_pg).
Mapping positional arguments of cell mul24_mac_replay_norules.u1169 (gen_pg).
Mapping positional arguments of cell mul24_mac_replay_norules.u1168 (gen_pg).
Mapping positional arguments of cell mul24_mac_replay_norules.u1167 (gen_pg).
Mapping positional arguments of cell mul24_mac_replay_norules.u1166 (gen_pg).
Mapping positional arguments of cell mul24_mac_replay_norules.u1165 (gen_pg).
Mapping positional arguments of cell mul24_mac_replay_norules.u1164 (gen_pg).
Mapping positional arguments of cell mul24_mac_replay_norules.u1163 (gen_pg).
Mapping positional arguments of cell mul24_mac_replay_norules.u1162 (gen_pg).
Mapping positional arguments of cell mul24_mac_replay_norules.u1161 (gen_pg).
Mapping positional arguments of cell mul24_mac_replay_norules.u1160 (gen_pg).
Mapping positional arguments of cell mul24_mac_replay_norules.u1159 (gen_pg).
Mapping positional arguments of cell mul24_mac_replay_norules.u1158 (gen_pg).
Mapping positional arguments of cell mul24_mac_replay_norules.u1157 (gen_pg).
Mapping positional arguments of cell mul24_mac_replay_norules.u1156 (gen_pg).
Mapping positional arguments of cell mul24_mac_replay_norules.u1155 (gen_pg).
Mapping positional arguments of cell mul24_mac_replay_norules.u1154 (gen_pg).
Mapping positional arguments of cell mul24_mac_replay_norules.u1153 (gen_pg).
Mapping positional arguments of cell mul24_mac_replay_norules.u1152 (gen_pg).
Mapping positional arguments of cell mul24_mac_replay_norules.u1151 (gen_pg).
Mapping positional arguments of cell mul24_mac_replay_norules.u1150 (gen_pg).
Mapping positional arguments of cell mul24_mac_replay_norules.u1149 (gen_pg).
Mapping positional arguments of cell mul24_mac_replay_norules.u1148 (gen_pg).
Mapping positional arguments of cell mul24_mac_replay_norules.u1147 (gen_pg).
Mapping positional arguments of cell mul24_mac_replay_norules.u1146 (gen_pg).
Mapping positional arguments of cell mul24_mac_replay_norules.u1145 (gen_pg).
Mapping positional arguments of cell mul24_mac_replay_norules.u1144 (gen_pg).
Mapping positional arguments of cell mul24_mac_replay_norules.u1143 (gen_pg).
Mapping positional arguments of cell mul24_mac_replay_norules.u1142 (gen_pg).
Mapping positional arguments of cell mul24_mac_replay_norules.u1141 (gen_pg).
Mapping positional arguments of cell mul24_mac_replay_norules.u1140 (gen_pg).
Mapping positional arguments of cell mul24_mac_replay_norules.u1139 (gen_pg).
Mapping positional arguments of cell mul24_mac_replay_norules.u1138 (gen_pg).
Mapping positional arguments of cell mul24_mac_replay_norules.u1137 (gen_pg).
Mapping positional arguments of cell mul24_mac_replay_norules.u1136 (gen_pg).
Mapping positional arguments of cell mul24_mac_replay_norules.u1135 (gen_pg).
Mapping positional arguments of cell mul24_mac_replay_norules.u1134 (gen_pg).
Mapping positional arguments of cell mul24_mac_replay_norules.u1133 (gen_pg).
Mapping positional arguments of cell mul24_mac_replay_norules.u1132 (gen_pg).
Mapping positional arguments of cell mul24_mac_replay_norules.u1131 (gen_pg).
Mapping positional arguments of cell mul24_mac_replay_norules.u1130 (gen_pg).
Mapping positional arguments of cell mul24_mac_replay_norules.u1129 (gen_pg).
Mapping positional arguments of cell mul24_mac_replay_norules.u1128 (gen_pg).
Mapping positional arguments of cell mul24_mac_replay_norules.u1127 (gen_famux).
Mapping positional arguments of cell mul24_mac_replay_norules.u1126 (gen_famux).
Mapping positional arguments of cell mul24_mac_replay_norules.u1125 (gen_famux).
Mapping positional arguments of cell mul24_mac_replay_norules.u1124 (gen_famux).
Mapping positional arguments of cell mul24_mac_replay_norules.u1123 (gen_famux).
Mapping positional arguments of cell mul24_mac_replay_norules.u1122 (gen_famux).
Mapping positional arguments of cell mul24_mac_replay_norules.u1121 (gen_famux).
Mapping positional arguments of cell mul24_mac_replay_norules.u1120 (gen_famux).
Mapping positional arguments of cell mul24_mac_replay_norules.u1119 (gen_famux).
Mapping positional arguments of cell mul24_mac_replay_norules.u1118 (gen_famux).
Mapping positional arguments of cell mul24_mac_replay_norules.u1117 (gen_famux).
Mapping positional arguments of cell mul24_mac_replay_norules.u1116 (gen_famux).
Mapping positional arguments of cell mul24_mac_replay_norules.u1115 (gen_famux).
Mapping positional arguments of cell mul24_mac_replay_norules.u1114 (gen_famux).
Mapping positional arguments of cell mul24_mac_replay_norules.u1113 (gen_famux).
Mapping positional arguments of cell mul24_mac_replay_norules.u1112 (gen_famux).
Mapping positional arguments of cell mul24_mac_replay_norules.u1111 (gen_famux).
Mapping positional arguments of cell mul24_mac_replay_norules.u1110 (gen_famux).
Mapping positional arguments of cell mul24_mac_replay_norules.u1109 (gen_famux).
Mapping positional arguments of cell mul24_mac_replay_norules.u1108 (gen_famux).
Mapping positional arguments of cell mul24_mac_replay_norules.u1107 (gen_famux).
Mapping positional arguments of cell mul24_mac_replay_norules.u1106 (gen_famux).
Mapping positional arguments of cell mul24_mac_replay_norules.u1105 (gen_famux).
Mapping positional arguments of cell mul24_mac_replay_norules.u1104 (gen_famux).
Mapping positional arguments of cell mul24_mac_replay_norules.u1103 (gen_famux).
Mapping positional arguments of cell mul24_mac_replay_norules.u1102 (gen_famux).
Mapping positional arguments of cell mul24_mac_replay_norules.u1101 (gen_famux).
Mapping positional arguments of cell mul24_mac_replay_norules.u1100 (gen_famux).
Mapping positional arguments of cell mul24_mac_replay_norules.u1099 (gen_famux).
Mapping positional arguments of cell mul24_mac_replay_norules.u1098 (gen_famux).
Mapping positional arguments of cell mul24_mac_replay_norules.u1097 (gen_famux).
Mapping positional arguments of cell mul24_mac_replay_norules.u1096 (gen_famux).
Mapping positional arguments of cell mul24_mac_replay_norules.u1095 (gen_famux).
Mapping positional arguments of cell mul24_mac_replay_norules.u1094 (gen_famux).
Mapping positional arguments of cell mul24_mac_replay_norules.u1093 (gen_famux).
Mapping positional arguments of cell mul24_mac_replay_norules.u1092 (gen_famux).
Mapping positional arguments of cell mul24_mac_replay_norules.u1091 (gen_famux).
Mapping positional arguments of cell mul24_mac_replay_norules.u1090 (gen_famux).
Mapping positional arguments of cell mul24_mac_replay_norules.u1089 (gen_famux).
Mapping positional arguments of cell mul24_mac_replay_norules.u1088 (gen_famux).
Mapping positional arguments of cell mul24_mac_replay_norules.u1087 (gen_famux).
Mapping positional arguments of cell mul24_mac_replay_norules.u1086 (gen_famux).
Mapping positional arguments of cell mul24_mac_replay_norules.u1085 (gen_famux).
Mapping positional arguments of cell mul24_mac_replay_norules.u1084 (gen_famux).
Mapping positional arguments of cell mul24_mac_replay_norules.u1083 (gen_famux).
Mapping positional arguments of cell mul24_mac_replay_norules.u1082 (gen_ha).
Mapping positional arguments of cell mul24_mac_replay_norules.u1081 (gen_famux).
Mapping positional arguments of cell mul24_mac_replay_norules.u1080 (gen_famux).
Mapping positional arguments of cell mul24_mac_replay_norules.u1079 (gen_famux).
Mapping positional arguments of cell mul24_mac_replay_norules.u1078 (gen_famux).
Mapping positional arguments of cell mul24_mac_replay_norules.u1077 (gen_famux).
Mapping positional arguments of cell mul24_mac_replay_norules.u1076 (gen_famux).
Mapping positional arguments of cell mul24_mac_replay_norules.u1075 (gen_famux).
Mapping positional arguments of cell mul24_mac_replay_norules.u1074 (gen_famux).
Mapping positional arguments of cell mul24_mac_replay_norules.u1073 (gen_famux).
Mapping positional arguments of cell mul24_mac_replay_norules.u1072 (gen_famux).
Mapping positional arguments of cell mul24_mac_replay_norules.u1071 (gen_famux).
Mapping positional arguments of cell mul24_mac_replay_norules.u1070 (gen_famux).
Mapping positional arguments of cell mul24_mac_replay_norules.u1069 (gen_famux).
Mapping positional arguments of cell mul24_mac_replay_norules.u1068 (gen_famux).
Mapping positional arguments of cell mul24_mac_replay_norules.u1067 (gen_famux).
Mapping positional arguments of cell mul24_mac_replay_norules.u1066 (gen_famux).
Mapping positional arguments of cell mul24_mac_replay_norules.u1065 (gen_famux).
Mapping positional arguments of cell mul24_mac_replay_norules.u1064 (gen_famux).
Mapping positional arguments of cell mul24_mac_replay_norules.u1063 (gen_famux).
Mapping positional arguments of cell mul24_mac_replay_norules.u1062 (gen_famux).
Mapping positional arguments of cell mul24_mac_replay_norules.u1061 (gen_famux).
Mapping positional arguments of cell mul24_mac_replay_norules.u1060 (gen_famux).
Mapping positional arguments of cell mul24_mac_replay_norules.u1059 (gen_famux).
Mapping positional arguments of cell mul24_mac_replay_norules.u1058 (gen_famux).
Mapping positional arguments of cell mul24_mac_replay_norules.u1057 (gen_famux).
Mapping positional arguments of cell mul24_mac_replay_norules.u1056 (gen_famux).
Mapping positional arguments of cell mul24_mac_replay_norules.u1055 (gen_famux).
Mapping positional arguments of cell mul24_mac_replay_norules.u1054 (gen_famux).
Mapping positional arguments of cell mul24_mac_replay_norules.u1053 (gen_famux).
Mapping positional arguments of cell mul24_mac_replay_norules.u1052 (gen_famux).
Mapping positional arguments of cell mul24_mac_replay_norules.u1051 (gen_famux).
Mapping positional arguments of cell mul24_mac_replay_norules.u1050 (gen_famux).
Mapping positional arguments of cell mul24_mac_replay_norules.u1049 (gen_famux).
Mapping positional arguments of cell mul24_mac_replay_norules.u1048 (gen_famux).
Mapping positional arguments of cell mul24_mac_replay_norules.u1047 (gen_famux).
Mapping positional arguments of cell mul24_mac_replay_norules.u1046 (gen_famux).
Mapping positional arguments of cell mul24_mac_replay_norules.u1045 (gen_famux).
Mapping positional arguments of cell mul24_mac_replay_norules.u1044 (gen_famux).
Mapping positional arguments of cell mul24_mac_replay_norules.u1043 (gen_famux).
Mapping positional arguments of cell mul24_mac_replay_norules.u1042 (gen_famux).
Mapping positional arguments of cell mul24_mac_replay_norules.u1041 (gen_famux).
Mapping positional arguments of cell mul24_mac_replay_norules.u1040 (gen_famux).
Mapping positional arguments of cell mul24_mac_replay_norules.u1039 (gen_famux).
Mapping positional arguments of cell mul24_mac_replay_norules.u1038 (gen_ha).
Mapping positional arguments of cell mul24_mac_replay_norules.u1037 (gen_famux).
Mapping positional arguments of cell mul24_mac_replay_norules.u1036 (gen_famux).
Mapping positional arguments of cell mul24_mac_replay_norules.u1035 (gen_famux).
Mapping positional arguments of cell mul24_mac_replay_norules.u1034 (gen_famux).
Mapping positional arguments of cell mul24_mac_replay_norules.u1033 (gen_famux).
Mapping positional arguments of cell mul24_mac_replay_norules.u1032 (gen_famux).
Mapping positional arguments of cell mul24_mac_replay_norules.u1031 (gen_famux).
Mapping positional arguments of cell mul24_mac_replay_norules.u1030 (gen_famux).
Mapping positional arguments of cell mul24_mac_replay_norules.u1029 (gen_famux).
Mapping positional arguments of cell mul24_mac_replay_norules.u1028 (gen_famux).
Mapping positional arguments of cell mul24_mac_replay_norules.u1027 (gen_famux).
Mapping positional arguments of cell mul24_mac_replay_norules.u1026 (gen_famux).
Mapping positional arguments of cell mul24_mac_replay_norules.u1025 (gen_famux).
Mapping positional arguments of cell mul24_mac_replay_norules.u1024 (gen_famux).
Mapping positional arguments of cell mul24_mac_replay_norules.u1023 (gen_famux).
Mapping positional arguments of cell mul24_mac_replay_norules.u1022 (gen_famux).
Mapping positional arguments of cell mul24_mac_replay_norules.u1021 (gen_famux).
Mapping positional arguments of cell mul24_mac_replay_norules.u1020 (gen_famux).
Mapping positional arguments of cell mul24_mac_replay_norules.u1019 (gen_famux).
Mapping positional arguments of cell mul24_mac_replay_norules.u1018 (gen_famux).
Mapping positional arguments of cell mul24_mac_replay_norules.u1017 (gen_famux).
Mapping positional arguments of cell mul24_mac_replay_norules.u1016 (gen_famux).
Mapping positional arguments of cell mul24_mac_replay_norules.u1015 (gen_famux).
Mapping positional arguments of cell mul24_mac_replay_norules.u1014 (gen_famux).
Mapping positional arguments of cell mul24_mac_replay_norules.u1013 (gen_famux).
Mapping positional arguments of cell mul24_mac_replay_norules.u1012 (gen_famux).
Mapping positional arguments of cell mul24_mac_replay_norules.u1011 (gen_famux).
Mapping positional arguments of cell mul24_mac_replay_norules.u1010 (gen_famux).
Mapping positional arguments of cell mul24_mac_replay_norules.u1009 (gen_famux).
Mapping positional arguments of cell mul24_mac_replay_norules.u1008 (gen_famux).
Mapping positional arguments of cell mul24_mac_replay_norules.u1007 (gen_famux).
Mapping positional arguments of cell mul24_mac_replay_norules.u1006 (gen_famux).
Mapping positional arguments of cell mul24_mac_replay_norules.u1005 (gen_famux).
Mapping positional arguments of cell mul24_mac_replay_norules.u1004 (gen_famux).
Mapping positional arguments of cell mul24_mac_replay_norules.u1003 (gen_famux).
Mapping positional arguments of cell mul24_mac_replay_norules.u1002 (gen_famux).
Mapping positional arguments of cell mul24_mac_replay_norules.u1001 (gen_famux).
Mapping positional arguments of cell mul24_mac_replay_norules.u1000 (gen_famux).
Mapping positional arguments of cell mul24_mac_replay_norules.u999 (gen_famux).
Mapping positional arguments of cell mul24_mac_replay_norules.u998 (gen_famux).
Mapping positional arguments of cell mul24_mac_replay_norules.u997 (gen_famux).
Mapping positional arguments of cell mul24_mac_replay_norules.u996 (gen_famux).
Mapping positional arguments of cell mul24_mac_replay_norules.u995 (gen_famux).
Mapping positional arguments of cell mul24_mac_replay_norules.u994 (gen_famux).
Mapping positional arguments of cell mul24_mac_replay_norules.u993 (gen_famux).
Mapping positional arguments of cell mul24_mac_replay_norules.u992 (gen_famux).
Mapping positional arguments of cell mul24_mac_replay_norules.u991 (gen_famux).
Mapping positional arguments of cell mul24_mac_replay_norules.u990 (gen_famux).
Mapping positional arguments of cell mul24_mac_replay_norules.u989 (gen_famux).
Mapping positional arguments of cell mul24_mac_replay_norules.u988 (gen_famux).
Mapping positional arguments of cell mul24_mac_replay_norules.u987 (gen_famux).
Mapping positional arguments of cell mul24_mac_replay_norules.u986 (gen_famux).
Mapping positional arguments of cell mul24_mac_replay_norules.u985 (gen_famux).
Mapping positional arguments of cell mul24_mac_replay_norules.u984 (gen_famux).
Mapping positional arguments of cell mul24_mac_replay_norules.u983 (gen_famux).
Mapping positional arguments of cell mul24_mac_replay_norules.u982 (gen_famux).
Mapping positional arguments of cell mul24_mac_replay_norules.u981 (gen_famux).
Mapping positional arguments of cell mul24_mac_replay_norules.u980 (gen_famux).
Mapping positional arguments of cell mul24_mac_replay_norules.u979 (gen_famux).
Mapping positional arguments of cell mul24_mac_replay_norules.u978 (gen_famux).
Mapping positional arguments of cell mul24_mac_replay_norules.u977 (gen_famux).
Mapping positional arguments of cell mul24_mac_replay_norules.u976 (gen_famux).
Mapping positional arguments of cell mul24_mac_replay_norules.u975 (gen_famux).
Mapping positional arguments of cell mul24_mac_replay_norules.u974 (gen_famux).
Mapping positional arguments of cell mul24_mac_replay_norules.u973 (gen_famux).
Mapping positional arguments of cell mul24_mac_replay_norules.u972 (gen_famux).
Mapping positional arguments of cell mul24_mac_replay_norules.u971 (gen_famux).
Mapping positional arguments of cell mul24_mac_replay_norules.u970 (gen_famux).
Mapping positional arguments of cell mul24_mac_replay_norules.u969 (gen_famux).
Mapping positional arguments of cell mul24_mac_replay_norules.u968 (gen_famux).
Mapping positional arguments of cell mul24_mac_replay_norules.u967 (gen_famux).
Mapping positional arguments of cell mul24_mac_replay_norules.u966 (gen_famux).
Mapping positional arguments of cell mul24_mac_replay_norules.u965 (gen_famux).
Mapping positional arguments of cell mul24_mac_replay_norules.u964 (gen_famux).
Mapping positional arguments of cell mul24_mac_replay_norules.u963 (gen_famux).
Mapping positional arguments of cell mul24_mac_replay_norules.u962 (gen_famux).
Mapping positional arguments of cell mul24_mac_replay_norules.u961 (gen_famux).
Mapping positional arguments of cell mul24_mac_replay_norules.u960 (gen_famux).
Mapping positional arguments of cell mul24_mac_replay_norules.u959 (gen_famux).
Mapping positional arguments of cell mul24_mac_replay_norules.u958 (gen_ha).
Mapping positional arguments of cell mul24_mac_replay_norules.u957 (gen_famux).
Mapping positional arguments of cell mul24_mac_replay_norules.u956 (gen_ha).
Mapping positional arguments of cell mul24_mac_replay_norules.u955 (gen_famux).
Mapping positional arguments of cell mul24_mac_replay_norules.u954 (gen_famux).
Mapping positional arguments of cell mul24_mac_replay_norules.u953 (gen_famux).
Mapping positional arguments of cell mul24_mac_replay_norules.u952 (gen_famux).
Mapping positional arguments of cell mul24_mac_replay_norules.u951 (gen_famux).
Mapping positional arguments of cell mul24_mac_replay_norules.u950 (gen_famux).
Mapping positional arguments of cell mul24_mac_replay_norules.u949 (gen_famux).
Mapping positional arguments of cell mul24_mac_replay_norules.u948 (gen_famux).
Mapping positional arguments of cell mul24_mac_replay_norules.u947 (gen_famux).
Mapping positional arguments of cell mul24_mac_replay_norules.u946 (gen_famux).
Mapping positional arguments of cell mul24_mac_replay_norules.u945 (gen_famux).
Mapping positional arguments of cell mul24_mac_replay_norules.u944 (gen_famux).
Mapping positional arguments of cell mul24_mac_replay_norules.u943 (gen_famux).
Mapping positional arguments of cell mul24_mac_replay_norules.u942 (gen_famux).
Mapping positional arguments of cell mul24_mac_replay_norules.u941 (gen_famux).
Mapping positional arguments of cell mul24_mac_replay_norules.u940 (gen_famux).
Mapping positional arguments of cell mul24_mac_replay_norules.u939 (gen_famux).
Mapping positional arguments of cell mul24_mac_replay_norules.u938 (gen_famux).
Mapping positional arguments of cell mul24_mac_replay_norules.u937 (gen_famux).
Mapping positional arguments of cell mul24_mac_replay_norules.u936 (gen_famux).
Mapping positional arguments of cell mul24_mac_replay_norules.u935 (gen_famux).
Mapping positional arguments of cell mul24_mac_replay_norules.u934 (gen_famux).
Mapping positional arguments of cell mul24_mac_replay_norules.u933 (gen_famux).
Mapping positional arguments of cell mul24_mac_replay_norules.u932 (gen_famux).
Mapping positional arguments of cell mul24_mac_replay_norules.u931 (gen_famux).
Mapping positional arguments of cell mul24_mac_replay_norules.u930 (gen_famux).
Mapping positional arguments of cell mul24_mac_replay_norules.u929 (gen_famux).
Mapping positional arguments of cell mul24_mac_replay_norules.u928 (gen_famux).
Mapping positional arguments of cell mul24_mac_replay_norules.u927 (gen_famux).
Mapping positional arguments of cell mul24_mac_replay_norules.u926 (gen_famux).
Mapping positional arguments of cell mul24_mac_replay_norules.u925 (gen_famux).
Mapping positional arguments of cell mul24_mac_replay_norules.u924 (gen_famux).
Mapping positional arguments of cell mul24_mac_replay_norules.u923 (gen_famux).
Mapping positional arguments of cell mul24_mac_replay_norules.u922 (gen_famux).
Mapping positional arguments of cell mul24_mac_replay_norules.u921 (gen_famux).
Mapping positional arguments of cell mul24_mac_replay_norules.u920 (gen_famux).
Mapping positional arguments of cell mul24_mac_replay_norules.u919 (gen_famux).
Mapping positional arguments of cell mul24_mac_replay_norules.u918 (gen_famux).
Mapping positional arguments of cell mul24_mac_replay_norules.u917 (gen_famux).
Mapping positional arguments of cell mul24_mac_replay_norules.u916 (gen_famux).
Mapping positional arguments of cell mul24_mac_replay_norules.u915 (gen_famux).
Mapping positional arguments of cell mul24_mac_replay_norules.u914 (gen_famux).
Mapping positional arguments of cell mul24_mac_replay_norules.u913 (gen_famux).
Mapping positional arguments of cell mul24_mac_replay_norules.u912 (gen_famux).
Mapping positional arguments of cell mul24_mac_replay_norules.u911 (gen_famux).
Mapping positional arguments of cell mul24_mac_replay_norules.u910 (gen_famux).
Mapping positional arguments of cell mul24_mac_replay_norules.u909 (gen_famux).
Mapping positional arguments of cell mul24_mac_replay_norules.u908 (gen_famux).
Mapping positional arguments of cell mul24_mac_replay_norules.u907 (gen_famux).
Mapping positional arguments of cell mul24_mac_replay_norules.u906 (gen_famux).
Mapping positional arguments of cell mul24_mac_replay_norules.u905 (gen_famux).
Mapping positional arguments of cell mul24_mac_replay_norules.u904 (gen_famux).
Mapping positional arguments of cell mul24_mac_replay_norules.u903 (gen_famux).
Mapping positional arguments of cell mul24_mac_replay_norules.u902 (gen_famux).
Mapping positional arguments of cell mul24_mac_replay_norules.u901 (gen_famux).
Mapping positional arguments of cell mul24_mac_replay_norules.u900 (gen_famux).
Mapping positional arguments of cell mul24_mac_replay_norules.u899 (gen_famux).
Mapping positional arguments of cell mul24_mac_replay_norules.u898 (gen_famux).
Mapping positional arguments of cell mul24_mac_replay_norules.u897 (gen_famux).
Mapping positional arguments of cell mul24_mac_replay_norules.u896 (gen_famux).
Mapping positional arguments of cell mul24_mac_replay_norules.u895 (gen_famux).
Mapping positional arguments of cell mul24_mac_replay_norules.u894 (gen_famux).
Mapping positional arguments of cell mul24_mac_replay_norules.u893 (gen_famux).
Mapping positional arguments of cell mul24_mac_replay_norules.u892 (gen_famux).
Mapping positional arguments of cell mul24_mac_replay_norules.u891 (gen_famux).
Mapping positional arguments of cell mul24_mac_replay_norules.u890 (gen_famux).
Mapping positional arguments of cell mul24_mac_replay_norules.u889 (gen_famux).
Mapping positional arguments of cell mul24_mac_replay_norules.u888 (gen_famux).
Mapping positional arguments of cell mul24_mac_replay_norules.u887 (gen_famux).
Mapping positional arguments of cell mul24_mac_replay_norules.u886 (gen_famux).
Mapping positional arguments of cell mul24_mac_replay_norules.u885 (gen_famux).
Mapping positional arguments of cell mul24_mac_replay_norules.u884 (gen_famux).
Mapping positional arguments of cell mul24_mac_replay_norules.u883 (gen_famux).
Mapping positional arguments of cell mul24_mac_replay_norules.u882 (gen_famux).
Mapping positional arguments of cell mul24_mac_replay_norules.u881 (gen_famux).
Mapping positional arguments of cell mul24_mac_replay_norules.u880 (gen_famux).
Mapping positional arguments of cell mul24_mac_replay_norules.u879 (gen_famux).
Mapping positional arguments of cell mul24_mac_replay_norules.u878 (gen_famux).
Mapping positional arguments of cell mul24_mac_replay_norules.u877 (gen_famux).
Mapping positional arguments of cell mul24_mac_replay_norules.u876 (gen_famux).
Mapping positional arguments of cell mul24_mac_replay_norules.u875 (gen_famux).
Mapping positional arguments of cell mul24_mac_replay_norules.u874 (gen_famux).
Mapping positional arguments of cell mul24_mac_replay_norules.u873 (gen_famux).
Mapping positional arguments of cell mul24_mac_replay_norules.u872 (gen_famux).
Mapping positional arguments of cell mul24_mac_replay_norules.u871 (gen_famux).
Mapping positional arguments of cell mul24_mac_replay_norules.u870 (gen_famux).
Mapping positional arguments of cell mul24_mac_replay_norules.u869 (gen_famux).
Mapping positional arguments of cell mul24_mac_replay_norules.u868 (gen_famux).
Mapping positional arguments of cell mul24_mac_replay_norules.u867 (gen_famux).
Mapping positional arguments of cell mul24_mac_replay_norules.u866 (gen_famux).
Mapping positional arguments of cell mul24_mac_replay_norules.u865 (gen_famux).
Mapping positional arguments of cell mul24_mac_replay_norules.u864 (gen_famux).
Mapping positional arguments of cell mul24_mac_replay_norules.u863 (gen_famux).
Mapping positional arguments of cell mul24_mac_replay_norules.u862 (gen_famux).
Mapping positional arguments of cell mul24_mac_replay_norules.u861 (gen_famux).
Mapping positional arguments of cell mul24_mac_replay_norules.u860 (gen_famux).
Mapping positional arguments of cell mul24_mac_replay_norules.u859 (gen_famux).
Mapping positional arguments of cell mul24_mac_replay_norules.u858 (gen_famux).
Mapping positional arguments of cell mul24_mac_replay_norules.u857 (gen_famux).
Mapping positional arguments of cell mul24_mac_replay_norules.u856 (gen_famux).
Mapping positional arguments of cell mul24_mac_replay_norules.u855 (gen_famux).
Mapping positional arguments of cell mul24_mac_replay_norules.u854 (gen_famux).
Mapping positional arguments of cell mul24_mac_replay_norules.u853 (gen_ha).
Mapping positional arguments of cell mul24_mac_replay_norules.u852 (gen_famux).
Mapping positional arguments of cell mul24_mac_replay_norules.u851 (gen_famux).
Mapping positional arguments of cell mul24_mac_replay_norules.u850 (gen_ha).
Mapping positional arguments of cell mul24_mac_replay_norules.u849 (gen_famux).
Mapping positional arguments of cell mul24_mac_replay_norules.u848 (gen_ha).
Mapping positional arguments of cell mul24_mac_replay_norules.u847 (gen_famux).
Mapping positional arguments of cell mul24_mac_replay_norules.u846 (gen_famux).
Mapping positional arguments of cell mul24_mac_replay_norules.u845 (gen_famux).
Mapping positional arguments of cell mul24_mac_replay_norules.u844 (gen_famux).
Mapping positional arguments of cell mul24_mac_replay_norules.u843 (gen_famux).
Mapping positional arguments of cell mul24_mac_replay_norules.u842 (gen_famux).
Mapping positional arguments of cell mul24_mac_replay_norules.u841 (gen_famux).
Mapping positional arguments of cell mul24_mac_replay_norules.u840 (gen_famux).
Mapping positional arguments of cell mul24_mac_replay_norules.u839 (gen_famux).
Mapping positional arguments of cell mul24_mac_replay_norules.u838 (gen_famux).
Mapping positional arguments of cell mul24_mac_replay_norules.u837 (gen_famux).
Mapping positional arguments of cell mul24_mac_replay_norules.u836 (gen_famux).
Mapping positional arguments of cell mul24_mac_replay_norules.u835 (gen_famux).
Mapping positional arguments of cell mul24_mac_replay_norules.u834 (gen_famux).
Mapping positional arguments of cell mul24_mac_replay_norules.u833 (gen_famux).
Mapping positional arguments of cell mul24_mac_replay_norules.u832 (gen_famux).
Mapping positional arguments of cell mul24_mac_replay_norules.u831 (gen_famux).
Mapping positional arguments of cell mul24_mac_replay_norules.u830 (gen_famux).
Mapping positional arguments of cell mul24_mac_replay_norules.u829 (gen_famux).
Mapping positional arguments of cell mul24_mac_replay_norules.u828 (gen_famux).
Mapping positional arguments of cell mul24_mac_replay_norules.u827 (gen_famux).
Mapping positional arguments of cell mul24_mac_replay_norules.u826 (gen_famux).
Mapping positional arguments of cell mul24_mac_replay_norules.u825 (gen_famux).
Mapping positional arguments of cell mul24_mac_replay_norules.u824 (gen_famux).
Mapping positional arguments of cell mul24_mac_replay_norules.u823 (gen_famux).
Mapping positional arguments of cell mul24_mac_replay_norules.u822 (gen_famux).
Mapping positional arguments of cell mul24_mac_replay_norules.u821 (gen_famux).
Mapping positional arguments of cell mul24_mac_replay_norules.u820 (gen_famux).
Mapping positional arguments of cell mul24_mac_replay_norules.u819 (gen_famux).
Mapping positional arguments of cell mul24_mac_replay_norules.u818 (gen_famux).
Mapping positional arguments of cell mul24_mac_replay_norules.u817 (gen_famux).
Mapping positional arguments of cell mul24_mac_replay_norules.u816 (gen_famux).
Mapping positional arguments of cell mul24_mac_replay_norules.u815 (gen_famux).
Mapping positional arguments of cell mul24_mac_replay_norules.u814 (gen_famux).
Mapping positional arguments of cell mul24_mac_replay_norules.u813 (gen_famux).
Mapping positional arguments of cell mul24_mac_replay_norules.u812 (gen_famux).
Mapping positional arguments of cell mul24_mac_replay_norules.u811 (gen_famux).
Mapping positional arguments of cell mul24_mac_replay_norules.u810 (gen_famux).
Mapping positional arguments of cell mul24_mac_replay_norules.u809 (gen_famux).
Mapping positional arguments of cell mul24_mac_replay_norules.u808 (gen_famux).
Mapping positional arguments of cell mul24_mac_replay_norules.u807 (gen_famux).
Mapping positional arguments of cell mul24_mac_replay_norules.u806 (gen_famux).
Mapping positional arguments of cell mul24_mac_replay_norules.u805 (gen_famux).
Mapping positional arguments of cell mul24_mac_replay_norules.u804 (gen_famux).
Mapping positional arguments of cell mul24_mac_replay_norules.u803 (gen_famux).
Mapping positional arguments of cell mul24_mac_replay_norules.u802 (gen_famux).
Mapping positional arguments of cell mul24_mac_replay_norules.u801 (gen_famux).
Mapping positional arguments of cell mul24_mac_replay_norules.u800 (gen_famux).
Mapping positional arguments of cell mul24_mac_replay_norules.u799 (gen_famux).
Mapping positional arguments of cell mul24_mac_replay_norules.u798 (gen_famux).
Mapping positional arguments of cell mul24_mac_replay_norules.u797 (gen_famux).
Mapping positional arguments of cell mul24_mac_replay_norules.u796 (gen_famux).
Mapping positional arguments of cell mul24_mac_replay_norules.u795 (gen_famux).
Mapping positional arguments of cell mul24_mac_replay_norules.u794 (gen_famux).
Mapping positional arguments of cell mul24_mac_replay_norules.u793 (gen_famux).
Mapping positional arguments of cell mul24_mac_replay_norules.u792 (gen_famux).
Mapping positional arguments of cell mul24_mac_replay_norules.u791 (gen_famux).
Mapping positional arguments of cell mul24_mac_replay_norules.u790 (gen_famux).
Mapping positional arguments of cell mul24_mac_replay_norules.u789 (gen_famux).
Mapping positional arguments of cell mul24_mac_replay_norules.u788 (gen_famux).
Mapping positional arguments of cell mul24_mac_replay_norules.u787 (gen_famux).
Mapping positional arguments of cell mul24_mac_replay_norules.u786 (gen_famux).
Mapping positional arguments of cell mul24_mac_replay_norules.u785 (gen_famux).
Mapping positional arguments of cell mul24_mac_replay_norules.u784 (gen_famux).
Mapping positional arguments of cell mul24_mac_replay_norules.u783 (gen_famux).
Mapping positional arguments of cell mul24_mac_replay_norules.u782 (gen_famux).
Mapping positional arguments of cell mul24_mac_replay_norules.u781 (gen_famux).
Mapping positional arguments of cell mul24_mac_replay_norules.u780 (gen_famux).
Mapping positional arguments of cell mul24_mac_replay_norules.u779 (gen_famux).
Mapping positional arguments of cell mul24_mac_replay_norules.u778 (gen_famux).
Mapping positional arguments of cell mul24_mac_replay_norules.u777 (gen_famux).
Mapping positional arguments of cell mul24_mac_replay_norules.u776 (gen_famux).
Mapping positional arguments of cell mul24_mac_replay_norules.u775 (gen_famux).
Mapping positional arguments of cell mul24_mac_replay_norules.u774 (gen_famux).
Mapping positional arguments of cell mul24_mac_replay_norules.u773 (gen_famux).
Mapping positional arguments of cell mul24_mac_replay_norules.u772 (gen_famux).
Mapping positional arguments of cell mul24_mac_replay_norules.u771 (gen_famux).
Mapping positional arguments of cell mul24_mac_replay_norules.u770 (gen_famux).
Mapping positional arguments of cell mul24_mac_replay_norules.u769 (gen_famux).
Mapping positional arguments of cell mul24_mac_replay_norules.u768 (gen_famux).
Mapping positional arguments of cell mul24_mac_replay_norules.u767 (gen_famux).
Mapping positional arguments of cell mul24_mac_replay_norules.u766 (gen_famux).
Mapping positional arguments of cell mul24_mac_replay_norules.u765 (gen_famux).
Mapping positional arguments of cell mul24_mac_replay_norules.u764 (gen_famux).
Mapping positional arguments of cell mul24_mac_replay_norules.u763 (gen_famux).
Mapping positional arguments of cell mul24_mac_replay_norules.u762 (gen_famux).
Mapping positional arguments of cell mul24_mac_replay_norules.u761 (gen_famux).
Mapping positional arguments of cell mul24_mac_replay_norules.u760 (gen_famux).
Mapping positional arguments of cell mul24_mac_replay_norules.u759 (gen_famux).
Mapping positional arguments of cell mul24_mac_replay_norules.u758 (gen_famux).
Mapping positional arguments of cell mul24_mac_replay_norules.u757 (gen_famux).
Mapping positional arguments of cell mul24_mac_replay_norules.u756 (gen_famux).
Mapping positional arguments of cell mul24_mac_replay_norules.u755 (gen_famux).
Mapping positional arguments of cell mul24_mac_replay_norules.u754 (gen_famux).
Mapping positional arguments of cell mul24_mac_replay_norules.u753 (gen_famux).
Mapping positional arguments of cell mul24_mac_replay_norules.u752 (gen_famux).
Mapping positional arguments of cell mul24_mac_replay_norules.u751 (gen_famux).
Mapping positional arguments of cell mul24_mac_replay_norules.u750 (gen_famux).
Mapping positional arguments of cell mul24_mac_replay_norules.u749 (gen_famux).
Mapping positional arguments of cell mul24_mac_replay_norules.u748 (gen_famux).
Mapping positional arguments of cell mul24_mac_replay_norules.u747 (gen_famux).
Mapping positional arguments of cell mul24_mac_replay_norules.u746 (gen_famux).
Mapping positional arguments of cell mul24_mac_replay_norules.u745 (gen_famux).
Mapping positional arguments of cell mul24_mac_replay_norules.u744 (gen_famux).
Mapping positional arguments of cell mul24_mac_replay_norules.u743 (gen_famux).
Mapping positional arguments of cell mul24_mac_replay_norules.u742 (gen_famux).
Mapping positional arguments of cell mul24_mac_replay_norules.u741 (gen_ha).
Mapping positional arguments of cell mul24_mac_replay_norules.u740 (gen_famux).
Mapping positional arguments of cell mul24_mac_replay_norules.u739 (gen_famux).
Mapping positional arguments of cell mul24_mac_replay_norules.u738 (gen_famux).
Mapping positional arguments of cell mul24_mac_replay_norules.u737 (gen_ha).
Mapping positional arguments of cell mul24_mac_replay_norules.u736 (gen_famux).
Mapping positional arguments of cell mul24_mac_replay_norules.u735 (gen_famux).
Mapping positional arguments of cell mul24_mac_replay_norules.u734 (gen_ha).
Mapping positional arguments of cell mul24_mac_replay_norules.u733 (gen_famux).
Mapping positional arguments of cell mul24_mac_replay_norules.u732 (gen_ha).
Mapping positional arguments of cell mul24_mac_replay_norules.u731 (gen_famux).
Mapping positional arguments of cell mul24_mac_replay_norules.u730 (gen_famux).
Mapping positional arguments of cell mul24_mac_replay_norules.u729 (gen_famux).
Mapping positional arguments of cell mul24_mac_replay_norules.u728 (gen_famux).
Mapping positional arguments of cell mul24_mac_replay_norules.u727 (gen_famux).
Mapping positional arguments of cell mul24_mac_replay_norules.u726 (gen_famux).
Mapping positional arguments of cell mul24_mac_replay_norules.u725 (gen_famux).
Mapping positional arguments of cell mul24_mac_replay_norules.u724 (gen_famux).
Mapping positional arguments of cell mul24_mac_replay_norules.u723 (gen_famux).
Mapping positional arguments of cell mul24_mac_replay_norules.u722 (gen_famux).
Mapping positional arguments of cell mul24_mac_replay_norules.u721 (gen_famux).
Mapping positional arguments of cell mul24_mac_replay_norules.u720 (gen_famux).
Mapping positional arguments of cell mul24_mac_replay_norules.u719 (gen_famux).
Mapping positional arguments of cell mul24_mac_replay_norules.u718 (gen_famux).
Mapping positional arguments of cell mul24_mac_replay_norules.u717 (gen_famux).
Mapping positional arguments of cell mul24_mac_replay_norules.u716 (gen_famux).
Mapping positional arguments of cell mul24_mac_replay_norules.u715 (gen_famux).
Mapping positional arguments of cell mul24_mac_replay_norules.u714 (gen_famux).
Mapping positional arguments of cell mul24_mac_replay_norules.u713 (gen_famux).
Mapping positional arguments of cell mul24_mac_replay_norules.u712 (gen_famux).
Mapping positional arguments of cell mul24_mac_replay_norules.u711 (gen_famux).
Mapping positional arguments of cell mul24_mac_replay_norules.u710 (gen_famux).
Mapping positional arguments of cell mul24_mac_replay_norules.u709 (gen_famux).
Mapping positional arguments of cell mul24_mac_replay_norules.u708 (gen_famux).
Mapping positional arguments of cell mul24_mac_replay_norules.u707 (gen_famux).
Mapping positional arguments of cell mul24_mac_replay_norules.u706 (gen_famux).
Mapping positional arguments of cell mul24_mac_replay_norules.u705 (gen_famux).
Mapping positional arguments of cell mul24_mac_replay_norules.u704 (gen_famux).
Mapping positional arguments of cell mul24_mac_replay_norules.u703 (gen_famux).
Mapping positional arguments of cell mul24_mac_replay_norules.u702 (gen_famux).
Mapping positional arguments of cell mul24_mac_replay_norules.u701 (gen_famux).
Mapping positional arguments of cell mul24_mac_replay_norules.u700 (gen_famux).
Mapping positional arguments of cell mul24_mac_replay_norules.u699 (gen_famux).
Mapping positional arguments of cell mul24_mac_replay_norules.u698 (gen_famux).
Mapping positional arguments of cell mul24_mac_replay_norules.u697 (gen_famux).
Mapping positional arguments of cell mul24_mac_replay_norules.u696 (gen_famux).
Mapping positional arguments of cell mul24_mac_replay_norules.u695 (gen_famux).
Mapping positional arguments of cell mul24_mac_replay_norules.u694 (gen_famux).
Mapping positional arguments of cell mul24_mac_replay_norules.u693 (gen_famux).
Mapping positional arguments of cell mul24_mac_replay_norules.u692 (gen_famux).
Mapping positional arguments of cell mul24_mac_replay_norules.u691 (gen_famux).
Mapping positional arguments of cell mul24_mac_replay_norules.u690 (gen_famux).
Mapping positional arguments of cell mul24_mac_replay_norules.u689 (gen_famux).
Mapping positional arguments of cell mul24_mac_replay_norules.u688 (gen_famux).
Mapping positional arguments of cell mul24_mac_replay_norules.u687 (gen_famux).
Mapping positional arguments of cell mul24_mac_replay_norules.u686 (gen_famux).
Mapping positional arguments of cell mul24_mac_replay_norules.u685 (gen_famux).
Mapping positional arguments of cell mul24_mac_replay_norules.u684 (gen_famux).
Mapping positional arguments of cell mul24_mac_replay_norules.u683 (gen_famux).
Mapping positional arguments of cell mul24_mac_replay_norules.u682 (gen_famux).
Mapping positional arguments of cell mul24_mac_replay_norules.u681 (gen_famux).
Mapping positional arguments of cell mul24_mac_replay_norules.u680 (gen_famux).
Mapping positional arguments of cell mul24_mac_replay_norules.u679 (gen_famux).
Mapping positional arguments of cell mul24_mac_replay_norules.u678 (gen_famux).
Mapping positional arguments of cell mul24_mac_replay_norules.u677 (gen_famux).
Mapping positional arguments of cell mul24_mac_replay_norules.u676 (gen_famux).
Mapping positional arguments of cell mul24_mac_replay_norules.u675 (gen_famux).
Mapping positional arguments of cell mul24_mac_replay_norules.u674 (gen_famux).
Mapping positional arguments of cell mul24_mac_replay_norules.u673 (gen_famux).
Mapping positional arguments of cell mul24_mac_replay_norules.u672 (gen_famux).
Mapping positional arguments of cell mul24_mac_replay_norules.u671 (gen_famux).
Mapping positional arguments of cell mul24_mac_replay_norules.u670 (gen_famux).
Mapping positional arguments of cell mul24_mac_replay_norules.u669 (gen_famux).
Mapping positional arguments of cell mul24_mac_replay_norules.u668 (gen_famux).
Mapping positional arguments of cell mul24_mac_replay_norules.u667 (gen_famux).
Mapping positional arguments of cell mul24_mac_replay_norules.u666 (gen_famux).
Mapping positional arguments of cell mul24_mac_replay_norules.u665 (gen_famux).
Mapping positional arguments of cell mul24_mac_replay_norules.u664 (gen_famux).
Mapping positional arguments of cell mul24_mac_replay_norules.u663 (gen_famux).
Mapping positional arguments of cell mul24_mac_replay_norules.u662 (gen_famux).
Mapping positional arguments of cell mul24_mac_replay_norules.u661 (gen_famux).
Mapping positional arguments of cell mul24_mac_replay_norules.u660 (gen_famux).
Mapping positional arguments of cell mul24_mac_replay_norules.u659 (gen_famux).
Mapping positional arguments of cell mul24_mac_replay_norules.u658 (gen_famux).
Mapping positional arguments of cell mul24_mac_replay_norules.u657 (gen_famux).
Mapping positional arguments of cell mul24_mac_replay_norules.u656 (gen_famux).
Mapping positional arguments of cell mul24_mac_replay_norules.u655 (gen_famux).
Mapping positional arguments of cell mul24_mac_replay_norules.u654 (gen_famux).
Mapping positional arguments of cell mul24_mac_replay_norules.u653 (gen_famux).
Mapping positional arguments of cell mul24_mac_replay_norules.u652 (gen_famux).
Mapping positional arguments of cell mul24_mac_replay_norules.u651 (gen_famux).
Mapping positional arguments of cell mul24_mac_replay_norules.u650 (gen_famux).
Mapping positional arguments of cell mul24_mac_replay_norules.u649 (gen_famux).
Mapping positional arguments of cell mul24_mac_replay_norules.u648 (gen_famux).
Mapping positional arguments of cell mul24_mac_replay_norules.u647 (gen_famux).
Mapping positional arguments of cell mul24_mac_replay_norules.u646 (gen_famux).
Mapping positional arguments of cell mul24_mac_replay_norules.u645 (gen_famux).
Mapping positional arguments of cell mul24_mac_replay_norules.u644 (gen_famux).
Mapping positional arguments of cell mul24_mac_replay_norules.u643 (gen_famux).
Mapping positional arguments of cell mul24_mac_replay_norules.u642 (gen_famux).
Mapping positional arguments of cell mul24_mac_replay_norules.u641 (gen_famux).
Mapping positional arguments of cell mul24_mac_replay_norules.u640 (gen_famux).
Mapping positional arguments of cell mul24_mac_replay_norules.u639 (gen_famux).
Mapping positional arguments of cell mul24_mac_replay_norules.u638 (gen_ha).
Mapping positional arguments of cell mul24_mac_replay_norules.u637 (gen_famux).
Mapping positional arguments of cell mul24_mac_replay_norules.u636 (gen_famux).
Mapping positional arguments of cell mul24_mac_replay_norules.u635 (gen_famux).
Mapping positional arguments of cell mul24_mac_replay_norules.u634 (gen_famux).
Mapping positional arguments of cell mul24_mac_replay_norules.u633 (gen_famux).
Mapping positional arguments of cell mul24_mac_replay_norules.u632 (gen_ha).
Mapping positional arguments of cell mul24_mac_replay_norules.u631 (gen_famux).
Mapping positional arguments of cell mul24_mac_replay_norules.u630 (gen_famux).
Mapping positional arguments of cell mul24_mac_replay_norules.u629 (gen_famux).
Mapping positional arguments of cell mul24_mac_replay_norules.u628 (gen_famux).
Mapping positional arguments of cell mul24_mac_replay_norules.u627 (gen_ha).
Mapping positional arguments of cell mul24_mac_replay_norules.u626 (gen_famux).
Mapping positional arguments of cell mul24_mac_replay_norules.u625 (gen_famux).
Mapping positional arguments of cell mul24_mac_replay_norules.u624 (gen_famux).
Mapping positional arguments of cell mul24_mac_replay_norules.u623 (gen_ha).
Mapping positional arguments of cell mul24_mac_replay_norules.u622 (gen_famux).
Mapping positional arguments of cell mul24_mac_replay_norules.u621 (gen_famux).
Mapping positional arguments of cell mul24_mac_replay_norules.u620 (gen_ha).
Mapping positional arguments of cell mul24_mac_replay_norules.u619 (gen_famux).
Mapping positional arguments of cell mul24_mac_replay_norules.u618 (gen_ha).
Mapping positional arguments of cell mul24_mac_replay_norules.u617 (gen_famux).
Mapping positional arguments of cell mul24_mac_replay_norules.u616 (gen_famux).
Mapping positional arguments of cell mul24_mac_replay_norules.u615 (gen_famux).
Mapping positional arguments of cell mul24_mac_replay_norules.u614 (gen_famux).
Mapping positional arguments of cell mul24_mac_replay_norules.u613 (gen_famux).
Mapping positional arguments of cell mul24_mac_replay_norules.u612 (gen_famux).
Mapping positional arguments of cell mul24_mac_replay_norules.u611 (gen_famux).
Mapping positional arguments of cell mul24_mac_replay_norules.u610 (gen_famux).
Mapping positional arguments of cell mul24_mac_replay_norules.u609 (gen_famux).
Mapping positional arguments of cell mul24_mac_replay_norules.u608 (gen_famux).
Mapping positional arguments of cell mul24_mac_replay_norules.u607 (gen_famux).
Mapping positional arguments of cell mul24_mac_replay_norules.u606 (gen_famux).
Mapping positional arguments of cell mul24_mac_replay_norules.u605 (gen_famux).
Mapping positional arguments of cell mul24_mac_replay_norules.u604 (gen_famux).
Mapping positional arguments of cell mul24_mac_replay_norules.u603 (gen_famux).
Mapping positional arguments of cell mul24_mac_replay_norules.u602 (gen_ha).
Mapping positional arguments of cell mul24_mac_replay_norules.u601 (gen_famux).
Mapping positional arguments of cell mul24_mac_replay_norules.u600 (gen_famux).
Mapping positional arguments of cell mul24_mac_replay_norules.u599 (gen_famux).
Mapping positional arguments of cell mul24_mac_replay_norules.u598 (gen_famux).
Mapping positional arguments of cell mul24_mac_replay_norules.u597 (gen_famux).
Mapping positional arguments of cell mul24_mac_replay_norules.u596 (gen_ha).
Mapping positional arguments of cell mul24_mac_replay_norules.u595 (gen_famux).
Mapping positional arguments of cell mul24_mac_replay_norules.u594 (gen_famux).
Mapping positional arguments of cell mul24_mac_replay_norules.u593 (gen_famux).
Mapping positional arguments of cell mul24_mac_replay_norules.u592 (gen_famux).
Mapping positional arguments of cell mul24_mac_replay_norules.u591 (gen_famux).
Mapping positional arguments of cell mul24_mac_replay_norules.u590 (gen_ha).
Mapping positional arguments of cell mul24_mac_replay_norules.u589 (gen_famux).
Mapping positional arguments of cell mul24_mac_replay_norules.u588 (gen_famux).
Mapping positional arguments of cell mul24_mac_replay_norules.u587 (gen_famux).
Mapping positional arguments of cell mul24_mac_replay_norules.u586 (gen_famux).
Mapping positional arguments of cell mul24_mac_replay_norules.u585 (gen_ha).
Mapping positional arguments of cell mul24_mac_replay_norules.u584 (gen_famux).
Mapping positional arguments of cell mul24_mac_replay_norules.u583 (gen_famux).
Mapping positional arguments of cell mul24_mac_replay_norules.u582 (gen_famux).
Mapping positional arguments of cell mul24_mac_replay_norules.u581 (gen_ha).
Mapping positional arguments of cell mul24_mac_replay_norules.u580 (gen_famux).
Mapping positional arguments of cell mul24_mac_replay_norules.u579 (gen_famux).
Mapping positional arguments of cell mul24_mac_replay_norules.u578 (gen_ha).
Mapping positional arguments of cell mul24_mac_replay_norules.u577 (gen_famux).
Mapping positional arguments of cell mul24_mac_replay_norules.u576 (gen_ha).
Mapping positional arguments of cell mul24_mac_replay_norules.u575 (gen_and2).
Mapping positional arguments of cell mul24_mac_replay_norules.u574 (gen_and2).
Mapping positional arguments of cell mul24_mac_replay_norules.u573 (gen_and2).
Mapping positional arguments of cell mul24_mac_replay_norules.u572 (gen_and2).
Mapping positional arguments of cell mul24_mac_replay_norules.u571 (gen_and2).
Mapping positional arguments of cell mul24_mac_replay_norules.u570 (gen_and2).
Mapping positional arguments of cell mul24_mac_replay_norules.u569 (gen_and2).
Mapping positional arguments of cell mul24_mac_replay_norules.u568 (gen_and2).
Mapping positional arguments of cell mul24_mac_replay_norules.u567 (gen_and2).
Mapping positional arguments of cell mul24_mac_replay_norules.u566 (gen_and2).
Mapping positional arguments of cell mul24_mac_replay_norules.u565 (gen_and2).
Mapping positional arguments of cell mul24_mac_replay_norules.u564 (gen_and2).
Mapping positional arguments of cell mul24_mac_replay_norules.u563 (gen_and2).
Mapping positional arguments of cell mul24_mac_replay_norules.u562 (gen_and2).
Mapping positional arguments of cell mul24_mac_replay_norules.u561 (gen_and2).
Mapping positional arguments of cell mul24_mac_replay_norules.u560 (gen_and2).
Mapping positional arguments of cell mul24_mac_replay_norules.u559 (gen_and2).
Mapping positional arguments of cell mul24_mac_replay_norules.u558 (gen_and2).
Mapping positional arguments of cell mul24_mac_replay_norules.u557 (gen_and2).
Mapping positional arguments of cell mul24_mac_replay_norules.u556 (gen_and2).
Mapping positional arguments of cell mul24_mac_replay_norules.u555 (gen_and2).
Mapping positional arguments of cell mul24_mac_replay_norules.u554 (gen_and2).
Mapping positional arguments of cell mul24_mac_replay_norules.u553 (gen_and2).
Mapping positional arguments of cell mul24_mac_replay_norules.u552 (gen_and2).
Mapping positional arguments of cell mul24_mac_replay_norules.u551 (gen_and2).
Mapping positional arguments of cell mul24_mac_replay_norules.u550 (gen_and2).
Mapping positional arguments of cell mul24_mac_replay_norules.u549 (gen_and2).
Mapping positional arguments of cell mul24_mac_replay_norules.u548 (gen_and2).
Mapping positional arguments of cell mul24_mac_replay_norules.u547 (gen_and2).
Mapping positional arguments of cell mul24_mac_replay_norules.u546 (gen_and2).
Mapping positional arguments of cell mul24_mac_replay_norules.u545 (gen_and2).
Mapping positional arguments of cell mul24_mac_replay_norules.u544 (gen_and2).
Mapping positional arguments of cell mul24_mac_replay_norules.u543 (gen_and2).
Mapping positional arguments of cell mul24_mac_replay_norules.u542 (gen_and2).
Mapping positional arguments of cell mul24_mac_replay_norules.u541 (gen_and2).
Mapping positional arguments of cell mul24_mac_replay_norules.u540 (gen_and2).
Mapping positional arguments of cell mul24_mac_replay_norules.u539 (gen_and2).
Mapping positional arguments of cell mul24_mac_replay_norules.u538 (gen_and2).
Mapping positional arguments of cell mul24_mac_replay_norules.u537 (gen_and2).
Mapping positional arguments of cell mul24_mac_replay_norules.u536 (gen_and2).
Mapping positional arguments of cell mul24_mac_replay_norules.u535 (gen_and2).
Mapping positional arguments of cell mul24_mac_replay_norules.u534 (gen_and2).
Mapping positional arguments of cell mul24_mac_replay_norules.u533 (gen_and2).
Mapping positional arguments of cell mul24_mac_replay_norules.u532 (gen_and2).
Mapping positional arguments of cell mul24_mac_replay_norules.u531 (gen_and2).
Mapping positional arguments of cell mul24_mac_replay_norules.u530 (gen_and2).
Mapping positional arguments of cell mul24_mac_replay_norules.u529 (gen_and2).
Mapping positional arguments of cell mul24_mac_replay_norules.u528 (gen_and2).
Mapping positional arguments of cell mul24_mac_replay_norules.u527 (gen_and2).
Mapping positional arguments of cell mul24_mac_replay_norules.u526 (gen_and2).
Mapping positional arguments of cell mul24_mac_replay_norules.u525 (gen_and2).
Mapping positional arguments of cell mul24_mac_replay_norules.u524 (gen_and2).
Mapping positional arguments of cell mul24_mac_replay_norules.u523 (gen_and2).
Mapping positional arguments of cell mul24_mac_replay_norules.u522 (gen_and2).
Mapping positional arguments of cell mul24_mac_replay_norules.u521 (gen_and2).
Mapping positional arguments of cell mul24_mac_replay_norules.u520 (gen_and2).
Mapping positional arguments of cell mul24_mac_replay_norules.u519 (gen_and2).
Mapping positional arguments of cell mul24_mac_replay_norules.u518 (gen_and2).
Mapping positional arguments of cell mul24_mac_replay_norules.u517 (gen_and2).
Mapping positional arguments of cell mul24_mac_replay_norules.u516 (gen_and2).
Mapping positional arguments of cell mul24_mac_replay_norules.u515 (gen_and2).
Mapping positional arguments of cell mul24_mac_replay_norules.u514 (gen_and2).
Mapping positional arguments of cell mul24_mac_replay_norules.u513 (gen_and2).
Mapping positional arguments of cell mul24_mac_replay_norules.u512 (gen_and2).
Mapping positional arguments of cell mul24_mac_replay_norules.u511 (gen_and2).
Mapping positional arguments of cell mul24_mac_replay_norules.u510 (gen_and2).
Mapping positional arguments of cell mul24_mac_replay_norules.u509 (gen_and2).
Mapping positional arguments of cell mul24_mac_replay_norules.u508 (gen_and2).
Mapping positional arguments of cell mul24_mac_replay_norules.u507 (gen_and2).
Mapping positional arguments of cell mul24_mac_replay_norules.u506 (gen_and2).
Mapping positional arguments of cell mul24_mac_replay_norules.u505 (gen_and2).
Mapping positional arguments of cell mul24_mac_replay_norules.u504 (gen_and2).
Mapping positional arguments of cell mul24_mac_replay_norules.u503 (gen_and2).
Mapping positional arguments of cell mul24_mac_replay_norules.u502 (gen_and2).
Mapping positional arguments of cell mul24_mac_replay_norules.u501 (gen_and2).
Mapping positional arguments of cell mul24_mac_replay_norules.u500 (gen_and2).
Mapping positional arguments of cell mul24_mac_replay_norules.u499 (gen_and2).
Mapping positional arguments of cell mul24_mac_replay_norules.u498 (gen_and2).
Mapping positional arguments of cell mul24_mac_replay_norules.u497 (gen_and2).
Mapping positional arguments of cell mul24_mac_replay_norules.u496 (gen_and2).
Mapping positional arguments of cell mul24_mac_replay_norules.u495 (gen_and2).
Mapping positional arguments of cell mul24_mac_replay_norules.u494 (gen_and2).
Mapping positional arguments of cell mul24_mac_replay_norules.u493 (gen_and2).
Mapping positional arguments of cell mul24_mac_replay_norules.u492 (gen_and2).
Mapping positional arguments of cell mul24_mac_replay_norules.u491 (gen_and2).
Mapping positional arguments of cell mul24_mac_replay_norules.u490 (gen_and2).
Mapping positional arguments of cell mul24_mac_replay_norules.u489 (gen_and2).
Mapping positional arguments of cell mul24_mac_replay_norules.u488 (gen_and2).
Mapping positional arguments of cell mul24_mac_replay_norules.u487 (gen_and2).
Mapping positional arguments of cell mul24_mac_replay_norules.u486 (gen_and2).
Mapping positional arguments of cell mul24_mac_replay_norules.u485 (gen_and2).
Mapping positional arguments of cell mul24_mac_replay_norules.u484 (gen_and2).
Mapping positional arguments of cell mul24_mac_replay_norules.u483 (gen_and2).
Mapping positional arguments of cell mul24_mac_replay_norules.u482 (gen_and2).
Mapping positional arguments of cell mul24_mac_replay_norules.u481 (gen_and2).
Mapping positional arguments of cell mul24_mac_replay_norules.u480 (gen_and2).
Mapping positional arguments of cell mul24_mac_replay_norules.u479 (gen_and2).
Mapping positional arguments of cell mul24_mac_replay_norules.u478 (gen_and2).
Mapping positional arguments of cell mul24_mac_replay_norules.u477 (gen_and2).
Mapping positional arguments of cell mul24_mac_replay_norules.u476 (gen_and2).
Mapping positional arguments of cell mul24_mac_replay_norules.u475 (gen_and2).
Mapping positional arguments of cell mul24_mac_replay_norules.u474 (gen_and2).
Mapping positional arguments of cell mul24_mac_replay_norules.u473 (gen_and2).
Mapping positional arguments of cell mul24_mac_replay_norules.u472 (gen_and2).
Mapping positional arguments of cell mul24_mac_replay_norules.u471 (gen_and2).
Mapping positional arguments of cell mul24_mac_replay_norules.u470 (gen_and2).
Mapping positional arguments of cell mul24_mac_replay_norules.u469 (gen_and2).
Mapping positional arguments of cell mul24_mac_replay_norules.u468 (gen_and2).
Mapping positional arguments of cell mul24_mac_replay_norules.u467 (gen_and2).
Mapping positional arguments of cell mul24_mac_replay_norules.u466 (gen_and2).
Mapping positional arguments of cell mul24_mac_replay_norules.u465 (gen_and2).
Mapping positional arguments of cell mul24_mac_replay_norules.u464 (gen_and2).
Mapping positional arguments of cell mul24_mac_replay_norules.u463 (gen_and2).
Mapping positional arguments of cell mul24_mac_replay_norules.u462 (gen_and2).
Mapping positional arguments of cell mul24_mac_replay_norules.u461 (gen_and2).
Mapping positional arguments of cell mul24_mac_replay_norules.u460 (gen_and2).
Mapping positional arguments of cell mul24_mac_replay_norules.u459 (gen_and2).
Mapping positional arguments of cell mul24_mac_replay_norules.u458 (gen_and2).
Mapping positional arguments of cell mul24_mac_replay_norules.u457 (gen_and2).
Mapping positional arguments of cell mul24_mac_replay_norules.u456 (gen_and2).
Mapping positional arguments of cell mul24_mac_replay_norules.u455 (gen_and2).
Mapping positional arguments of cell mul24_mac_replay_norules.u454 (gen_and2).
Mapping positional arguments of cell mul24_mac_replay_norules.u453 (gen_and2).
Mapping positional arguments of cell mul24_mac_replay_norules.u452 (gen_and2).
Mapping positional arguments of cell mul24_mac_replay_norules.u451 (gen_and2).
Mapping positional arguments of cell mul24_mac_replay_norules.u450 (gen_and2).
Mapping positional arguments of cell mul24_mac_replay_norules.u449 (gen_and2).
Mapping positional arguments of cell mul24_mac_replay_norules.u448 (gen_and2).
Mapping positional arguments of cell mul24_mac_replay_norules.u447 (gen_and2).
Mapping positional arguments of cell mul24_mac_replay_norules.u446 (gen_and2).
Mapping positional arguments of cell mul24_mac_replay_norules.u445 (gen_and2).
Mapping positional arguments of cell mul24_mac_replay_norules.u444 (gen_and2).
Mapping positional arguments of cell mul24_mac_replay_norules.u443 (gen_and2).
Mapping positional arguments of cell mul24_mac_replay_norules.u442 (gen_and2).
Mapping positional arguments of cell mul24_mac_replay_norules.u441 (gen_and2).
Mapping positional arguments of cell mul24_mac_replay_norules.u440 (gen_and2).
Mapping positional arguments of cell mul24_mac_replay_norules.u439 (gen_and2).
Mapping positional arguments of cell mul24_mac_replay_norules.u438 (gen_and2).
Mapping positional arguments of cell mul24_mac_replay_norules.u437 (gen_and2).
Mapping positional arguments of cell mul24_mac_replay_norules.u436 (gen_and2).
Mapping positional arguments of cell mul24_mac_replay_norules.u435 (gen_and2).
Mapping positional arguments of cell mul24_mac_replay_norules.u434 (gen_and2).
Mapping positional arguments of cell mul24_mac_replay_norules.u433 (gen_and2).
Mapping positional arguments of cell mul24_mac_replay_norules.u432 (gen_and2).
Mapping positional arguments of cell mul24_mac_replay_norules.u431 (gen_and2).
Mapping positional arguments of cell mul24_mac_replay_norules.u430 (gen_and2).
Mapping positional arguments of cell mul24_mac_replay_norules.u429 (gen_and2).
Mapping positional arguments of cell mul24_mac_replay_norules.u428 (gen_and2).
Mapping positional arguments of cell mul24_mac_replay_norules.u427 (gen_and2).
Mapping positional arguments of cell mul24_mac_replay_norules.u426 (gen_and2).
Mapping positional arguments of cell mul24_mac_replay_norules.u425 (gen_and2).
Mapping positional arguments of cell mul24_mac_replay_norules.u424 (gen_and2).
Mapping positional arguments of cell mul24_mac_replay_norules.u423 (gen_and2).
Mapping positional arguments of cell mul24_mac_replay_norules.u422 (gen_and2).
Mapping positional arguments of cell mul24_mac_replay_norules.u421 (gen_and2).
Mapping positional arguments of cell mul24_mac_replay_norules.u420 (gen_and2).
Mapping positional arguments of cell mul24_mac_replay_norules.u419 (gen_and2).
Mapping positional arguments of cell mul24_mac_replay_norules.u418 (gen_and2).
Mapping positional arguments of cell mul24_mac_replay_norules.u417 (gen_and2).
Mapping positional arguments of cell mul24_mac_replay_norules.u416 (gen_and2).
Mapping positional arguments of cell mul24_mac_replay_norules.u415 (gen_and2).
Mapping positional arguments of cell mul24_mac_replay_norules.u414 (gen_and2).
Mapping positional arguments of cell mul24_mac_replay_norules.u413 (gen_and2).
Mapping positional arguments of cell mul24_mac_replay_norules.u412 (gen_and2).
Mapping positional arguments of cell mul24_mac_replay_norules.u411 (gen_and2).
Mapping positional arguments of cell mul24_mac_replay_norules.u410 (gen_and2).
Mapping positional arguments of cell mul24_mac_replay_norules.u409 (gen_and2).
Mapping positional arguments of cell mul24_mac_replay_norules.u408 (gen_and2).
Mapping positional arguments of cell mul24_mac_replay_norules.u407 (gen_and2).
Mapping positional arguments of cell mul24_mac_replay_norules.u406 (gen_and2).
Mapping positional arguments of cell mul24_mac_replay_norules.u405 (gen_and2).
Mapping positional arguments of cell mul24_mac_replay_norules.u404 (gen_and2).
Mapping positional arguments of cell mul24_mac_replay_norules.u403 (gen_and2).
Mapping positional arguments of cell mul24_mac_replay_norules.u402 (gen_and2).
Mapping positional arguments of cell mul24_mac_replay_norules.u401 (gen_and2).
Mapping positional arguments of cell mul24_mac_replay_norules.u400 (gen_and2).
Mapping positional arguments of cell mul24_mac_replay_norules.u399 (gen_and2).
Mapping positional arguments of cell mul24_mac_replay_norules.u398 (gen_and2).
Mapping positional arguments of cell mul24_mac_replay_norules.u397 (gen_and2).
Mapping positional arguments of cell mul24_mac_replay_norules.u396 (gen_and2).
Mapping positional arguments of cell mul24_mac_replay_norules.u395 (gen_and2).
Mapping positional arguments of cell mul24_mac_replay_norules.u394 (gen_and2).
Mapping positional arguments of cell mul24_mac_replay_norules.u393 (gen_and2).
Mapping positional arguments of cell mul24_mac_replay_norules.u392 (gen_and2).
Mapping positional arguments of cell mul24_mac_replay_norules.u391 (gen_and2).
Mapping positional arguments of cell mul24_mac_replay_norules.u390 (gen_and2).
Mapping positional arguments of cell mul24_mac_replay_norules.u389 (gen_and2).
Mapping positional arguments of cell mul24_mac_replay_norules.u388 (gen_and2).
Mapping positional arguments of cell mul24_mac_replay_norules.u387 (gen_and2).
Mapping positional arguments of cell mul24_mac_replay_norules.u386 (gen_and2).
Mapping positional arguments of cell mul24_mac_replay_norules.u385 (gen_and2).
Mapping positional arguments of cell mul24_mac_replay_norules.u384 (gen_and2).
Mapping positional arguments of cell mul24_mac_replay_norules.u383 (gen_and2).
Mapping positional arguments of cell mul24_mac_replay_norules.u382 (gen_and2).
Mapping positional arguments of cell mul24_mac_replay_norules.u381 (gen_and2).
Mapping positional arguments of cell mul24_mac_replay_norules.u380 (gen_and2).
Mapping positional arguments of cell mul24_mac_replay_norules.u379 (gen_and2).
Mapping positional arguments of cell mul24_mac_replay_norules.u378 (gen_and2).
Mapping positional arguments of cell mul24_mac_replay_norules.u377 (gen_and2).
Mapping positional arguments of cell mul24_mac_replay_norules.u376 (gen_and2).
Mapping positional arguments of cell mul24_mac_replay_norules.u375 (gen_and2).
Mapping positional arguments of cell mul24_mac_replay_norules.u374 (gen_and2).
Mapping positional arguments of cell mul24_mac_replay_norules.u373 (gen_and2).
Mapping positional arguments of cell mul24_mac_replay_norules.u372 (gen_and2).
Mapping positional arguments of cell mul24_mac_replay_norules.u371 (gen_and2).
Mapping positional arguments of cell mul24_mac_replay_norules.u370 (gen_and2).
Mapping positional arguments of cell mul24_mac_replay_norules.u369 (gen_and2).
Mapping positional arguments of cell mul24_mac_replay_norules.u368 (gen_and2).
Mapping positional arguments of cell mul24_mac_replay_norules.u367 (gen_and2).
Mapping positional arguments of cell mul24_mac_replay_norules.u366 (gen_and2).
Mapping positional arguments of cell mul24_mac_replay_norules.u365 (gen_and2).
Mapping positional arguments of cell mul24_mac_replay_norules.u364 (gen_and2).
Mapping positional arguments of cell mul24_mac_replay_norules.u363 (gen_and2).
Mapping positional arguments of cell mul24_mac_replay_norules.u362 (gen_and2).
Mapping positional arguments of cell mul24_mac_replay_norules.u361 (gen_and2).
Mapping positional arguments of cell mul24_mac_replay_norules.u360 (gen_and2).
Mapping positional arguments of cell mul24_mac_replay_norules.u359 (gen_and2).
Mapping positional arguments of cell mul24_mac_replay_norules.u358 (gen_and2).
Mapping positional arguments of cell mul24_mac_replay_norules.u357 (gen_and2).
Mapping positional arguments of cell mul24_mac_replay_norules.u356 (gen_and2).
Mapping positional arguments of cell mul24_mac_replay_norules.u355 (gen_and2).
Mapping positional arguments of cell mul24_mac_replay_norules.u354 (gen_and2).
Mapping positional arguments of cell mul24_mac_replay_norules.u353 (gen_and2).
Mapping positional arguments of cell mul24_mac_replay_norules.u352 (gen_and2).
Mapping positional arguments of cell mul24_mac_replay_norules.u351 (gen_and2).
Mapping positional arguments of cell mul24_mac_replay_norules.u350 (gen_and2).
Mapping positional arguments of cell mul24_mac_replay_norules.u349 (gen_and2).
Mapping positional arguments of cell mul24_mac_replay_norules.u348 (gen_and2).
Mapping positional arguments of cell mul24_mac_replay_norules.u347 (gen_and2).
Mapping positional arguments of cell mul24_mac_replay_norules.u346 (gen_and2).
Mapping positional arguments of cell mul24_mac_replay_norules.u345 (gen_and2).
Mapping positional arguments of cell mul24_mac_replay_norules.u344 (gen_and2).
Mapping positional arguments of cell mul24_mac_replay_norules.u343 (gen_and2).
Mapping positional arguments of cell mul24_mac_replay_norules.u342 (gen_and2).
Mapping positional arguments of cell mul24_mac_replay_norules.u341 (gen_and2).
Mapping positional arguments of cell mul24_mac_replay_norules.u340 (gen_and2).
Mapping positional arguments of cell mul24_mac_replay_norules.u339 (gen_and2).
Mapping positional arguments of cell mul24_mac_replay_norules.u338 (gen_and2).
Mapping positional arguments of cell mul24_mac_replay_norules.u337 (gen_and2).
Mapping positional arguments of cell mul24_mac_replay_norules.u336 (gen_and2).
Mapping positional arguments of cell mul24_mac_replay_norules.u335 (gen_and2).
Mapping positional arguments of cell mul24_mac_replay_norules.u334 (gen_and2).
Mapping positional arguments of cell mul24_mac_replay_norules.u333 (gen_and2).
Mapping positional arguments of cell mul24_mac_replay_norules.u332 (gen_and2).
Mapping positional arguments of cell mul24_mac_replay_norules.u331 (gen_and2).
Mapping positional arguments of cell mul24_mac_replay_norules.u330 (gen_and2).
Mapping positional arguments of cell mul24_mac_replay_norules.u329 (gen_and2).
Mapping positional arguments of cell mul24_mac_replay_norules.u328 (gen_and2).
Mapping positional arguments of cell mul24_mac_replay_norules.u327 (gen_and2).
Mapping positional arguments of cell mul24_mac_replay_norules.u326 (gen_and2).
Mapping positional arguments of cell mul24_mac_replay_norules.u325 (gen_and2).
Mapping positional arguments of cell mul24_mac_replay_norules.u324 (gen_and2).
Mapping positional arguments of cell mul24_mac_replay_norules.u323 (gen_and2).
Mapping positional arguments of cell mul24_mac_replay_norules.u322 (gen_and2).
Mapping positional arguments of cell mul24_mac_replay_norules.u321 (gen_and2).
Mapping positional arguments of cell mul24_mac_replay_norules.u320 (gen_and2).
Mapping positional arguments of cell mul24_mac_replay_norules.u319 (gen_and2).
Mapping positional arguments of cell mul24_mac_replay_norules.u318 (gen_and2).
Mapping positional arguments of cell mul24_mac_replay_norules.u317 (gen_and2).
Mapping positional arguments of cell mul24_mac_replay_norules.u316 (gen_and2).
Mapping positional arguments of cell mul24_mac_replay_norules.u315 (gen_and2).
Mapping positional arguments of cell mul24_mac_replay_norules.u314 (gen_and2).
Mapping positional arguments of cell mul24_mac_replay_norules.u313 (gen_and2).
Mapping positional arguments of cell mul24_mac_replay_norules.u312 (gen_and2).
Mapping positional arguments of cell mul24_mac_replay_norules.u311 (gen_and2).
Mapping positional arguments of cell mul24_mac_replay_norules.u310 (gen_and2).
Mapping positional arguments of cell mul24_mac_replay_norules.u309 (gen_and2).
Mapping positional arguments of cell mul24_mac_replay_norules.u308 (gen_and2).
Mapping positional arguments of cell mul24_mac_replay_norules.u307 (gen_and2).
Mapping positional arguments of cell mul24_mac_replay_norules.u306 (gen_and2).
Mapping positional arguments of cell mul24_mac_replay_norules.u305 (gen_and2).
Mapping positional arguments of cell mul24_mac_replay_norules.u304 (gen_and2).
Mapping positional arguments of cell mul24_mac_replay_norules.u303 (gen_and2).
Mapping positional arguments of cell mul24_mac_replay_norules.u302 (gen_and2).
Mapping positional arguments of cell mul24_mac_replay_norules.u301 (gen_and2).
Mapping positional arguments of cell mul24_mac_replay_norules.u300 (gen_and2).
Mapping positional arguments of cell mul24_mac_replay_norules.u299 (gen_and2).
Mapping positional arguments of cell mul24_mac_replay_norules.u298 (gen_and2).
Mapping positional arguments of cell mul24_mac_replay_norules.u297 (gen_and2).
Mapping positional arguments of cell mul24_mac_replay_norules.u296 (gen_and2).
Mapping positional arguments of cell mul24_mac_replay_norules.u295 (gen_and2).
Mapping positional arguments of cell mul24_mac_replay_norules.u294 (gen_and2).
Mapping positional arguments of cell mul24_mac_replay_norules.u293 (gen_and2).
Mapping positional arguments of cell mul24_mac_replay_norules.u292 (gen_and2).
Mapping positional arguments of cell mul24_mac_replay_norules.u291 (gen_and2).
Mapping positional arguments of cell mul24_mac_replay_norules.u290 (gen_and2).
Mapping positional arguments of cell mul24_mac_replay_norules.u289 (gen_and2).
Mapping positional arguments of cell mul24_mac_replay_norules.u288 (gen_and2).
Mapping positional arguments of cell mul24_mac_replay_norules.u287 (gen_and2).
Mapping positional arguments of cell mul24_mac_replay_norules.u286 (gen_and2).
Mapping positional arguments of cell mul24_mac_replay_norules.u285 (gen_and2).
Mapping positional arguments of cell mul24_mac_replay_norules.u284 (gen_and2).
Mapping positional arguments of cell mul24_mac_replay_norules.u283 (gen_and2).
Mapping positional arguments of cell mul24_mac_replay_norules.u282 (gen_and2).
Mapping positional arguments of cell mul24_mac_replay_norules.u281 (gen_and2).
Mapping positional arguments of cell mul24_mac_replay_norules.u280 (gen_and2).
Mapping positional arguments of cell mul24_mac_replay_norules.u279 (gen_and2).
Mapping positional arguments of cell mul24_mac_replay_norules.u278 (gen_and2).
Mapping positional arguments of cell mul24_mac_replay_norules.u277 (gen_and2).
Mapping positional arguments of cell mul24_mac_replay_norules.u276 (gen_and2).
Mapping positional arguments of cell mul24_mac_replay_norules.u275 (gen_and2).
Mapping positional arguments of cell mul24_mac_replay_norules.u274 (gen_and2).
Mapping positional arguments of cell mul24_mac_replay_norules.u273 (gen_and2).
Mapping positional arguments of cell mul24_mac_replay_norules.u272 (gen_and2).
Mapping positional arguments of cell mul24_mac_replay_norules.u271 (gen_and2).
Mapping positional arguments of cell mul24_mac_replay_norules.u270 (gen_and2).
Mapping positional arguments of cell mul24_mac_replay_norules.u269 (gen_and2).
Mapping positional arguments of cell mul24_mac_replay_norules.u268 (gen_and2).
Mapping positional arguments of cell mul24_mac_replay_norules.u267 (gen_and2).
Mapping positional arguments of cell mul24_mac_replay_norules.u266 (gen_and2).
Mapping positional arguments of cell mul24_mac_replay_norules.u265 (gen_and2).
Mapping positional arguments of cell mul24_mac_replay_norules.u264 (gen_and2).
Mapping positional arguments of cell mul24_mac_replay_norules.u263 (gen_and2).
Mapping positional arguments of cell mul24_mac_replay_norules.u262 (gen_and2).
Mapping positional arguments of cell mul24_mac_replay_norules.u261 (gen_and2).
Mapping positional arguments of cell mul24_mac_replay_norules.u260 (gen_and2).
Mapping positional arguments of cell mul24_mac_replay_norules.u259 (gen_and2).
Mapping positional arguments of cell mul24_mac_replay_norules.u258 (gen_and2).
Mapping positional arguments of cell mul24_mac_replay_norules.u257 (gen_and2).
Mapping positional arguments of cell mul24_mac_replay_norules.u256 (gen_and2).
Mapping positional arguments of cell mul24_mac_replay_norules.u255 (gen_and2).
Mapping positional arguments of cell mul24_mac_replay_norules.u254 (gen_and2).
Mapping positional arguments of cell mul24_mac_replay_norules.u253 (gen_and2).
Mapping positional arguments of cell mul24_mac_replay_norules.u252 (gen_and2).
Mapping positional arguments of cell mul24_mac_replay_norules.u251 (gen_and2).
Mapping positional arguments of cell mul24_mac_replay_norules.u250 (gen_and2).
Mapping positional arguments of cell mul24_mac_replay_norules.u249 (gen_and2).
Mapping positional arguments of cell mul24_mac_replay_norules.u248 (gen_and2).
Mapping positional arguments of cell mul24_mac_replay_norules.u247 (gen_and2).
Mapping positional arguments of cell mul24_mac_replay_norules.u246 (gen_and2).
Mapping positional arguments of cell mul24_mac_replay_norules.u245 (gen_and2).
Mapping positional arguments of cell mul24_mac_replay_norules.u244 (gen_and2).
Mapping positional arguments of cell mul24_mac_replay_norules.u243 (gen_and2).
Mapping positional arguments of cell mul24_mac_replay_norules.u242 (gen_and2).
Mapping positional arguments of cell mul24_mac_replay_norules.u241 (gen_and2).
Mapping positional arguments of cell mul24_mac_replay_norules.u240 (gen_and2).
Mapping positional arguments of cell mul24_mac_replay_norules.u239 (gen_and2).
Mapping positional arguments of cell mul24_mac_replay_norules.u238 (gen_and2).
Mapping positional arguments of cell mul24_mac_replay_norules.u237 (gen_and2).
Mapping positional arguments of cell mul24_mac_replay_norules.u236 (gen_and2).
Mapping positional arguments of cell mul24_mac_replay_norules.u235 (gen_and2).
Mapping positional arguments of cell mul24_mac_replay_norules.u234 (gen_and2).
Mapping positional arguments of cell mul24_mac_replay_norules.u233 (gen_and2).
Mapping positional arguments of cell mul24_mac_replay_norules.u232 (gen_and2).
Mapping positional arguments of cell mul24_mac_replay_norules.u231 (gen_and2).
Mapping positional arguments of cell mul24_mac_replay_norules.u230 (gen_and2).
Mapping positional arguments of cell mul24_mac_replay_norules.u229 (gen_and2).
Mapping positional arguments of cell mul24_mac_replay_norules.u228 (gen_and2).
Mapping positional arguments of cell mul24_mac_replay_norules.u227 (gen_and2).
Mapping positional arguments of cell mul24_mac_replay_norules.u226 (gen_and2).
Mapping positional arguments of cell mul24_mac_replay_norules.u225 (gen_and2).
Mapping positional arguments of cell mul24_mac_replay_norules.u224 (gen_and2).
Mapping positional arguments of cell mul24_mac_replay_norules.u223 (gen_and2).
Mapping positional arguments of cell mul24_mac_replay_norules.u222 (gen_and2).
Mapping positional arguments of cell mul24_mac_replay_norules.u221 (gen_and2).
Mapping positional arguments of cell mul24_mac_replay_norules.u220 (gen_and2).
Mapping positional arguments of cell mul24_mac_replay_norules.u219 (gen_and2).
Mapping positional arguments of cell mul24_mac_replay_norules.u218 (gen_and2).
Mapping positional arguments of cell mul24_mac_replay_norules.u217 (gen_and2).
Mapping positional arguments of cell mul24_mac_replay_norules.u216 (gen_and2).
Mapping positional arguments of cell mul24_mac_replay_norules.u215 (gen_and2).
Mapping positional arguments of cell mul24_mac_replay_norules.u214 (gen_and2).
Mapping positional arguments of cell mul24_mac_replay_norules.u213 (gen_and2).
Mapping positional arguments of cell mul24_mac_replay_norules.u212 (gen_and2).
Mapping positional arguments of cell mul24_mac_replay_norules.u211 (gen_and2).
Mapping positional arguments of cell mul24_mac_replay_norules.u210 (gen_and2).
Mapping positional arguments of cell mul24_mac_replay_norules.u209 (gen_and2).
Mapping positional arguments of cell mul24_mac_replay_norules.u208 (gen_and2).
Mapping positional arguments of cell mul24_mac_replay_norules.u207 (gen_and2).
Mapping positional arguments of cell mul24_mac_replay_norules.u206 (gen_and2).
Mapping positional arguments of cell mul24_mac_replay_norules.u205 (gen_and2).
Mapping positional arguments of cell mul24_mac_replay_norules.u204 (gen_and2).
Mapping positional arguments of cell mul24_mac_replay_norules.u203 (gen_and2).
Mapping positional arguments of cell mul24_mac_replay_norules.u202 (gen_and2).
Mapping positional arguments of cell mul24_mac_replay_norules.u201 (gen_and2).
Mapping positional arguments of cell mul24_mac_replay_norules.u200 (gen_and2).
Mapping positional arguments of cell mul24_mac_replay_norules.u199 (gen_and2).
Mapping positional arguments of cell mul24_mac_replay_norules.u198 (gen_and2).
Mapping positional arguments of cell mul24_mac_replay_norules.u197 (gen_and2).
Mapping positional arguments of cell mul24_mac_replay_norules.u196 (gen_and2).
Mapping positional arguments of cell mul24_mac_replay_norules.u195 (gen_and2).
Mapping positional arguments of cell mul24_mac_replay_norules.u194 (gen_and2).
Mapping positional arguments of cell mul24_mac_replay_norules.u193 (gen_and2).
Mapping positional arguments of cell mul24_mac_replay_norules.u192 (gen_and2).
Mapping positional arguments of cell mul24_mac_replay_norules.u191 (gen_and2).
Mapping positional arguments of cell mul24_mac_replay_norules.u190 (gen_and2).
Mapping positional arguments of cell mul24_mac_replay_norules.u189 (gen_and2).
Mapping positional arguments of cell mul24_mac_replay_norules.u188 (gen_and2).
Mapping positional arguments of cell mul24_mac_replay_norules.u187 (gen_and2).
Mapping positional arguments of cell mul24_mac_replay_norules.u186 (gen_and2).
Mapping positional arguments of cell mul24_mac_replay_norules.u185 (gen_and2).
Mapping positional arguments of cell mul24_mac_replay_norules.u184 (gen_and2).
Mapping positional arguments of cell mul24_mac_replay_norules.u183 (gen_and2).
Mapping positional arguments of cell mul24_mac_replay_norules.u182 (gen_and2).
Mapping positional arguments of cell mul24_mac_replay_norules.u181 (gen_and2).
Mapping positional arguments of cell mul24_mac_replay_norules.u180 (gen_and2).
Mapping positional arguments of cell mul24_mac_replay_norules.u179 (gen_and2).
Mapping positional arguments of cell mul24_mac_replay_norules.u178 (gen_and2).
Mapping positional arguments of cell mul24_mac_replay_norules.u177 (gen_and2).
Mapping positional arguments of cell mul24_mac_replay_norules.u176 (gen_and2).
Mapping positional arguments of cell mul24_mac_replay_norules.u175 (gen_and2).
Mapping positional arguments of cell mul24_mac_replay_norules.u174 (gen_and2).
Mapping positional arguments of cell mul24_mac_replay_norules.u173 (gen_and2).
Mapping positional arguments of cell mul24_mac_replay_norules.u172 (gen_and2).
Mapping positional arguments of cell mul24_mac_replay_norules.u171 (gen_and2).
Mapping positional arguments of cell mul24_mac_replay_norules.u170 (gen_and2).
Mapping positional arguments of cell mul24_mac_replay_norules.u169 (gen_and2).
Mapping positional arguments of cell mul24_mac_replay_norules.u168 (gen_and2).
Mapping positional arguments of cell mul24_mac_replay_norules.u167 (gen_and2).
Mapping positional arguments of cell mul24_mac_replay_norules.u166 (gen_and2).
Mapping positional arguments of cell mul24_mac_replay_norules.u165 (gen_and2).
Mapping positional arguments of cell mul24_mac_replay_norules.u164 (gen_and2).
Mapping positional arguments of cell mul24_mac_replay_norules.u163 (gen_and2).
Mapping positional arguments of cell mul24_mac_replay_norules.u162 (gen_and2).
Mapping positional arguments of cell mul24_mac_replay_norules.u161 (gen_and2).
Mapping positional arguments of cell mul24_mac_replay_norules.u160 (gen_and2).
Mapping positional arguments of cell mul24_mac_replay_norules.u159 (gen_and2).
Mapping positional arguments of cell mul24_mac_replay_norules.u158 (gen_and2).
Mapping positional arguments of cell mul24_mac_replay_norules.u157 (gen_and2).
Mapping positional arguments of cell mul24_mac_replay_norules.u156 (gen_and2).
Mapping positional arguments of cell mul24_mac_replay_norules.u155 (gen_and2).
Mapping positional arguments of cell mul24_mac_replay_norules.u154 (gen_and2).
Mapping positional arguments of cell mul24_mac_replay_norules.u153 (gen_and2).
Mapping positional arguments of cell mul24_mac_replay_norules.u152 (gen_and2).
Mapping positional arguments of cell mul24_mac_replay_norules.u151 (gen_and2).
Mapping positional arguments of cell mul24_mac_replay_norules.u150 (gen_and2).
Mapping positional arguments of cell mul24_mac_replay_norules.u149 (gen_and2).
Mapping positional arguments of cell mul24_mac_replay_norules.u148 (gen_and2).
Mapping positional arguments of cell mul24_mac_replay_norules.u147 (gen_and2).
Mapping positional arguments of cell mul24_mac_replay_norules.u146 (gen_and2).
Mapping positional arguments of cell mul24_mac_replay_norules.u145 (gen_and2).
Mapping positional arguments of cell mul24_mac_replay_norules.u144 (gen_and2).
Mapping positional arguments of cell mul24_mac_replay_norules.u143 (gen_and2).
Mapping positional arguments of cell mul24_mac_replay_norules.u142 (gen_and2).
Mapping positional arguments of cell mul24_mac_replay_norules.u141 (gen_and2).
Mapping positional arguments of cell mul24_mac_replay_norules.u140 (gen_and2).
Mapping positional arguments of cell mul24_mac_replay_norules.u139 (gen_and2).
Mapping positional arguments of cell mul24_mac_replay_norules.u138 (gen_and2).
Mapping positional arguments of cell mul24_mac_replay_norules.u137 (gen_and2).
Mapping positional arguments of cell mul24_mac_replay_norules.u136 (gen_and2).
Mapping positional arguments of cell mul24_mac_replay_norules.u135 (gen_and2).
Mapping positional arguments of cell mul24_mac_replay_norules.u134 (gen_and2).
Mapping positional arguments of cell mul24_mac_replay_norules.u133 (gen_and2).
Mapping positional arguments of cell mul24_mac_replay_norules.u132 (gen_and2).
Mapping positional arguments of cell mul24_mac_replay_norules.u131 (gen_and2).
Mapping positional arguments of cell mul24_mac_replay_norules.u130 (gen_and2).
Mapping positional arguments of cell mul24_mac_replay_norules.u129 (gen_and2).
Mapping positional arguments of cell mul24_mac_replay_norules.u128 (gen_and2).
Mapping positional arguments of cell mul24_mac_replay_norules.u127 (gen_and2).
Mapping positional arguments of cell mul24_mac_replay_norules.u126 (gen_and2).
Mapping positional arguments of cell mul24_mac_replay_norules.u125 (gen_and2).
Mapping positional arguments of cell mul24_mac_replay_norules.u124 (gen_and2).
Mapping positional arguments of cell mul24_mac_replay_norules.u123 (gen_and2).
Mapping positional arguments of cell mul24_mac_replay_norules.u122 (gen_and2).
Mapping positional arguments of cell mul24_mac_replay_norules.u121 (gen_and2).
Mapping positional arguments of cell mul24_mac_replay_norules.u120 (gen_and2).
Mapping positional arguments of cell mul24_mac_replay_norules.u119 (gen_and2).
Mapping positional arguments of cell mul24_mac_replay_norules.u118 (gen_and2).
Mapping positional arguments of cell mul24_mac_replay_norules.u117 (gen_and2).
Mapping positional arguments of cell mul24_mac_replay_norules.u116 (gen_and2).
Mapping positional arguments of cell mul24_mac_replay_norules.u115 (gen_and2).
Mapping positional arguments of cell mul24_mac_replay_norules.u114 (gen_and2).
Mapping positional arguments of cell mul24_mac_replay_norules.u113 (gen_and2).
Mapping positional arguments of cell mul24_mac_replay_norules.u112 (gen_and2).
Mapping positional arguments of cell mul24_mac_replay_norules.u111 (gen_and2).
Mapping positional arguments of cell mul24_mac_replay_norules.u110 (gen_and2).
Mapping positional arguments of cell mul24_mac_replay_norules.u109 (gen_and2).
Mapping positional arguments of cell mul24_mac_replay_norules.u108 (gen_and2).
Mapping positional arguments of cell mul24_mac_replay_norules.u107 (gen_and2).
Mapping positional arguments of cell mul24_mac_replay_norules.u106 (gen_and2).
Mapping positional arguments of cell mul24_mac_replay_norules.u105 (gen_and2).
Mapping positional arguments of cell mul24_mac_replay_norules.u104 (gen_and2).
Mapping positional arguments of cell mul24_mac_replay_norules.u103 (gen_and2).
Mapping positional arguments of cell mul24_mac_replay_norules.u102 (gen_and2).
Mapping positional arguments of cell mul24_mac_replay_norules.u101 (gen_and2).
Mapping positional arguments of cell mul24_mac_replay_norules.u100 (gen_and2).
Mapping positional arguments of cell mul24_mac_replay_norules.u99 (gen_and2).
Mapping positional arguments of cell mul24_mac_replay_norules.u98 (gen_and2).
Mapping positional arguments of cell mul24_mac_replay_norules.u97 (gen_and2).
Mapping positional arguments of cell mul24_mac_replay_norules.u96 (gen_and2).
Mapping positional arguments of cell mul24_mac_replay_norules.u95 (gen_and2).
Mapping positional arguments of cell mul24_mac_replay_norules.u94 (gen_and2).
Mapping positional arguments of cell mul24_mac_replay_norules.u93 (gen_and2).
Mapping positional arguments of cell mul24_mac_replay_norules.u92 (gen_and2).
Mapping positional arguments of cell mul24_mac_replay_norules.u91 (gen_and2).
Mapping positional arguments of cell mul24_mac_replay_norules.u90 (gen_and2).
Mapping positional arguments of cell mul24_mac_replay_norules.u89 (gen_and2).
Mapping positional arguments of cell mul24_mac_replay_norules.u88 (gen_and2).
Mapping positional arguments of cell mul24_mac_replay_norules.u87 (gen_and2).
Mapping positional arguments of cell mul24_mac_replay_norules.u86 (gen_and2).
Mapping positional arguments of cell mul24_mac_replay_norules.u85 (gen_and2).
Mapping positional arguments of cell mul24_mac_replay_norules.u84 (gen_and2).
Mapping positional arguments of cell mul24_mac_replay_norules.u83 (gen_and2).
Mapping positional arguments of cell mul24_mac_replay_norules.u82 (gen_and2).
Mapping positional arguments of cell mul24_mac_replay_norules.u81 (gen_and2).
Mapping positional arguments of cell mul24_mac_replay_norules.u80 (gen_and2).
Mapping positional arguments of cell mul24_mac_replay_norules.u79 (gen_and2).
Mapping positional arguments of cell mul24_mac_replay_norules.u78 (gen_and2).
Mapping positional arguments of cell mul24_mac_replay_norules.u77 (gen_and2).
Mapping positional arguments of cell mul24_mac_replay_norules.u76 (gen_and2).
Mapping positional arguments of cell mul24_mac_replay_norules.u75 (gen_and2).
Mapping positional arguments of cell mul24_mac_replay_norules.u74 (gen_and2).
Mapping positional arguments of cell mul24_mac_replay_norules.u73 (gen_and2).
Mapping positional arguments of cell mul24_mac_replay_norules.u72 (gen_and2).
Mapping positional arguments of cell mul24_mac_replay_norules.u71 (gen_and2).
Mapping positional arguments of cell mul24_mac_replay_norules.u70 (gen_and2).
Mapping positional arguments of cell mul24_mac_replay_norules.u69 (gen_and2).
Mapping positional arguments of cell mul24_mac_replay_norules.u68 (gen_and2).
Mapping positional arguments of cell mul24_mac_replay_norules.u67 (gen_and2).
Mapping positional arguments of cell mul24_mac_replay_norules.u66 (gen_and2).
Mapping positional arguments of cell mul24_mac_replay_norules.u65 (gen_and2).
Mapping positional arguments of cell mul24_mac_replay_norules.u64 (gen_and2).
Mapping positional arguments of cell mul24_mac_replay_norules.u63 (gen_and2).
Mapping positional arguments of cell mul24_mac_replay_norules.u62 (gen_and2).
Mapping positional arguments of cell mul24_mac_replay_norules.u61 (gen_and2).
Mapping positional arguments of cell mul24_mac_replay_norules.u60 (gen_and2).
Mapping positional arguments of cell mul24_mac_replay_norules.u59 (gen_and2).
Mapping positional arguments of cell mul24_mac_replay_norules.u58 (gen_and2).
Mapping positional arguments of cell mul24_mac_replay_norules.u57 (gen_and2).
Mapping positional arguments of cell mul24_mac_replay_norules.u56 (gen_and2).
Mapping positional arguments of cell mul24_mac_replay_norules.u55 (gen_and2).
Mapping positional arguments of cell mul24_mac_replay_norules.u54 (gen_and2).
Mapping positional arguments of cell mul24_mac_replay_norules.u53 (gen_and2).
Mapping positional arguments of cell mul24_mac_replay_norules.u52 (gen_and2).
Mapping positional arguments of cell mul24_mac_replay_norules.u51 (gen_and2).
Mapping positional arguments of cell mul24_mac_replay_norules.u50 (gen_and2).
Mapping positional arguments of cell mul24_mac_replay_norules.u49 (gen_and2).
Mapping positional arguments of cell mul24_mac_replay_norules.u48 (gen_and2).
Mapping positional arguments of cell mul24_mac_replay_norules.u47 (gen_and2).
Mapping positional arguments of cell mul24_mac_replay_norules.u46 (gen_and2).
Mapping positional arguments of cell mul24_mac_replay_norules.u45 (gen_and2).
Mapping positional arguments of cell mul24_mac_replay_norules.u44 (gen_and2).
Mapping positional arguments of cell mul24_mac_replay_norules.u43 (gen_and2).
Mapping positional arguments of cell mul24_mac_replay_norules.u42 (gen_and2).
Mapping positional arguments of cell mul24_mac_replay_norules.u41 (gen_and2).
Mapping positional arguments of cell mul24_mac_replay_norules.u40 (gen_and2).
Mapping positional arguments of cell mul24_mac_replay_norules.u39 (gen_and2).
Mapping positional arguments of cell mul24_mac_replay_norules.u38 (gen_and2).
Mapping positional arguments of cell mul24_mac_replay_norules.u37 (gen_and2).
Mapping positional arguments of cell mul24_mac_replay_norules.u36 (gen_and2).
Mapping positional arguments of cell mul24_mac_replay_norules.u35 (gen_and2).
Mapping positional arguments of cell mul24_mac_replay_norules.u34 (gen_and2).
Mapping positional arguments of cell mul24_mac_replay_norules.u33 (gen_and2).
Mapping positional arguments of cell mul24_mac_replay_norules.u32 (gen_and2).
Mapping positional arguments of cell mul24_mac_replay_norules.u31 (gen_and2).
Mapping positional arguments of cell mul24_mac_replay_norules.u30 (gen_and2).
Mapping positional arguments of cell mul24_mac_replay_norules.u29 (gen_and2).
Mapping positional arguments of cell mul24_mac_replay_norules.u28 (gen_and2).
Mapping positional arguments of cell mul24_mac_replay_norules.u27 (gen_and2).
Mapping positional arguments of cell mul24_mac_replay_norules.u26 (gen_and2).
Mapping positional arguments of cell mul24_mac_replay_norules.u25 (gen_and2).
Mapping positional arguments of cell mul24_mac_replay_norules.u24 (gen_and2).
Mapping positional arguments of cell mul24_mac_replay_norules.u23 (gen_and2).
Mapping positional arguments of cell mul24_mac_replay_norules.u22 (gen_and2).
Mapping positional arguments of cell mul24_mac_replay_norules.u21 (gen_and2).
Mapping positional arguments of cell mul24_mac_replay_norules.u20 (gen_and2).
Mapping positional arguments of cell mul24_mac_replay_norules.u19 (gen_and2).
Mapping positional arguments of cell mul24_mac_replay_norules.u18 (gen_and2).
Mapping positional arguments of cell mul24_mac_replay_norules.u17 (gen_and2).
Mapping positional arguments of cell mul24_mac_replay_norules.u16 (gen_and2).
Mapping positional arguments of cell mul24_mac_replay_norules.u15 (gen_and2).
Mapping positional arguments of cell mul24_mac_replay_norules.u14 (gen_and2).
Mapping positional arguments of cell mul24_mac_replay_norules.u13 (gen_and2).
Mapping positional arguments of cell mul24_mac_replay_norules.u12 (gen_and2).
Mapping positional arguments of cell mul24_mac_replay_norules.u11 (gen_and2).
Mapping positional arguments of cell mul24_mac_replay_norules.u10 (gen_and2).
Mapping positional arguments of cell mul24_mac_replay_norules.u9 (gen_and2).
Mapping positional arguments of cell mul24_mac_replay_norules.u8 (gen_and2).
Mapping positional arguments of cell mul24_mac_replay_norules.u7 (gen_and2).
Mapping positional arguments of cell mul24_mac_replay_norules.u6 (gen_and2).
Mapping positional arguments of cell mul24_mac_replay_norules.u5 (gen_and2).
Mapping positional arguments of cell mul24_mac_replay_norules.u4 (gen_and2).
Mapping positional arguments of cell mul24_mac_replay_norules.u3 (gen_and2).
Mapping positional arguments of cell mul24_mac_replay_norules.u2 (gen_and2).
Mapping positional arguments of cell mul24_mac_replay_norules.u1 (gen_and2).
Mapping positional arguments of cell mul24_mac_replay_norules.u0 (gen_and2).

5. Executing PROC pass (convert processes to netlists).

5.1. Executing PROC_CLEAN pass (remove empty switches from decision trees).
Cleaned up 0 empty switches.

5.2. Executing PROC_RMDEAD pass (remove dead branches from decision trees).
Removed a total of 0 dead cases.

5.3. Executing PROC_PRUNE pass (remove redundant assignments in processes).
Removed 0 redundant assignments.
Promoted 0 assignments to connections.

5.4. Executing PROC_INIT pass (extract init attributes).

5.5. Executing PROC_ARST pass (detect async resets in processes).

5.6. Executing PROC_ROM pass (convert switches to ROMs).
Converted 0 switches.

5.7. Executing PROC_MUX pass (convert decision trees to multiplexers).

5.8. Executing PROC_DLATCH pass (convert process syncs to latches).

5.9. Executing PROC_DFF pass (convert process syncs to FFs).

5.10. Executing PROC_MEMWR pass (convert process memory writes to cells).

5.11. Executing PROC_CLEAN pass (remove empty switches from decision trees).
Cleaned up 0 empty switches.

5.12. Executing OPT_EXPR pass (perform const folding).
Optimizing module gen_pg.
Optimizing module gen_famux.
Optimizing module mul24_mac_replay_norules.
Optimizing module gen_ha.
Optimizing module gen_gray.
Optimizing module gen_xor2.
Optimizing module gen_black.
Optimizing module gen_or2.
Optimizing module gen_and2.

6. Executing FLATTEN pass (flatten design).
Deleting now unused module gen_pg.
Deleting now unused module gen_famux.
Deleting now unused module gen_ha.
Deleting now unused module gen_gray.
Deleting now unused module gen_xor2.
Deleting now unused module gen_black.
Deleting now unused module gen_or2.
Deleting now unused module gen_and2.
<suppressed ~1596 debug messages>

7. Executing OPT pass (performing simple optimizations).

7.1. Executing OPT_EXPR pass (perform const folding).
Optimizing module mul24_mac_replay_norules.

7.2. Executing OPT_MERGE pass (detect identical cells).
Finding identical cells in module `\mul24_mac_replay_norules'.
Computing hashes of 4529 cells of `\mul24_mac_replay_norules'.
Finding duplicate cells in `\mul24_mac_replay_norules'.
Removed a total of 0 cells.

7.3. Executing OPT_MUXTREE pass (detect dead branches in mux trees).
Running muxtree optimizer on module \mul24_mac_replay_norules..
  Creating internal representation of mux trees.
  Evaluating internal representation of mux trees.
  Analyzing evaluation results.
Removed 0 multiplexer ports.
<suppressed ~1056 debug messages>

7.4. Executing OPT_REDUCE pass (consolidate $*mux and $reduce_* inputs).
  Optimizing cells in module \mul24_mac_replay_norules.
Performed a total of 0 changes.

7.5. Executing OPT_MERGE pass (detect identical cells).
Finding identical cells in module `\mul24_mac_replay_norules'.
Computing hashes of 4529 cells of `\mul24_mac_replay_norules'.
Finding duplicate cells in `\mul24_mac_replay_norules'.
Removed a total of 0 cells.

7.6. Executing OPT_DFF pass (perform DFF optimizations).

7.7. Executing OPT_CLEAN pass (remove unused cells and wires).
Finding unused cells or wires in module \mul24_mac_replay_norules..
Removed 0 unused cells and 2805 unused wires.
<suppressed ~1 debug messages>

7.8. Executing OPT_EXPR pass (perform const folding).
Optimizing module mul24_mac_replay_norules.

7.9. Rerunning OPT passes. (Maybe there is more to do..)

7.10. Executing OPT_MUXTREE pass (detect dead branches in mux trees).
Running muxtree optimizer on module \mul24_mac_replay_norules..
  Creating internal representation of mux trees.
  Evaluating internal representation of mux trees.
  Analyzing evaluation results.
Removed 0 multiplexer ports.
<suppressed ~1056 debug messages>

7.11. Executing OPT_REDUCE pass (consolidate $*mux and $reduce_* inputs).
  Optimizing cells in module \mul24_mac_replay_norules.
Performed a total of 0 changes.

7.12. Executing OPT_MERGE pass (detect identical cells).
Finding identical cells in module `\mul24_mac_replay_norules'.
Computing hashes of 4529 cells of `\mul24_mac_replay_norules'.
Finding duplicate cells in `\mul24_mac_replay_norules'.
Removed a total of 0 cells.

7.13. Executing OPT_DFF pass (perform DFF optimizations).

7.14. Executing OPT_CLEAN pass (remove unused cells and wires).
Finding unused cells or wires in module \mul24_mac_replay_norules..

7.15. Executing OPT_EXPR pass (perform const folding).
Optimizing module mul24_mac_replay_norules.

7.16. Finished fast OPT passes. (There is nothing left to do.)

8. Executing TECHMAP pass (map to technology primitives).

8.1. Executing Verilog-2005 frontend: /opt/homebrew/bin/../share/yosys/techmap.v
Parsing Verilog input from `/opt/homebrew/bin/../share/yosys/techmap.v' to AST representation.
Generating RTLIL representation for module `\_90_simplemap_bool_ops'.
Generating RTLIL representation for module `\_90_simplemap_reduce_ops'.
Generating RTLIL representation for module `\_90_simplemap_logic_ops'.
Generating RTLIL representation for module `\_90_simplemap_compare_ops'.
Generating RTLIL representation for module `\_90_simplemap_various'.
Generating RTLIL representation for module `\_90_simplemap_registers'.
Generating RTLIL representation for module `\_90_shift_ops_shr_shl_sshl_sshr'.
Generating RTLIL representation for module `\_90_shift_shiftx'.
Generating RTLIL representation for module `\_90_fa'.
Generating RTLIL representation for module `\_90_lcu_brent_kung'.
Generating RTLIL representation for module `\_90_alu'.
Generating RTLIL representation for module `\_90_macc'.
Generating RTLIL representation for module `\_90_alumacc'.
Generating RTLIL representation for module `$__div_mod_u'.
Generating RTLIL representation for module `$__div_mod_trunc'.
Generating RTLIL representation for module `\_90_div'.
Generating RTLIL representation for module `\_90_mod'.
Generating RTLIL representation for module `$__div_mod_floor'.
Generating RTLIL representation for module `\_90_divfloor'.
Generating RTLIL representation for module `\_90_modfloor'.
Generating RTLIL representation for module `\_90_pow'.
Generating RTLIL representation for module `\_90_demux'.
Generating RTLIL representation for module `\_90_lut'.
Generating RTLIL representation for module `$connect'.
Generating RTLIL representation for module `$input_port'.
Successfully finished Verilog frontend.

8.2. Continuing TECHMAP pass.
Using extmapper simplemap for cells of type $and.
Using extmapper simplemap for cells of type $xor.
Using extmapper simplemap for cells of type $mux.
Using extmapper simplemap for cells of type $or.
No more expansions possible.
<suppressed ~3010 debug messages>

9. Executing OPT pass (performing simple optimizations).

9.1. Executing OPT_EXPR pass (perform const folding).
Optimizing module mul24_mac_replay_norules.

9.2. Executing OPT_MERGE pass (detect identical cells).
Finding identical cells in module `\mul24_mac_replay_norules'.
Computing hashes of 4529 cells of `\mul24_mac_replay_norules'.
Finding duplicate cells in `\mul24_mac_replay_norules'.
Removed a total of 0 cells.

9.3. Executing OPT_MUXTREE pass (detect dead branches in mux trees).
Running muxtree optimizer on module \mul24_mac_replay_norules..
  Creating internal representation of mux trees.
  No muxes found in this module.
Removed 0 multiplexer ports.

9.4. Executing OPT_REDUCE pass (consolidate $*mux and $reduce_* inputs).
  Optimizing cells in module \mul24_mac_replay_norules.
Performed a total of 0 changes.

9.5. Executing OPT_MERGE pass (detect identical cells).
Finding identical cells in module `\mul24_mac_replay_norules'.
Computing hashes of 4529 cells of `\mul24_mac_replay_norules'.
Finding duplicate cells in `\mul24_mac_replay_norules'.
Removed a total of 0 cells.

9.6. Executing OPT_DFF pass (perform DFF optimizations).

9.7. Executing OPT_CLEAN pass (remove unused cells and wires).
Finding unused cells or wires in module \mul24_mac_replay_norules..

9.8. Executing OPT_EXPR pass (perform const folding).
Optimizing module mul24_mac_replay_norules.

9.9. Finished fast OPT passes. (There is nothing left to do.)

10. Executing ABC pass (technology mapping using ABC).

10.1. Extracting gate netlist of module `\mul24_mac_replay_norules' to `<abc-temp-dir>/input.blif'..
ABC: using cached merged SCL: /var/folders/hy/_ylqg90n5lz20fd6tsrwg0cw0000gn/T/yosys-liberty-scl-cache/yosys_merged_8c8a9dd1.scl (1 files)

10.1.1. Executed ABC.
Extracted 2933 gates and 3029 wires to a netlist network with 96 inputs and 75 outputs.
Running ABC script: <abc-temp-dir>/abc.script
ABC: ======== ABC command line "source <abc-temp-dir>/abc.script"
ABC: + read_blif <abc-temp-dir>/input.blif 
ABC: + read_scl /var/folders/hy/_ylqg90n5lz20fd6tsrwg0cw0000gn/T/yosys-liberty-scl-cache/yosys_merged_8c8a9dd1.scl 
ABC: Warning: Detected 9 multi-output cells (for example, "sky130_fd_sc_hd__fa_1").
ABC: + source /Users/andrewhendel/CascadeProjects/tinytapeout2/scripts/abc/classic.script 
ABC: + write_blif <abc-temp-dir>/output.blif 

10.1.2. Re-integrating ABC results.
ABC RESULTS:   sky130_fd_sc_hd__a211o_2 cells:        1
ABC RESULTS:   sky130_fd_sc_hd__a211oi_1 cells:       15
ABC RESULTS:   sky130_fd_sc_hd__a21boi_0 cells:       71
ABC RESULTS:   sky130_fd_sc_hd__a21o_2 cells:       36
ABC RESULTS:   sky130_fd_sc_hd__a21oi_1 cells:      381
ABC RESULTS:   sky130_fd_sc_hd__a22o_2 cells:       24
ABC RESULTS:   sky130_fd_sc_hd__a22oi_1 cells:      127
ABC RESULTS:   sky130_fd_sc_hd__a311oi_1 cells:        2
ABC RESULTS:   sky130_fd_sc_hd__a31oi_1 cells:       16
ABC RESULTS:   sky130_fd_sc_hd__a32oi_1 cells:        1
ABC RESULTS:   sky130_fd_sc_hd__a41oi_1 cells:        4
ABC RESULTS:   sky130_fd_sc_hd__and2_2 cells:       53
ABC RESULTS:   sky130_fd_sc_hd__and3_2 cells:        8
ABC RESULTS:   sky130_fd_sc_hd__clkinv_1 cells:      457
ABC RESULTS:   sky130_fd_sc_hd__lpflow_inputiso0p_1 cells:        7
ABC RESULTS:   sky130_fd_sc_hd__maj3_1 cells:        3
ABC RESULTS:   sky130_fd_sc_hd__nand2_1 cells:     1968
ABC RESULTS:   sky130_fd_sc_hd__nand3_1 cells:     1555
ABC RESULTS:   sky130_fd_sc_hd__nand3b_1 cells:       49
ABC RESULTS:   sky130_fd_sc_hd__nand4_1 cells:      641
ABC RESULTS:   sky130_fd_sc_hd__nor2_1 cells:      212
ABC RESULTS:   sky130_fd_sc_hd__nor3_1 cells:       13
ABC RESULTS:   sky130_fd_sc_hd__nor4_1 cells:       10
ABC RESULTS:   sky130_fd_sc_hd__o2111a_1 cells:        2
ABC RESULTS:   sky130_fd_sc_hd__o2111ai_1 cells:       16
ABC RESULTS:   sky130_fd_sc_hd__o211a_1 cells:        6
ABC RESULTS:   sky130_fd_sc_hd__o211ai_1 cells:       50
ABC RESULTS:   sky130_fd_sc_hd__o21a_1 cells:       26
ABC RESULTS:   sky130_fd_sc_hd__o21ai_0 cells:      210
ABC RESULTS:   sky130_fd_sc_hd__o21bai_1 cells:       20
ABC RESULTS:   sky130_fd_sc_hd__o221ai_1 cells:        1
ABC RESULTS:   sky130_fd_sc_hd__o22ai_1 cells:       37
ABC RESULTS:   sky130_fd_sc_hd__o2bb2ai_1 cells:      100
ABC RESULTS:   sky130_fd_sc_hd__o31a_2 cells:        1
ABC RESULTS:   sky130_fd_sc_hd__or2_2 cells:       15
ABC RESULTS:   sky130_fd_sc_hd__or2b_2 cells:        1
ABC RESULTS:   sky130_fd_sc_hd__xnor2_1 cells:       48
ABC RESULTS:   sky130_fd_sc_hd__xnor3_4 cells:       25
ABC RESULTS:   sky130_fd_sc_hd__xor2_1 cells:       63
ABC RESULTS:   sky130_fd_sc_hd__xor3_4 cells:        5
ABC RESULTS:        internal signals:     2858
ABC RESULTS:           input signals:       96
ABC RESULTS:          output signals:       75
Removing temp directory.
Removing global temp directory.

11. Executing OPT_CLEAN pass (remove unused cells and wires).
Finding unused cells or wires in module \mul24_mac_replay_norules..
Removed 0 unused cells and 827 unused wires.
<suppressed ~529 debug messages>
Renaming module \mul24_mac_replay_norules to \mul24_mac_replay_norules_classic.

12. Executing Verilog backend.
Dumping module `\mul24_mac_replay_norules_classic'.

End of script. Logfile hash: 35ce4e9580, time: 3.66s, user: 0.66s, system: 0.03s, MEM: 65.02 MB peak
Yosys 0.68+post (git sha1 c12172fbae8af5e20f6fb52e3d4e92d56ed587b6, Release, AppleClang clang++ 21.0.0.21000101)
Time spent: 82% 1x abc (2 sec), 4% 4x opt_clean (0 sec), ...
