
-- Executing script file `results/discovery/mac_arrival_challenge_20260905/mul24_mac_replay_candidate_classic.ys' --

1. Executing Verilog-2005 frontend: results/discovery/mac_arrival_challenge_20260905/cells.v
Parsing Verilog input from `results/discovery/mac_arrival_challenge_20260905/cells.v' to AST representation.
Generating RTLIL representation for module `\gen_and2'.
Generating RTLIL representation for module `\gen_or2'.
Generating RTLIL representation for module `\gen_mux2'.
Generating RTLIL representation for module `\gen_xor2'.
Generating RTLIL representation for module `\gen_xor3'.
Generating RTLIL representation for module `\gen_ha'.
Generating RTLIL representation for module `\gen_fa'.
Generating RTLIL representation for module `\gen_famux'.
Generating RTLIL representation for module `\gen_pg'.
Generating RTLIL representation for module `\gen_black'.
Generating RTLIL representation for module `\gen_gray'.
Successfully finished Verilog frontend.

2. Executing Verilog-2005 frontend: results/discovery/mac_arrival_challenge_20260905/rtl/mul24_mac_replay_candidate.v
Parsing Verilog input from `results/discovery/mac_arrival_challenge_20260905/rtl/mul24_mac_replay_candidate.v' to AST representation.
Generating RTLIL representation for module `\mul24_mac_replay_candidate'.
Successfully finished Verilog frontend.

3. Executing ATTRMAP pass (move or copy attributes).
Removed attribute on gen_gray: keep_hierarchy=1
Removed attribute on gen_black: keep_hierarchy=1
Removed attribute on gen_pg: keep_hierarchy=1
Removed attribute on gen_famux: keep_hierarchy=1
Removed attribute on gen_fa: keep_hierarchy=1
Removed attribute on gen_ha: keep_hierarchy=1
Removed attribute on gen_xor3: keep_hierarchy=1
Removed attribute on gen_xor2: keep_hierarchy=1
Removed attribute on gen_mux2: keep_hierarchy=1
Removed attribute on gen_or2: keep_hierarchy=1
Removed attribute on gen_and2: keep_hierarchy=1

4. Executing HIERARCHY pass (managing design hierarchy).

4.1. Analyzing design hierarchy..
Top module:  \mul24_mac_replay_candidate
Used module:     \gen_or2
Used module:     \gen_xor2
Used module:     \gen_and2
Used module:     \gen_gray
Used module:     \gen_black
Used module:     \gen_pg
Used module:     \gen_ha
Used module:     \gen_famux

4.2. Analyzing design hierarchy..
Top module:  \mul24_mac_replay_candidate
Used module:     \gen_or2
Used module:     \gen_xor2
Used module:     \gen_and2
Used module:     \gen_gray
Used module:     \gen_black
Used module:     \gen_pg
Used module:     \gen_ha
Used module:     \gen_famux
Removing unused module `\gen_fa'.
Removing unused module `\gen_xor3'.
Removing unused module `\gen_mux2'.
Removed 3 unused modules.
Mapping positional arguments of cell mul24_mac_replay_candidate.u1604 (gen_or2).
Mapping positional arguments of cell mul24_mac_replay_candidate.u1603 (gen_or2).
Mapping positional arguments of cell mul24_mac_replay_candidate.u1602 (gen_or2).
Mapping positional arguments of cell mul24_mac_replay_candidate.u1601 (gen_or2).
Mapping positional arguments of cell mul24_mac_replay_candidate.u1600 (gen_or2).
Mapping positional arguments of cell mul24_mac_replay_candidate.u1599 (gen_or2).
Mapping positional arguments of cell mul24_mac_replay_candidate.u1598 (gen_or2).
Mapping positional arguments of cell mul24_mac_replay_candidate.u1597 (gen_or2).
Mapping positional arguments of cell mul24_mac_replay_candidate.u1596 (gen_or2).
Mapping positional arguments of cell mul24_mac_replay_candidate.u1595 (gen_or2).
Mapping positional arguments of cell mul24_mac_replay_candidate.u1594 (gen_or2).
Mapping positional arguments of cell mul24_mac_replay_candidate.u1593 (gen_or2).
Mapping positional arguments of cell mul24_mac_replay_candidate.u1592 (gen_or2).
Mapping positional arguments of cell mul24_mac_replay_candidate.u1591 (gen_or2).
Mapping positional arguments of cell mul24_mac_replay_candidate.u1590 (gen_or2).
Mapping positional arguments of cell mul24_mac_replay_candidate.u1589 (gen_or2).
Mapping positional arguments of cell mul24_mac_replay_candidate.u1588 (gen_or2).
Mapping positional arguments of cell mul24_mac_replay_candidate.u1587 (gen_or2).
Mapping positional arguments of cell mul24_mac_replay_candidate.u1586 (gen_or2).
Mapping positional arguments of cell mul24_mac_replay_candidate.u1585 (gen_or2).
Mapping positional arguments of cell mul24_mac_replay_candidate.u1584 (gen_or2).
Mapping positional arguments of cell mul24_mac_replay_candidate.u1583 (gen_or2).
Mapping positional arguments of cell mul24_mac_replay_candidate.u1582 (gen_or2).
Mapping positional arguments of cell mul24_mac_replay_candidate.u1581 (gen_or2).
Mapping positional arguments of cell mul24_mac_replay_candidate.u1580 (gen_or2).
Mapping positional arguments of cell mul24_mac_replay_candidate.u1579 (gen_or2).
Mapping positional arguments of cell mul24_mac_replay_candidate.u1578 (gen_or2).
Mapping positional arguments of cell mul24_mac_replay_candidate.u1577 (gen_or2).
Mapping positional arguments of cell mul24_mac_replay_candidate.u1576 (gen_or2).
Mapping positional arguments of cell mul24_mac_replay_candidate.u1575 (gen_or2).
Mapping positional arguments of cell mul24_mac_replay_candidate.u1574 (gen_or2).
Mapping positional arguments of cell mul24_mac_replay_candidate.u1573 (gen_or2).
Mapping positional arguments of cell mul24_mac_replay_candidate.u1572 (gen_or2).
Mapping positional arguments of cell mul24_mac_replay_candidate.u1571 (gen_or2).
Mapping positional arguments of cell mul24_mac_replay_candidate.u1570 (gen_or2).
Mapping positional arguments of cell mul24_mac_replay_candidate.u1569 (gen_or2).
Mapping positional arguments of cell mul24_mac_replay_candidate.u1568 (gen_or2).
Mapping positional arguments of cell mul24_mac_replay_candidate.u1567 (gen_or2).
Mapping positional arguments of cell mul24_mac_replay_candidate.u1566 (gen_or2).
Mapping positional arguments of cell mul24_mac_replay_candidate.u1565 (gen_or2).
Mapping positional arguments of cell mul24_mac_replay_candidate.u1564 (gen_or2).
Mapping positional arguments of cell mul24_mac_replay_candidate.u1563 (gen_or2).
Mapping positional arguments of cell mul24_mac_replay_candidate.u1562 (gen_or2).
Mapping positional arguments of cell mul24_mac_replay_candidate.u1561 (gen_or2).
Mapping positional arguments of cell mul24_mac_replay_candidate.u1560 (gen_or2).
Mapping positional arguments of cell mul24_mac_replay_candidate.u1559 (gen_or2).
Mapping positional arguments of cell mul24_mac_replay_candidate.u1558 (gen_or2).
Mapping positional arguments of cell mul24_mac_replay_candidate.u1557 (gen_or2).
Mapping positional arguments of cell mul24_mac_replay_candidate.u1556 (gen_or2).
Mapping positional arguments of cell mul24_mac_replay_candidate.u1555 (gen_xor2).
Mapping positional arguments of cell mul24_mac_replay_candidate.u1554 (gen_xor2).
Mapping positional arguments of cell mul24_mac_replay_candidate.u1553 (gen_xor2).
Mapping positional arguments of cell mul24_mac_replay_candidate.u1552 (gen_xor2).
Mapping positional arguments of cell mul24_mac_replay_candidate.u1551 (gen_xor2).
Mapping positional arguments of cell mul24_mac_replay_candidate.u1550 (gen_xor2).
Mapping positional arguments of cell mul24_mac_replay_candidate.u1549 (gen_xor2).
Mapping positional arguments of cell mul24_mac_replay_candidate.u1548 (gen_xor2).
Mapping positional arguments of cell mul24_mac_replay_candidate.u1547 (gen_xor2).
Mapping positional arguments of cell mul24_mac_replay_candidate.u1546 (gen_xor2).
Mapping positional arguments of cell mul24_mac_replay_candidate.u1545 (gen_xor2).
Mapping positional arguments of cell mul24_mac_replay_candidate.u1544 (gen_xor2).
Mapping positional arguments of cell mul24_mac_replay_candidate.u1543 (gen_xor2).
Mapping positional arguments of cell mul24_mac_replay_candidate.u1542 (gen_xor2).
Mapping positional arguments of cell mul24_mac_replay_candidate.u1541 (gen_xor2).
Mapping positional arguments of cell mul24_mac_replay_candidate.u1540 (gen_xor2).
Mapping positional arguments of cell mul24_mac_replay_candidate.u1539 (gen_xor2).
Mapping positional arguments of cell mul24_mac_replay_candidate.u1538 (gen_xor2).
Mapping positional arguments of cell mul24_mac_replay_candidate.u1537 (gen_xor2).
Mapping positional arguments of cell mul24_mac_replay_candidate.u1536 (gen_xor2).
Mapping positional arguments of cell mul24_mac_replay_candidate.u1535 (gen_xor2).
Mapping positional arguments of cell mul24_mac_replay_candidate.u1534 (gen_xor2).
Mapping positional arguments of cell mul24_mac_replay_candidate.u1533 (gen_xor2).
Mapping positional arguments of cell mul24_mac_replay_candidate.u1532 (gen_xor2).
Mapping positional arguments of cell mul24_mac_replay_candidate.u1531 (gen_xor2).
Mapping positional arguments of cell mul24_mac_replay_candidate.u1530 (gen_xor2).
Mapping positional arguments of cell mul24_mac_replay_candidate.u1529 (gen_xor2).
Mapping positional arguments of cell mul24_mac_replay_candidate.u1528 (gen_xor2).
Mapping positional arguments of cell mul24_mac_replay_candidate.u1527 (gen_xor2).
Mapping positional arguments of cell mul24_mac_replay_candidate.u1526 (gen_xor2).
Mapping positional arguments of cell mul24_mac_replay_candidate.u1525 (gen_xor2).
Mapping positional arguments of cell mul24_mac_replay_candidate.u1524 (gen_xor2).
Mapping positional arguments of cell mul24_mac_replay_candidate.u1523 (gen_xor2).
Mapping positional arguments of cell mul24_mac_replay_candidate.u1522 (gen_xor2).
Mapping positional arguments of cell mul24_mac_replay_candidate.u1521 (gen_xor2).
Mapping positional arguments of cell mul24_mac_replay_candidate.u1520 (gen_xor2).
Mapping positional arguments of cell mul24_mac_replay_candidate.u1519 (gen_xor2).
Mapping positional arguments of cell mul24_mac_replay_candidate.u1518 (gen_and2).
Mapping positional arguments of cell mul24_mac_replay_candidate.u1517 (gen_and2).
Mapping positional arguments of cell mul24_mac_replay_candidate.u1516 (gen_and2).
Mapping positional arguments of cell mul24_mac_replay_candidate.u1515 (gen_and2).
Mapping positional arguments of cell mul24_mac_replay_candidate.u1514 (gen_and2).
Mapping positional arguments of cell mul24_mac_replay_candidate.u1513 (gen_and2).
Mapping positional arguments of cell mul24_mac_replay_candidate.u1512 (gen_and2).
Mapping positional arguments of cell mul24_mac_replay_candidate.u1511 (gen_and2).
Mapping positional arguments of cell mul24_mac_replay_candidate.u1510 (gen_and2).
Mapping positional arguments of cell mul24_mac_replay_candidate.u1509 (gen_and2).
Mapping positional arguments of cell mul24_mac_replay_candidate.u1508 (gen_and2).
Mapping positional arguments of cell mul24_mac_replay_candidate.u1507 (gen_and2).
Mapping positional arguments of cell mul24_mac_replay_candidate.u1506 (gen_and2).
Mapping positional arguments of cell mul24_mac_replay_candidate.u1505 (gen_and2).
Mapping positional arguments of cell mul24_mac_replay_candidate.u1504 (gen_and2).
Mapping positional arguments of cell mul24_mac_replay_candidate.u1503 (gen_and2).
Mapping positional arguments of cell mul24_mac_replay_candidate.u1502 (gen_and2).
Mapping positional arguments of cell mul24_mac_replay_candidate.u1501 (gen_and2).
Mapping positional arguments of cell mul24_mac_replay_candidate.u1500 (gen_and2).
Mapping positional arguments of cell mul24_mac_replay_candidate.u1499 (gen_and2).
Mapping positional arguments of cell mul24_mac_replay_candidate.u1498 (gen_and2).
Mapping positional arguments of cell mul24_mac_replay_candidate.u1497 (gen_and2).
Mapping positional arguments of cell mul24_mac_replay_candidate.u1496 (gen_and2).
Mapping positional arguments of cell mul24_mac_replay_candidate.u1495 (gen_and2).
Mapping positional arguments of cell mul24_mac_replay_candidate.u1494 (gen_and2).
Mapping positional arguments of cell mul24_mac_replay_candidate.u1493 (gen_and2).
Mapping positional arguments of cell mul24_mac_replay_candidate.u1492 (gen_and2).
Mapping positional arguments of cell mul24_mac_replay_candidate.u1491 (gen_and2).
Mapping positional arguments of cell mul24_mac_replay_candidate.u1490 (gen_and2).
Mapping positional arguments of cell mul24_mac_replay_candidate.u1489 (gen_and2).
Mapping positional arguments of cell mul24_mac_replay_candidate.u1488 (gen_and2).
Mapping positional arguments of cell mul24_mac_replay_candidate.u1487 (gen_and2).
Mapping positional arguments of cell mul24_mac_replay_candidate.u1486 (gen_and2).
Mapping positional arguments of cell mul24_mac_replay_candidate.u1485 (gen_and2).
Mapping positional arguments of cell mul24_mac_replay_candidate.u1484 (gen_and2).
Mapping positional arguments of cell mul24_mac_replay_candidate.u1483 (gen_and2).
Mapping positional arguments of cell mul24_mac_replay_candidate.u1482 (gen_and2).
Mapping positional arguments of cell mul24_mac_replay_candidate.u1481 (gen_and2).
Mapping positional arguments of cell mul24_mac_replay_candidate.u1480 (gen_and2).
Mapping positional arguments of cell mul24_mac_replay_candidate.u1479 (gen_and2).
Mapping positional arguments of cell mul24_mac_replay_candidate.u1478 (gen_and2).
Mapping positional arguments of cell mul24_mac_replay_candidate.u1477 (gen_and2).
Mapping positional arguments of cell mul24_mac_replay_candidate.u1476 (gen_and2).
Mapping positional arguments of cell mul24_mac_replay_candidate.u1475 (gen_and2).
Mapping positional arguments of cell mul24_mac_replay_candidate.u1474 (gen_and2).
Mapping positional arguments of cell mul24_mac_replay_candidate.u1473 (gen_and2).
Mapping positional arguments of cell mul24_mac_replay_candidate.u1472 (gen_and2).
Mapping positional arguments of cell mul24_mac_replay_candidate.u1471 (gen_and2).
Mapping positional arguments of cell mul24_mac_replay_candidate.u1470 (gen_and2).
Mapping positional arguments of cell mul24_mac_replay_candidate.u1469 (gen_and2).
Mapping positional arguments of cell mul24_mac_replay_candidate.u1468 (gen_and2).
Mapping positional arguments of cell mul24_mac_replay_candidate.u1467 (gen_and2).
Mapping positional arguments of cell mul24_mac_replay_candidate.u1466 (gen_and2).
Mapping positional arguments of cell mul24_mac_replay_candidate.u1465 (gen_and2).
Mapping positional arguments of cell mul24_mac_replay_candidate.u1464 (gen_and2).
Mapping positional arguments of cell mul24_mac_replay_candidate.u1463 (gen_and2).
Mapping positional arguments of cell mul24_mac_replay_candidate.u1462 (gen_and2).
Mapping positional arguments of cell mul24_mac_replay_candidate.u1461 (gen_and2).
Mapping positional arguments of cell mul24_mac_replay_candidate.u1460 (gen_and2).
Mapping positional arguments of cell mul24_mac_replay_candidate.u1459 (gen_and2).
Mapping positional arguments of cell mul24_mac_replay_candidate.u1458 (gen_and2).
Mapping positional arguments of cell mul24_mac_replay_candidate.u1457 (gen_and2).
Mapping positional arguments of cell mul24_mac_replay_candidate.u1456 (gen_and2).
Mapping positional arguments of cell mul24_mac_replay_candidate.u1455 (gen_and2).
Mapping positional arguments of cell mul24_mac_replay_candidate.u1454 (gen_and2).
Mapping positional arguments of cell mul24_mac_replay_candidate.u1453 (gen_and2).
Mapping positional arguments of cell mul24_mac_replay_candidate.u1452 (gen_and2).
Mapping positional arguments of cell mul24_mac_replay_candidate.u1451 (gen_and2).
Mapping positional arguments of cell mul24_mac_replay_candidate.u1450 (gen_and2).
Mapping positional arguments of cell mul24_mac_replay_candidate.u1449 (gen_and2).
Mapping positional arguments of cell mul24_mac_replay_candidate.u1448 (gen_and2).
Mapping positional arguments of cell mul24_mac_replay_candidate.u1447 (gen_and2).
Mapping positional arguments of cell mul24_mac_replay_candidate.u1446 (gen_and2).
Mapping positional arguments of cell mul24_mac_replay_candidate.u1445 (gen_and2).
Mapping positional arguments of cell mul24_mac_replay_candidate.u1444 (gen_and2).
Mapping positional arguments of cell mul24_mac_replay_candidate.u1443 (gen_and2).
Mapping positional arguments of cell mul24_mac_replay_candidate.u1442 (gen_and2).
Mapping positional arguments of cell mul24_mac_replay_candidate.u1441 (gen_and2).
Mapping positional arguments of cell mul24_mac_replay_candidate.u1440 (gen_and2).
Mapping positional arguments of cell mul24_mac_replay_candidate.u1439 (gen_and2).
Mapping positional arguments of cell mul24_mac_replay_candidate.u1438 (gen_and2).
Mapping positional arguments of cell mul24_mac_replay_candidate.u1437 (gen_and2).
Mapping positional arguments of cell mul24_mac_replay_candidate.u1436 (gen_and2).
Mapping positional arguments of cell mul24_mac_replay_candidate.u1435 (gen_and2).
Mapping positional arguments of cell mul24_mac_replay_candidate.u1434 (gen_and2).
Mapping positional arguments of cell mul24_mac_replay_candidate.u1433 (gen_and2).
Mapping positional arguments of cell mul24_mac_replay_candidate.u1432 (gen_and2).
Mapping positional arguments of cell mul24_mac_replay_candidate.u1431 (gen_and2).
Mapping positional arguments of cell mul24_mac_replay_candidate.u1430 (gen_and2).
Mapping positional arguments of cell mul24_mac_replay_candidate.u1429 (gen_and2).
Mapping positional arguments of cell mul24_mac_replay_candidate.u1428 (gen_and2).
Mapping positional arguments of cell mul24_mac_replay_candidate.u1427 (gen_and2).
Mapping positional arguments of cell mul24_mac_replay_candidate.u1426 (gen_and2).
Mapping positional arguments of cell mul24_mac_replay_candidate.u1425 (gen_and2).
Mapping positional arguments of cell mul24_mac_replay_candidate.u1424 (gen_and2).
Mapping positional arguments of cell mul24_mac_replay_candidate.u1423 (gen_and2).
Mapping positional arguments of cell mul24_mac_replay_candidate.u1422 (gen_and2).
Mapping positional arguments of cell mul24_mac_replay_candidate.u1421 (gen_and2).
Mapping positional arguments of cell mul24_mac_replay_candidate.u1420 (gen_and2).
Mapping positional arguments of cell mul24_mac_replay_candidate.u1419 (gen_and2).
Mapping positional arguments of cell mul24_mac_replay_candidate.u1418 (gen_and2).
Mapping positional arguments of cell mul24_mac_replay_candidate.u1417 (gen_and2).
Mapping positional arguments of cell mul24_mac_replay_candidate.u1416 (gen_and2).
Mapping positional arguments of cell mul24_mac_replay_candidate.u1415 (gen_and2).
Mapping positional arguments of cell mul24_mac_replay_candidate.u1414 (gen_and2).
Mapping positional arguments of cell mul24_mac_replay_candidate.u1413 (gen_and2).
Mapping positional arguments of cell mul24_mac_replay_candidate.u1412 (gen_and2).
Mapping positional arguments of cell mul24_mac_replay_candidate.u1411 (gen_and2).
Mapping positional arguments of cell mul24_mac_replay_candidate.u1410 (gen_and2).
Mapping positional arguments of cell mul24_mac_replay_candidate.u1409 (gen_and2).
Mapping positional arguments of cell mul24_mac_replay_candidate.u1408 (gen_and2).
Mapping positional arguments of cell mul24_mac_replay_candidate.u1407 (gen_and2).
Mapping positional arguments of cell mul24_mac_replay_candidate.u1406 (gen_and2).
Mapping positional arguments of cell mul24_mac_replay_candidate.u1405 (gen_and2).
Mapping positional arguments of cell mul24_mac_replay_candidate.u1404 (gen_and2).
Mapping positional arguments of cell mul24_mac_replay_candidate.u1403 (gen_and2).
Mapping positional arguments of cell mul24_mac_replay_candidate.u1402 (gen_and2).
Mapping positional arguments of cell mul24_mac_replay_candidate.u1401 (gen_and2).
Mapping positional arguments of cell mul24_mac_replay_candidate.u1400 (gen_and2).
Mapping positional arguments of cell mul24_mac_replay_candidate.u1399 (gen_and2).
Mapping positional arguments of cell mul24_mac_replay_candidate.u1398 (gen_and2).
Mapping positional arguments of cell mul24_mac_replay_candidate.u1397 (gen_and2).
Mapping positional arguments of cell mul24_mac_replay_candidate.u1396 (gen_and2).
Mapping positional arguments of cell mul24_mac_replay_candidate.u1395 (gen_and2).
Mapping positional arguments of cell mul24_mac_replay_candidate.u1394 (gen_and2).
Mapping positional arguments of cell mul24_mac_replay_candidate.u1393 (gen_and2).
Mapping positional arguments of cell mul24_mac_replay_candidate.u1392 (gen_and2).
Mapping positional arguments of cell mul24_mac_replay_candidate.u1391 (gen_and2).
Mapping positional arguments of cell mul24_mac_replay_candidate.u1390 (gen_and2).
Mapping positional arguments of cell mul24_mac_replay_candidate.u1389 (gen_and2).
Mapping positional arguments of cell mul24_mac_replay_candidate.u1388 (gen_and2).
Mapping positional arguments of cell mul24_mac_replay_candidate.u1387 (gen_and2).
Mapping positional arguments of cell mul24_mac_replay_candidate.u1386 (gen_and2).
Mapping positional arguments of cell mul24_mac_replay_candidate.u1385 (gen_and2).
Mapping positional arguments of cell mul24_mac_replay_candidate.u1384 (gen_and2).
Mapping positional arguments of cell mul24_mac_replay_candidate.u1383 (gen_and2).
Mapping positional arguments of cell mul24_mac_replay_candidate.u1382 (gen_and2).
Mapping positional arguments of cell mul24_mac_replay_candidate.u1381 (gen_and2).
Mapping positional arguments of cell mul24_mac_replay_candidate.u1380 (gen_and2).
Mapping positional arguments of cell mul24_mac_replay_candidate.u1379 (gen_and2).
Mapping positional arguments of cell mul24_mac_replay_candidate.u1378 (gen_and2).
Mapping positional arguments of cell mul24_mac_replay_candidate.u1377 (gen_and2).
Mapping positional arguments of cell mul24_mac_replay_candidate.u1376 (gen_and2).
Mapping positional arguments of cell mul24_mac_replay_candidate.u1375 (gen_and2).
Mapping positional arguments of cell mul24_mac_replay_candidate.u1374 (gen_and2).
Mapping positional arguments of cell mul24_mac_replay_candidate.u1373 (gen_and2).
Mapping positional arguments of cell mul24_mac_replay_candidate.u1372 (gen_and2).
Mapping positional arguments of cell mul24_mac_replay_candidate.u1371 (gen_and2).
Mapping positional arguments of cell mul24_mac_replay_candidate.u1370 (gen_and2).
Mapping positional arguments of cell mul24_mac_replay_candidate.u1369 (gen_and2).
Mapping positional arguments of cell mul24_mac_replay_candidate.u1368 (gen_and2).
Mapping positional arguments of cell mul24_mac_replay_candidate.u1367 (gen_and2).
Mapping positional arguments of cell mul24_mac_replay_candidate.u1366 (gen_and2).
Mapping positional arguments of cell mul24_mac_replay_candidate.u1365 (gen_and2).
Mapping positional arguments of cell mul24_mac_replay_candidate.u1364 (gen_and2).
Mapping positional arguments of cell mul24_mac_replay_candidate.u1363 (gen_and2).
Mapping positional arguments of cell mul24_mac_replay_candidate.u1362 (gen_and2).
Mapping positional arguments of cell mul24_mac_replay_candidate.u1361 (gen_and2).
Mapping positional arguments of cell mul24_mac_replay_candidate.u1360 (gen_and2).
Mapping positional arguments of cell mul24_mac_replay_candidate.u1359 (gen_xor2).
Mapping positional arguments of cell mul24_mac_replay_candidate.u1358 (gen_xor2).
Mapping positional arguments of cell mul24_mac_replay_candidate.u1357 (gen_xor2).
Mapping positional arguments of cell mul24_mac_replay_candidate.u1356 (gen_xor2).
Mapping positional arguments of cell mul24_mac_replay_candidate.u1355 (gen_xor2).
Mapping positional arguments of cell mul24_mac_replay_candidate.u1354 (gen_xor2).
Mapping positional arguments of cell mul24_mac_replay_candidate.u1353 (gen_xor2).
Mapping positional arguments of cell mul24_mac_replay_candidate.u1352 (gen_xor2).
Mapping positional arguments of cell mul24_mac_replay_candidate.u1351 (gen_xor2).
Mapping positional arguments of cell mul24_mac_replay_candidate.u1350 (gen_xor2).
Mapping positional arguments of cell mul24_mac_replay_candidate.u1349 (gen_xor2).
Mapping positional arguments of cell mul24_mac_replay_candidate.u1348 (gen_xor2).
Mapping positional arguments of cell mul24_mac_replay_candidate.u1347 (gen_xor2).
Mapping positional arguments of cell mul24_mac_replay_candidate.u1346 (gen_xor2).
Mapping positional arguments of cell mul24_mac_replay_candidate.u1345 (gen_xor2).
Mapping positional arguments of cell mul24_mac_replay_candidate.u1344 (gen_xor2).
Mapping positional arguments of cell mul24_mac_replay_candidate.u1343 (gen_xor2).
Mapping positional arguments of cell mul24_mac_replay_candidate.u1342 (gen_xor2).
Mapping positional arguments of cell mul24_mac_replay_candidate.u1341 (gen_xor2).
Mapping positional arguments of cell mul24_mac_replay_candidate.u1340 (gen_xor2).
Mapping positional arguments of cell mul24_mac_replay_candidate.u1339 (gen_xor2).
Mapping positional arguments of cell mul24_mac_replay_candidate.u1338 (gen_xor2).
Mapping positional arguments of cell mul24_mac_replay_candidate.u1337 (gen_xor2).
Mapping positional arguments of cell mul24_mac_replay_candidate.u1336 (gen_xor2).
Mapping positional arguments of cell mul24_mac_replay_candidate.u1335 (gen_xor2).
Mapping positional arguments of cell mul24_mac_replay_candidate.u1334 (gen_xor2).
Mapping positional arguments of cell mul24_mac_replay_candidate.u1333 (gen_xor2).
Mapping positional arguments of cell mul24_mac_replay_candidate.u1332 (gen_xor2).
Mapping positional arguments of cell mul24_mac_replay_candidate.u1331 (gen_xor2).
Mapping positional arguments of cell mul24_mac_replay_candidate.u1330 (gen_xor2).
Mapping positional arguments of cell mul24_mac_replay_candidate.u1329 (gen_xor2).
Mapping positional arguments of cell mul24_mac_replay_candidate.u1328 (gen_xor2).
Mapping positional arguments of cell mul24_mac_replay_candidate.u1327 (gen_xor2).
Mapping positional arguments of cell mul24_mac_replay_candidate.u1326 (gen_xor2).
Mapping positional arguments of cell mul24_mac_replay_candidate.u1325 (gen_xor2).
Mapping positional arguments of cell mul24_mac_replay_candidate.u1324 (gen_xor2).
Mapping positional arguments of cell mul24_mac_replay_candidate.u1323 (gen_xor2).
Mapping positional arguments of cell mul24_mac_replay_candidate.u1322 (gen_xor2).
Mapping positional arguments of cell mul24_mac_replay_candidate.u1321 (gen_xor2).
Mapping positional arguments of cell mul24_mac_replay_candidate.u1320 (gen_xor2).
Mapping positional arguments of cell mul24_mac_replay_candidate.u1319 (gen_xor2).
Mapping positional arguments of cell mul24_mac_replay_candidate.u1318 (gen_xor2).
Mapping positional arguments of cell mul24_mac_replay_candidate.u1317 (gen_xor2).
Mapping positional arguments of cell mul24_mac_replay_candidate.u1316 (gen_xor2).
Mapping positional arguments of cell mul24_mac_replay_candidate.u1315 (gen_xor2).
Mapping positional arguments of cell mul24_mac_replay_candidate.u1314 (gen_xor2).
Mapping positional arguments of cell mul24_mac_replay_candidate.u1313 (gen_xor2).
Mapping positional arguments of cell mul24_mac_replay_candidate.u1312 (gen_xor2).
Mapping positional arguments of cell mul24_mac_replay_candidate.u1311 (gen_gray).
Mapping positional arguments of cell mul24_mac_replay_candidate.u1310 (gen_gray).
Mapping positional arguments of cell mul24_mac_replay_candidate.u1309 (gen_gray).
Mapping positional arguments of cell mul24_mac_replay_candidate.u1308 (gen_gray).
Mapping positional arguments of cell mul24_mac_replay_candidate.u1307 (gen_gray).
Mapping positional arguments of cell mul24_mac_replay_candidate.u1306 (gen_gray).
Mapping positional arguments of cell mul24_mac_replay_candidate.u1305 (gen_gray).
Mapping positional arguments of cell mul24_mac_replay_candidate.u1304 (gen_gray).
Mapping positional arguments of cell mul24_mac_replay_candidate.u1303 (gen_gray).
Mapping positional arguments of cell mul24_mac_replay_candidate.u1302 (gen_gray).
Mapping positional arguments of cell mul24_mac_replay_candidate.u1301 (gen_gray).
Mapping positional arguments of cell mul24_mac_replay_candidate.u1300 (gen_gray).
Mapping positional arguments of cell mul24_mac_replay_candidate.u1299 (gen_gray).
Mapping positional arguments of cell mul24_mac_replay_candidate.u1298 (gen_gray).
Mapping positional arguments of cell mul24_mac_replay_candidate.u1297 (gen_gray).
Mapping positional arguments of cell mul24_mac_replay_candidate.u1296 (gen_gray).
Mapping positional arguments of cell mul24_mac_replay_candidate.u1295 (gen_gray).
Mapping positional arguments of cell mul24_mac_replay_candidate.u1294 (gen_gray).
Mapping positional arguments of cell mul24_mac_replay_candidate.u1293 (gen_gray).
Mapping positional arguments of cell mul24_mac_replay_candidate.u1292 (gen_gray).
Mapping positional arguments of cell mul24_mac_replay_candidate.u1291 (gen_gray).
Mapping positional arguments of cell mul24_mac_replay_candidate.u1290 (gen_gray).
Mapping positional arguments of cell mul24_mac_replay_candidate.u1289 (gen_gray).
Mapping positional arguments of cell mul24_mac_replay_candidate.u1288 (gen_gray).
Mapping positional arguments of cell mul24_mac_replay_candidate.u1287 (gen_gray).
Mapping positional arguments of cell mul24_mac_replay_candidate.u1286 (gen_gray).
Mapping positional arguments of cell mul24_mac_replay_candidate.u1285 (gen_gray).
Mapping positional arguments of cell mul24_mac_replay_candidate.u1284 (gen_gray).
Mapping positional arguments of cell mul24_mac_replay_candidate.u1283 (gen_gray).
Mapping positional arguments of cell mul24_mac_replay_candidate.u1282 (gen_gray).
Mapping positional arguments of cell mul24_mac_replay_candidate.u1281 (gen_gray).
Mapping positional arguments of cell mul24_mac_replay_candidate.u1280 (gen_gray).
Mapping positional arguments of cell mul24_mac_replay_candidate.u1279 (gen_black).
Mapping positional arguments of cell mul24_mac_replay_candidate.u1278 (gen_black).
Mapping positional arguments of cell mul24_mac_replay_candidate.u1277 (gen_black).
Mapping positional arguments of cell mul24_mac_replay_candidate.u1276 (gen_black).
Mapping positional arguments of cell mul24_mac_replay_candidate.u1275 (gen_black).
Mapping positional arguments of cell mul24_mac_replay_candidate.u1274 (gen_black).
Mapping positional arguments of cell mul24_mac_replay_candidate.u1273 (gen_black).
Mapping positional arguments of cell mul24_mac_replay_candidate.u1272 (gen_black).
Mapping positional arguments of cell mul24_mac_replay_candidate.u1271 (gen_black).
Mapping positional arguments of cell mul24_mac_replay_candidate.u1270 (gen_black).
Mapping positional arguments of cell mul24_mac_replay_candidate.u1269 (gen_black).
Mapping positional arguments of cell mul24_mac_replay_candidate.u1268 (gen_black).
Mapping positional arguments of cell mul24_mac_replay_candidate.u1267 (gen_black).
Mapping positional arguments of cell mul24_mac_replay_candidate.u1266 (gen_black).
Mapping positional arguments of cell mul24_mac_replay_candidate.u1265 (gen_black).
Mapping positional arguments of cell mul24_mac_replay_candidate.u1264 (gen_black).
Mapping positional arguments of cell mul24_mac_replay_candidate.u1263 (gen_gray).
Mapping positional arguments of cell mul24_mac_replay_candidate.u1262 (gen_gray).
Mapping positional arguments of cell mul24_mac_replay_candidate.u1261 (gen_gray).
Mapping positional arguments of cell mul24_mac_replay_candidate.u1260 (gen_gray).
Mapping positional arguments of cell mul24_mac_replay_candidate.u1259 (gen_gray).
Mapping positional arguments of cell mul24_mac_replay_candidate.u1258 (gen_gray).
Mapping positional arguments of cell mul24_mac_replay_candidate.u1257 (gen_gray).
Mapping positional arguments of cell mul24_mac_replay_candidate.u1256 (gen_gray).
Mapping positional arguments of cell mul24_mac_replay_candidate.u1255 (gen_black).
Mapping positional arguments of cell mul24_mac_replay_candidate.u1254 (gen_black).
Mapping positional arguments of cell mul24_mac_replay_candidate.u1253 (gen_black).
Mapping positional arguments of cell mul24_mac_replay_candidate.u1252 (gen_black).
Mapping positional arguments of cell mul24_mac_replay_candidate.u1251 (gen_black).
Mapping positional arguments of cell mul24_mac_replay_candidate.u1250 (gen_black).
Mapping positional arguments of cell mul24_mac_replay_candidate.u1249 (gen_black).
Mapping positional arguments of cell mul24_mac_replay_candidate.u1248 (gen_black).
Mapping positional arguments of cell mul24_mac_replay_candidate.u1247 (gen_black).
Mapping positional arguments of cell mul24_mac_replay_candidate.u1246 (gen_black).
Mapping positional arguments of cell mul24_mac_replay_candidate.u1245 (gen_black).
Mapping positional arguments of cell mul24_mac_replay_candidate.u1244 (gen_black).
Mapping positional arguments of cell mul24_mac_replay_candidate.u1243 (gen_black).
Mapping positional arguments of cell mul24_mac_replay_candidate.u1242 (gen_black).
Mapping positional arguments of cell mul24_mac_replay_candidate.u1241 (gen_black).
Mapping positional arguments of cell mul24_mac_replay_candidate.u1240 (gen_black).
Mapping positional arguments of cell mul24_mac_replay_candidate.u1239 (gen_black).
Mapping positional arguments of cell mul24_mac_replay_candidate.u1238 (gen_black).
Mapping positional arguments of cell mul24_mac_replay_candidate.u1237 (gen_black).
Mapping positional arguments of cell mul24_mac_replay_candidate.u1236 (gen_black).
Mapping positional arguments of cell mul24_mac_replay_candidate.u1235 (gen_gray).
Mapping positional arguments of cell mul24_mac_replay_candidate.u1234 (gen_gray).
Mapping positional arguments of cell mul24_mac_replay_candidate.u1233 (gen_gray).
Mapping positional arguments of cell mul24_mac_replay_candidate.u1232 (gen_gray).
Mapping positional arguments of cell mul24_mac_replay_candidate.u1231 (gen_black).
Mapping positional arguments of cell mul24_mac_replay_candidate.u1230 (gen_black).
Mapping positional arguments of cell mul24_mac_replay_candidate.u1229 (gen_black).
Mapping positional arguments of cell mul24_mac_replay_candidate.u1228 (gen_black).
Mapping positional arguments of cell mul24_mac_replay_candidate.u1227 (gen_black).
Mapping positional arguments of cell mul24_mac_replay_candidate.u1226 (gen_black).
Mapping positional arguments of cell mul24_mac_replay_candidate.u1225 (gen_black).
Mapping positional arguments of cell mul24_mac_replay_candidate.u1224 (gen_black).
Mapping positional arguments of cell mul24_mac_replay_candidate.u1223 (gen_black).
Mapping positional arguments of cell mul24_mac_replay_candidate.u1222 (gen_black).
Mapping positional arguments of cell mul24_mac_replay_candidate.u1221 (gen_black).
Mapping positional arguments of cell mul24_mac_replay_candidate.u1220 (gen_black).
Mapping positional arguments of cell mul24_mac_replay_candidate.u1219 (gen_black).
Mapping positional arguments of cell mul24_mac_replay_candidate.u1218 (gen_black).
Mapping positional arguments of cell mul24_mac_replay_candidate.u1217 (gen_black).
Mapping positional arguments of cell mul24_mac_replay_candidate.u1216 (gen_black).
Mapping positional arguments of cell mul24_mac_replay_candidate.u1215 (gen_black).
Mapping positional arguments of cell mul24_mac_replay_candidate.u1214 (gen_black).
Mapping positional arguments of cell mul24_mac_replay_candidate.u1213 (gen_black).
Mapping positional arguments of cell mul24_mac_replay_candidate.u1212 (gen_black).
Mapping positional arguments of cell mul24_mac_replay_candidate.u1211 (gen_black).
Mapping positional arguments of cell mul24_mac_replay_candidate.u1210 (gen_black).
Mapping positional arguments of cell mul24_mac_replay_candidate.u1209 (gen_gray).
Mapping positional arguments of cell mul24_mac_replay_candidate.u1208 (gen_gray).
Mapping positional arguments of cell mul24_mac_replay_candidate.u1207 (gen_black).
Mapping positional arguments of cell mul24_mac_replay_candidate.u1206 (gen_black).
Mapping positional arguments of cell mul24_mac_replay_candidate.u1205 (gen_black).
Mapping positional arguments of cell mul24_mac_replay_candidate.u1204 (gen_black).
Mapping positional arguments of cell mul24_mac_replay_candidate.u1203 (gen_black).
Mapping positional arguments of cell mul24_mac_replay_candidate.u1202 (gen_black).
Mapping positional arguments of cell mul24_mac_replay_candidate.u1201 (gen_black).
Mapping positional arguments of cell mul24_mac_replay_candidate.u1200 (gen_black).
Mapping positional arguments of cell mul24_mac_replay_candidate.u1199 (gen_black).
Mapping positional arguments of cell mul24_mac_replay_candidate.u1198 (gen_black).
Mapping positional arguments of cell mul24_mac_replay_candidate.u1197 (gen_black).
Mapping positional arguments of cell mul24_mac_replay_candidate.u1196 (gen_black).
Mapping positional arguments of cell mul24_mac_replay_candidate.u1195 (gen_black).
Mapping positional arguments of cell mul24_mac_replay_candidate.u1194 (gen_black).
Mapping positional arguments of cell mul24_mac_replay_candidate.u1193 (gen_black).
Mapping positional arguments of cell mul24_mac_replay_candidate.u1192 (gen_black).
Mapping positional arguments of cell mul24_mac_replay_candidate.u1191 (gen_black).
Mapping positional arguments of cell mul24_mac_replay_candidate.u1190 (gen_black).
Mapping positional arguments of cell mul24_mac_replay_candidate.u1189 (gen_black).
Mapping positional arguments of cell mul24_mac_replay_candidate.u1188 (gen_black).
Mapping positional arguments of cell mul24_mac_replay_candidate.u1187 (gen_black).
Mapping positional arguments of cell mul24_mac_replay_candidate.u1186 (gen_black).
Mapping positional arguments of cell mul24_mac_replay_candidate.u1185 (gen_black).
Mapping positional arguments of cell mul24_mac_replay_candidate.u1184 (gen_gray).
Mapping positional arguments of cell mul24_mac_replay_candidate.u1183 (gen_pg).
Mapping positional arguments of cell mul24_mac_replay_candidate.u1182 (gen_pg).
Mapping positional arguments of cell mul24_mac_replay_candidate.u1181 (gen_pg).
Mapping positional arguments of cell mul24_mac_replay_candidate.u1180 (gen_pg).
Mapping positional arguments of cell mul24_mac_replay_candidate.u1179 (gen_pg).
Mapping positional arguments of cell mul24_mac_replay_candidate.u1178 (gen_pg).
Mapping positional arguments of cell mul24_mac_replay_candidate.u1177 (gen_pg).
Mapping positional arguments of cell mul24_mac_replay_candidate.u1176 (gen_pg).
Mapping positional arguments of cell mul24_mac_replay_candidate.u1175 (gen_pg).
Mapping positional arguments of cell mul24_mac_replay_candidate.u1174 (gen_pg).
Mapping positional arguments of cell mul24_mac_replay_candidate.u1173 (gen_pg).
Mapping positional arguments of cell mul24_mac_replay_candidate.u1172 (gen_pg).
Mapping positional arguments of cell mul24_mac_replay_candidate.u1171 (gen_pg).
Mapping positional arguments of cell mul24_mac_replay_candidate.u1170 (gen_pg).
Mapping positional arguments of cell mul24_mac_replay_candidate.u1169 (gen_pg).
Mapping positional arguments of cell mul24_mac_replay_candidate.u1168 (gen_pg).
Mapping positional arguments of cell mul24_mac_replay_candidate.u1167 (gen_pg).
Mapping positional arguments of cell mul24_mac_replay_candidate.u1166 (gen_pg).
Mapping positional arguments of cell mul24_mac_replay_candidate.u1165 (gen_pg).
Mapping positional arguments of cell mul24_mac_replay_candidate.u1164 (gen_pg).
Mapping positional arguments of cell mul24_mac_replay_candidate.u1163 (gen_pg).
Mapping positional arguments of cell mul24_mac_replay_candidate.u1162 (gen_pg).
Mapping positional arguments of cell mul24_mac_replay_candidate.u1161 (gen_pg).
Mapping positional arguments of cell mul24_mac_replay_candidate.u1160 (gen_pg).
Mapping positional arguments of cell mul24_mac_replay_candidate.u1159 (gen_pg).
Mapping positional arguments of cell mul24_mac_replay_candidate.u1158 (gen_pg).
Mapping positional arguments of cell mul24_mac_replay_candidate.u1157 (gen_pg).
Mapping positional arguments of cell mul24_mac_replay_candidate.u1156 (gen_pg).
Mapping positional arguments of cell mul24_mac_replay_candidate.u1155 (gen_pg).
Mapping positional arguments of cell mul24_mac_replay_candidate.u1154 (gen_pg).
Mapping positional arguments of cell mul24_mac_replay_candidate.u1153 (gen_pg).
Mapping positional arguments of cell mul24_mac_replay_candidate.u1152 (gen_pg).
Mapping positional arguments of cell mul24_mac_replay_candidate.u1151 (gen_pg).
Mapping positional arguments of cell mul24_mac_replay_candidate.u1150 (gen_pg).
Mapping positional arguments of cell mul24_mac_replay_candidate.u1149 (gen_pg).
Mapping positional arguments of cell mul24_mac_replay_candidate.u1148 (gen_pg).
Mapping positional arguments of cell mul24_mac_replay_candidate.u1147 (gen_pg).
Mapping positional arguments of cell mul24_mac_replay_candidate.u1146 (gen_pg).
Mapping positional arguments of cell mul24_mac_replay_candidate.u1145 (gen_pg).
Mapping positional arguments of cell mul24_mac_replay_candidate.u1144 (gen_pg).
Mapping positional arguments of cell mul24_mac_replay_candidate.u1143 (gen_pg).
Mapping positional arguments of cell mul24_mac_replay_candidate.u1142 (gen_pg).
Mapping positional arguments of cell mul24_mac_replay_candidate.u1141 (gen_pg).
Mapping positional arguments of cell mul24_mac_replay_candidate.u1140 (gen_pg).
Mapping positional arguments of cell mul24_mac_replay_candidate.u1139 (gen_pg).
Mapping positional arguments of cell mul24_mac_replay_candidate.u1138 (gen_pg).
Mapping positional arguments of cell mul24_mac_replay_candidate.u1137 (gen_pg).
Mapping positional arguments of cell mul24_mac_replay_candidate.u1136 (gen_pg).
Mapping positional arguments of cell mul24_mac_replay_candidate.u1135 (gen_ha).
Mapping positional arguments of cell mul24_mac_replay_candidate.u1134 (gen_famux).
Mapping positional arguments of cell mul24_mac_replay_candidate.u1133 (gen_famux).
Mapping positional arguments of cell mul24_mac_replay_candidate.u1132 (gen_famux).
Mapping positional arguments of cell mul24_mac_replay_candidate.u1131 (gen_famux).
Mapping positional arguments of cell mul24_mac_replay_candidate.u1130 (gen_famux).
Mapping positional arguments of cell mul24_mac_replay_candidate.u1129 (gen_famux).
Mapping positional arguments of cell mul24_mac_replay_candidate.u1128 (gen_famux).
Mapping positional arguments of cell mul24_mac_replay_candidate.u1127 (gen_famux).
Mapping positional arguments of cell mul24_mac_replay_candidate.u1126 (gen_famux).
Mapping positional arguments of cell mul24_mac_replay_candidate.u1125 (gen_famux).
Mapping positional arguments of cell mul24_mac_replay_candidate.u1124 (gen_famux).
Mapping positional arguments of cell mul24_mac_replay_candidate.u1123 (gen_famux).
Mapping positional arguments of cell mul24_mac_replay_candidate.u1122 (gen_famux).
Mapping positional arguments of cell mul24_mac_replay_candidate.u1121 (gen_famux).
Mapping positional arguments of cell mul24_mac_replay_candidate.u1120 (gen_famux).
Mapping positional arguments of cell mul24_mac_replay_candidate.u1119 (gen_famux).
Mapping positional arguments of cell mul24_mac_replay_candidate.u1118 (gen_famux).
Mapping positional arguments of cell mul24_mac_replay_candidate.u1117 (gen_famux).
Mapping positional arguments of cell mul24_mac_replay_candidate.u1116 (gen_famux).
Mapping positional arguments of cell mul24_mac_replay_candidate.u1115 (gen_famux).
Mapping positional arguments of cell mul24_mac_replay_candidate.u1114 (gen_famux).
Mapping positional arguments of cell mul24_mac_replay_candidate.u1113 (gen_famux).
Mapping positional arguments of cell mul24_mac_replay_candidate.u1112 (gen_famux).
Mapping positional arguments of cell mul24_mac_replay_candidate.u1111 (gen_famux).
Mapping positional arguments of cell mul24_mac_replay_candidate.u1110 (gen_famux).
Mapping positional arguments of cell mul24_mac_replay_candidate.u1109 (gen_famux).
Mapping positional arguments of cell mul24_mac_replay_candidate.u1108 (gen_famux).
Mapping positional arguments of cell mul24_mac_replay_candidate.u1107 (gen_famux).
Mapping positional arguments of cell mul24_mac_replay_candidate.u1106 (gen_famux).
Mapping positional arguments of cell mul24_mac_replay_candidate.u1105 (gen_famux).
Mapping positional arguments of cell mul24_mac_replay_candidate.u1104 (gen_famux).
Mapping positional arguments of cell mul24_mac_replay_candidate.u1103 (gen_famux).
Mapping positional arguments of cell mul24_mac_replay_candidate.u1102 (gen_famux).
Mapping positional arguments of cell mul24_mac_replay_candidate.u1101 (gen_famux).
Mapping positional arguments of cell mul24_mac_replay_candidate.u1100 (gen_famux).
Mapping positional arguments of cell mul24_mac_replay_candidate.u1099 (gen_famux).
Mapping positional arguments of cell mul24_mac_replay_candidate.u1098 (gen_famux).
Mapping positional arguments of cell mul24_mac_replay_candidate.u1097 (gen_famux).
Mapping positional arguments of cell mul24_mac_replay_candidate.u1096 (gen_famux).
Mapping positional arguments of cell mul24_mac_replay_candidate.u1095 (gen_famux).
Mapping positional arguments of cell mul24_mac_replay_candidate.u1094 (gen_famux).
Mapping positional arguments of cell mul24_mac_replay_candidate.u1093 (gen_famux).
Mapping positional arguments of cell mul24_mac_replay_candidate.u1092 (gen_famux).
Mapping positional arguments of cell mul24_mac_replay_candidate.u1091 (gen_famux).
Mapping positional arguments of cell mul24_mac_replay_candidate.u1090 (gen_famux).
Mapping positional arguments of cell mul24_mac_replay_candidate.u1089 (gen_ha).
Mapping positional arguments of cell mul24_mac_replay_candidate.u1088 (gen_ha).
Mapping positional arguments of cell mul24_mac_replay_candidate.u1087 (gen_famux).
Mapping positional arguments of cell mul24_mac_replay_candidate.u1086 (gen_famux).
Mapping positional arguments of cell mul24_mac_replay_candidate.u1085 (gen_famux).
Mapping positional arguments of cell mul24_mac_replay_candidate.u1084 (gen_famux).
Mapping positional arguments of cell mul24_mac_replay_candidate.u1083 (gen_famux).
Mapping positional arguments of cell mul24_mac_replay_candidate.u1082 (gen_famux).
Mapping positional arguments of cell mul24_mac_replay_candidate.u1081 (gen_famux).
Mapping positional arguments of cell mul24_mac_replay_candidate.u1080 (gen_famux).
Mapping positional arguments of cell mul24_mac_replay_candidate.u1079 (gen_famux).
Mapping positional arguments of cell mul24_mac_replay_candidate.u1078 (gen_famux).
Mapping positional arguments of cell mul24_mac_replay_candidate.u1077 (gen_famux).
Mapping positional arguments of cell mul24_mac_replay_candidate.u1076 (gen_famux).
Mapping positional arguments of cell mul24_mac_replay_candidate.u1075 (gen_famux).
Mapping positional arguments of cell mul24_mac_replay_candidate.u1074 (gen_famux).
Mapping positional arguments of cell mul24_mac_replay_candidate.u1073 (gen_famux).
Mapping positional arguments of cell mul24_mac_replay_candidate.u1072 (gen_famux).
Mapping positional arguments of cell mul24_mac_replay_candidate.u1071 (gen_famux).
Mapping positional arguments of cell mul24_mac_replay_candidate.u1070 (gen_famux).
Mapping positional arguments of cell mul24_mac_replay_candidate.u1069 (gen_famux).
Mapping positional arguments of cell mul24_mac_replay_candidate.u1068 (gen_famux).
Mapping positional arguments of cell mul24_mac_replay_candidate.u1067 (gen_famux).
Mapping positional arguments of cell mul24_mac_replay_candidate.u1066 (gen_famux).
Mapping positional arguments of cell mul24_mac_replay_candidate.u1065 (gen_famux).
Mapping positional arguments of cell mul24_mac_replay_candidate.u1064 (gen_famux).
Mapping positional arguments of cell mul24_mac_replay_candidate.u1063 (gen_famux).
Mapping positional arguments of cell mul24_mac_replay_candidate.u1062 (gen_famux).
Mapping positional arguments of cell mul24_mac_replay_candidate.u1061 (gen_famux).
Mapping positional arguments of cell mul24_mac_replay_candidate.u1060 (gen_famux).
Mapping positional arguments of cell mul24_mac_replay_candidate.u1059 (gen_famux).
Mapping positional arguments of cell mul24_mac_replay_candidate.u1058 (gen_famux).
Mapping positional arguments of cell mul24_mac_replay_candidate.u1057 (gen_famux).
Mapping positional arguments of cell mul24_mac_replay_candidate.u1056 (gen_famux).
Mapping positional arguments of cell mul24_mac_replay_candidate.u1055 (gen_famux).
Mapping positional arguments of cell mul24_mac_replay_candidate.u1054 (gen_famux).
Mapping positional arguments of cell mul24_mac_replay_candidate.u1053 (gen_famux).
Mapping positional arguments of cell mul24_mac_replay_candidate.u1052 (gen_famux).
Mapping positional arguments of cell mul24_mac_replay_candidate.u1051 (gen_famux).
Mapping positional arguments of cell mul24_mac_replay_candidate.u1050 (gen_famux).
Mapping positional arguments of cell mul24_mac_replay_candidate.u1049 (gen_famux).
Mapping positional arguments of cell mul24_mac_replay_candidate.u1048 (gen_famux).
Mapping positional arguments of cell mul24_mac_replay_candidate.u1047 (gen_famux).
Mapping positional arguments of cell mul24_mac_replay_candidate.u1046 (gen_famux).
Mapping positional arguments of cell mul24_mac_replay_candidate.u1045 (gen_famux).
Mapping positional arguments of cell mul24_mac_replay_candidate.u1044 (gen_ha).
Mapping positional arguments of cell mul24_mac_replay_candidate.u1043 (gen_ha).
Mapping positional arguments of cell mul24_mac_replay_candidate.u1042 (gen_ha).
Mapping positional arguments of cell mul24_mac_replay_candidate.u1041 (gen_famux).
Mapping positional arguments of cell mul24_mac_replay_candidate.u1040 (gen_famux).
Mapping positional arguments of cell mul24_mac_replay_candidate.u1039 (gen_famux).
Mapping positional arguments of cell mul24_mac_replay_candidate.u1038 (gen_famux).
Mapping positional arguments of cell mul24_mac_replay_candidate.u1037 (gen_famux).
Mapping positional arguments of cell mul24_mac_replay_candidate.u1036 (gen_famux).
Mapping positional arguments of cell mul24_mac_replay_candidate.u1035 (gen_famux).
Mapping positional arguments of cell mul24_mac_replay_candidate.u1034 (gen_ha).
Mapping positional arguments of cell mul24_mac_replay_candidate.u1033 (gen_famux).
Mapping positional arguments of cell mul24_mac_replay_candidate.u1032 (gen_famux).
Mapping positional arguments of cell mul24_mac_replay_candidate.u1031 (gen_famux).
Mapping positional arguments of cell mul24_mac_replay_candidate.u1030 (gen_famux).
Mapping positional arguments of cell mul24_mac_replay_candidate.u1029 (gen_famux).
Mapping positional arguments of cell mul24_mac_replay_candidate.u1028 (gen_famux).
Mapping positional arguments of cell mul24_mac_replay_candidate.u1027 (gen_famux).
Mapping positional arguments of cell mul24_mac_replay_candidate.u1026 (gen_famux).
Mapping positional arguments of cell mul24_mac_replay_candidate.u1025 (gen_famux).
Mapping positional arguments of cell mul24_mac_replay_candidate.u1024 (gen_famux).
Mapping positional arguments of cell mul24_mac_replay_candidate.u1023 (gen_famux).
Mapping positional arguments of cell mul24_mac_replay_candidate.u1022 (gen_famux).
Mapping positional arguments of cell mul24_mac_replay_candidate.u1021 (gen_famux).
Mapping positional arguments of cell mul24_mac_replay_candidate.u1020 (gen_famux).
Mapping positional arguments of cell mul24_mac_replay_candidate.u1019 (gen_famux).
Mapping positional arguments of cell mul24_mac_replay_candidate.u1018 (gen_famux).
Mapping positional arguments of cell mul24_mac_replay_candidate.u1017 (gen_famux).
Mapping positional arguments of cell mul24_mac_replay_candidate.u1016 (gen_famux).
Mapping positional arguments of cell mul24_mac_replay_candidate.u1015 (gen_famux).
Mapping positional arguments of cell mul24_mac_replay_candidate.u1014 (gen_famux).
Mapping positional arguments of cell mul24_mac_replay_candidate.u1013 (gen_famux).
Mapping positional arguments of cell mul24_mac_replay_candidate.u1012 (gen_famux).
Mapping positional arguments of cell mul24_mac_replay_candidate.u1011 (gen_famux).
Mapping positional arguments of cell mul24_mac_replay_candidate.u1010 (gen_famux).
Mapping positional arguments of cell mul24_mac_replay_candidate.u1009 (gen_famux).
Mapping positional arguments of cell mul24_mac_replay_candidate.u1008 (gen_famux).
Mapping positional arguments of cell mul24_mac_replay_candidate.u1007 (gen_famux).
Mapping positional arguments of cell mul24_mac_replay_candidate.u1006 (gen_famux).
Mapping positional arguments of cell mul24_mac_replay_candidate.u1005 (gen_famux).
Mapping positional arguments of cell mul24_mac_replay_candidate.u1004 (gen_famux).
Mapping positional arguments of cell mul24_mac_replay_candidate.u1003 (gen_famux).
Mapping positional arguments of cell mul24_mac_replay_candidate.u1002 (gen_famux).
Mapping positional arguments of cell mul24_mac_replay_candidate.u1001 (gen_famux).
Mapping positional arguments of cell mul24_mac_replay_candidate.u1000 (gen_famux).
Mapping positional arguments of cell mul24_mac_replay_candidate.u999 (gen_famux).
Mapping positional arguments of cell mul24_mac_replay_candidate.u998 (gen_famux).
Mapping positional arguments of cell mul24_mac_replay_candidate.u997 (gen_famux).
Mapping positional arguments of cell mul24_mac_replay_candidate.u996 (gen_famux).
Mapping positional arguments of cell mul24_mac_replay_candidate.u995 (gen_famux).
Mapping positional arguments of cell mul24_mac_replay_candidate.u994 (gen_famux).
Mapping positional arguments of cell mul24_mac_replay_candidate.u993 (gen_famux).
Mapping positional arguments of cell mul24_mac_replay_candidate.u992 (gen_famux).
Mapping positional arguments of cell mul24_mac_replay_candidate.u991 (gen_famux).
Mapping positional arguments of cell mul24_mac_replay_candidate.u990 (gen_famux).
Mapping positional arguments of cell mul24_mac_replay_candidate.u989 (gen_famux).
Mapping positional arguments of cell mul24_mac_replay_candidate.u988 (gen_famux).
Mapping positional arguments of cell mul24_mac_replay_candidate.u987 (gen_famux).
Mapping positional arguments of cell mul24_mac_replay_candidate.u986 (gen_famux).
Mapping positional arguments of cell mul24_mac_replay_candidate.u985 (gen_famux).
Mapping positional arguments of cell mul24_mac_replay_candidate.u984 (gen_famux).
Mapping positional arguments of cell mul24_mac_replay_candidate.u983 (gen_famux).
Mapping positional arguments of cell mul24_mac_replay_candidate.u982 (gen_famux).
Mapping positional arguments of cell mul24_mac_replay_candidate.u981 (gen_famux).
Mapping positional arguments of cell mul24_mac_replay_candidate.u980 (gen_famux).
Mapping positional arguments of cell mul24_mac_replay_candidate.u979 (gen_famux).
Mapping positional arguments of cell mul24_mac_replay_candidate.u978 (gen_famux).
Mapping positional arguments of cell mul24_mac_replay_candidate.u977 (gen_famux).
Mapping positional arguments of cell mul24_mac_replay_candidate.u976 (gen_famux).
Mapping positional arguments of cell mul24_mac_replay_candidate.u975 (gen_famux).
Mapping positional arguments of cell mul24_mac_replay_candidate.u974 (gen_famux).
Mapping positional arguments of cell mul24_mac_replay_candidate.u973 (gen_famux).
Mapping positional arguments of cell mul24_mac_replay_candidate.u972 (gen_famux).
Mapping positional arguments of cell mul24_mac_replay_candidate.u971 (gen_famux).
Mapping positional arguments of cell mul24_mac_replay_candidate.u970 (gen_famux).
Mapping positional arguments of cell mul24_mac_replay_candidate.u969 (gen_famux).
Mapping positional arguments of cell mul24_mac_replay_candidate.u968 (gen_famux).
Mapping positional arguments of cell mul24_mac_replay_candidate.u967 (gen_famux).
Mapping positional arguments of cell mul24_mac_replay_candidate.u966 (gen_famux).
Mapping positional arguments of cell mul24_mac_replay_candidate.u965 (gen_famux).
Mapping positional arguments of cell mul24_mac_replay_candidate.u964 (gen_famux).
Mapping positional arguments of cell mul24_mac_replay_candidate.u963 (gen_ha).
Mapping positional arguments of cell mul24_mac_replay_candidate.u962 (gen_famux).
Mapping positional arguments of cell mul24_mac_replay_candidate.u961 (gen_ha).
Mapping positional arguments of cell mul24_mac_replay_candidate.u960 (gen_ha).
Mapping positional arguments of cell mul24_mac_replay_candidate.u959 (gen_ha).
Mapping positional arguments of cell mul24_mac_replay_candidate.u958 (gen_famux).
Mapping positional arguments of cell mul24_mac_replay_candidate.u957 (gen_ha).
Mapping positional arguments of cell mul24_mac_replay_candidate.u956 (gen_famux).
Mapping positional arguments of cell mul24_mac_replay_candidate.u955 (gen_famux).
Mapping positional arguments of cell mul24_mac_replay_candidate.u954 (gen_ha).
Mapping positional arguments of cell mul24_mac_replay_candidate.u953 (gen_famux).
Mapping positional arguments of cell mul24_mac_replay_candidate.u952 (gen_famux).
Mapping positional arguments of cell mul24_mac_replay_candidate.u951 (gen_famux).
Mapping positional arguments of cell mul24_mac_replay_candidate.u950 (gen_famux).
Mapping positional arguments of cell mul24_mac_replay_candidate.u949 (gen_famux).
Mapping positional arguments of cell mul24_mac_replay_candidate.u948 (gen_famux).
Mapping positional arguments of cell mul24_mac_replay_candidate.u947 (gen_famux).
Mapping positional arguments of cell mul24_mac_replay_candidate.u946 (gen_famux).
Mapping positional arguments of cell mul24_mac_replay_candidate.u945 (gen_famux).
Mapping positional arguments of cell mul24_mac_replay_candidate.u944 (gen_famux).
Mapping positional arguments of cell mul24_mac_replay_candidate.u943 (gen_famux).
Mapping positional arguments of cell mul24_mac_replay_candidate.u942 (gen_famux).
Mapping positional arguments of cell mul24_mac_replay_candidate.u941 (gen_famux).
Mapping positional arguments of cell mul24_mac_replay_candidate.u940 (gen_famux).
Mapping positional arguments of cell mul24_mac_replay_candidate.u939 (gen_famux).
Mapping positional arguments of cell mul24_mac_replay_candidate.u938 (gen_famux).
Mapping positional arguments of cell mul24_mac_replay_candidate.u937 (gen_famux).
Mapping positional arguments of cell mul24_mac_replay_candidate.u936 (gen_famux).
Mapping positional arguments of cell mul24_mac_replay_candidate.u935 (gen_famux).
Mapping positional arguments of cell mul24_mac_replay_candidate.u934 (gen_famux).
Mapping positional arguments of cell mul24_mac_replay_candidate.u933 (gen_famux).
Mapping positional arguments of cell mul24_mac_replay_candidate.u932 (gen_famux).
Mapping positional arguments of cell mul24_mac_replay_candidate.u931 (gen_famux).
Mapping positional arguments of cell mul24_mac_replay_candidate.u930 (gen_famux).
Mapping positional arguments of cell mul24_mac_replay_candidate.u929 (gen_famux).
Mapping positional arguments of cell mul24_mac_replay_candidate.u928 (gen_famux).
Mapping positional arguments of cell mul24_mac_replay_candidate.u927 (gen_famux).
Mapping positional arguments of cell mul24_mac_replay_candidate.u926 (gen_famux).
Mapping positional arguments of cell mul24_mac_replay_candidate.u925 (gen_famux).
Mapping positional arguments of cell mul24_mac_replay_candidate.u924 (gen_famux).
Mapping positional arguments of cell mul24_mac_replay_candidate.u923 (gen_famux).
Mapping positional arguments of cell mul24_mac_replay_candidate.u922 (gen_famux).
Mapping positional arguments of cell mul24_mac_replay_candidate.u921 (gen_famux).
Mapping positional arguments of cell mul24_mac_replay_candidate.u920 (gen_famux).
Mapping positional arguments of cell mul24_mac_replay_candidate.u919 (gen_famux).
Mapping positional arguments of cell mul24_mac_replay_candidate.u918 (gen_famux).
Mapping positional arguments of cell mul24_mac_replay_candidate.u917 (gen_famux).
Mapping positional arguments of cell mul24_mac_replay_candidate.u916 (gen_famux).
Mapping positional arguments of cell mul24_mac_replay_candidate.u915 (gen_famux).
Mapping positional arguments of cell mul24_mac_replay_candidate.u914 (gen_famux).
Mapping positional arguments of cell mul24_mac_replay_candidate.u913 (gen_famux).
Mapping positional arguments of cell mul24_mac_replay_candidate.u912 (gen_famux).
Mapping positional arguments of cell mul24_mac_replay_candidate.u911 (gen_famux).
Mapping positional arguments of cell mul24_mac_replay_candidate.u910 (gen_famux).
Mapping positional arguments of cell mul24_mac_replay_candidate.u909 (gen_famux).
Mapping positional arguments of cell mul24_mac_replay_candidate.u908 (gen_famux).
Mapping positional arguments of cell mul24_mac_replay_candidate.u907 (gen_famux).
Mapping positional arguments of cell mul24_mac_replay_candidate.u906 (gen_famux).
Mapping positional arguments of cell mul24_mac_replay_candidate.u905 (gen_famux).
Mapping positional arguments of cell mul24_mac_replay_candidate.u904 (gen_famux).
Mapping positional arguments of cell mul24_mac_replay_candidate.u903 (gen_famux).
Mapping positional arguments of cell mul24_mac_replay_candidate.u902 (gen_famux).
Mapping positional arguments of cell mul24_mac_replay_candidate.u901 (gen_famux).
Mapping positional arguments of cell mul24_mac_replay_candidate.u900 (gen_famux).
Mapping positional arguments of cell mul24_mac_replay_candidate.u899 (gen_famux).
Mapping positional arguments of cell mul24_mac_replay_candidate.u898 (gen_famux).
Mapping positional arguments of cell mul24_mac_replay_candidate.u897 (gen_famux).
Mapping positional arguments of cell mul24_mac_replay_candidate.u896 (gen_famux).
Mapping positional arguments of cell mul24_mac_replay_candidate.u895 (gen_famux).
Mapping positional arguments of cell mul24_mac_replay_candidate.u894 (gen_famux).
Mapping positional arguments of cell mul24_mac_replay_candidate.u893 (gen_famux).
Mapping positional arguments of cell mul24_mac_replay_candidate.u892 (gen_famux).
Mapping positional arguments of cell mul24_mac_replay_candidate.u891 (gen_famux).
Mapping positional arguments of cell mul24_mac_replay_candidate.u890 (gen_famux).
Mapping positional arguments of cell mul24_mac_replay_candidate.u889 (gen_famux).
Mapping positional arguments of cell mul24_mac_replay_candidate.u888 (gen_famux).
Mapping positional arguments of cell mul24_mac_replay_candidate.u887 (gen_famux).
Mapping positional arguments of cell mul24_mac_replay_candidate.u886 (gen_famux).
Mapping positional arguments of cell mul24_mac_replay_candidate.u885 (gen_famux).
Mapping positional arguments of cell mul24_mac_replay_candidate.u884 (gen_famux).
Mapping positional arguments of cell mul24_mac_replay_candidate.u883 (gen_famux).
Mapping positional arguments of cell mul24_mac_replay_candidate.u882 (gen_famux).
Mapping positional arguments of cell mul24_mac_replay_candidate.u881 (gen_famux).
Mapping positional arguments of cell mul24_mac_replay_candidate.u880 (gen_famux).
Mapping positional arguments of cell mul24_mac_replay_candidate.u879 (gen_famux).
Mapping positional arguments of cell mul24_mac_replay_candidate.u878 (gen_famux).
Mapping positional arguments of cell mul24_mac_replay_candidate.u877 (gen_famux).
Mapping positional arguments of cell mul24_mac_replay_candidate.u876 (gen_famux).
Mapping positional arguments of cell mul24_mac_replay_candidate.u875 (gen_famux).
Mapping positional arguments of cell mul24_mac_replay_candidate.u874 (gen_famux).
Mapping positional arguments of cell mul24_mac_replay_candidate.u873 (gen_famux).
Mapping positional arguments of cell mul24_mac_replay_candidate.u872 (gen_famux).
Mapping positional arguments of cell mul24_mac_replay_candidate.u871 (gen_famux).
Mapping positional arguments of cell mul24_mac_replay_candidate.u870 (gen_famux).
Mapping positional arguments of cell mul24_mac_replay_candidate.u869 (gen_famux).
Mapping positional arguments of cell mul24_mac_replay_candidate.u868 (gen_famux).
Mapping positional arguments of cell mul24_mac_replay_candidate.u867 (gen_famux).
Mapping positional arguments of cell mul24_mac_replay_candidate.u866 (gen_famux).
Mapping positional arguments of cell mul24_mac_replay_candidate.u865 (gen_famux).
Mapping positional arguments of cell mul24_mac_replay_candidate.u864 (gen_famux).
Mapping positional arguments of cell mul24_mac_replay_candidate.u863 (gen_famux).
Mapping positional arguments of cell mul24_mac_replay_candidate.u862 (gen_famux).
Mapping positional arguments of cell mul24_mac_replay_candidate.u861 (gen_famux).
Mapping positional arguments of cell mul24_mac_replay_candidate.u860 (gen_famux).
Mapping positional arguments of cell mul24_mac_replay_candidate.u859 (gen_famux).
Mapping positional arguments of cell mul24_mac_replay_candidate.u858 (gen_famux).
Mapping positional arguments of cell mul24_mac_replay_candidate.u857 (gen_ha).
Mapping positional arguments of cell mul24_mac_replay_candidate.u856 (gen_famux).
Mapping positional arguments of cell mul24_mac_replay_candidate.u855 (gen_famux).
Mapping positional arguments of cell mul24_mac_replay_candidate.u854 (gen_ha).
Mapping positional arguments of cell mul24_mac_replay_candidate.u853 (gen_famux).
Mapping positional arguments of cell mul24_mac_replay_candidate.u852 (gen_ha).
Mapping positional arguments of cell mul24_mac_replay_candidate.u851 (gen_famux).
Mapping positional arguments of cell mul24_mac_replay_candidate.u850 (gen_famux).
Mapping positional arguments of cell mul24_mac_replay_candidate.u849 (gen_famux).
Mapping positional arguments of cell mul24_mac_replay_candidate.u848 (gen_famux).
Mapping positional arguments of cell mul24_mac_replay_candidate.u847 (gen_famux).
Mapping positional arguments of cell mul24_mac_replay_candidate.u846 (gen_famux).
Mapping positional arguments of cell mul24_mac_replay_candidate.u845 (gen_famux).
Mapping positional arguments of cell mul24_mac_replay_candidate.u844 (gen_famux).
Mapping positional arguments of cell mul24_mac_replay_candidate.u843 (gen_famux).
Mapping positional arguments of cell mul24_mac_replay_candidate.u842 (gen_famux).
Mapping positional arguments of cell mul24_mac_replay_candidate.u841 (gen_famux).
Mapping positional arguments of cell mul24_mac_replay_candidate.u840 (gen_famux).
Mapping positional arguments of cell mul24_mac_replay_candidate.u839 (gen_famux).
Mapping positional arguments of cell mul24_mac_replay_candidate.u838 (gen_famux).
Mapping positional arguments of cell mul24_mac_replay_candidate.u837 (gen_famux).
Mapping positional arguments of cell mul24_mac_replay_candidate.u836 (gen_famux).
Mapping positional arguments of cell mul24_mac_replay_candidate.u835 (gen_famux).
Mapping positional arguments of cell mul24_mac_replay_candidate.u834 (gen_famux).
Mapping positional arguments of cell mul24_mac_replay_candidate.u833 (gen_famux).
Mapping positional arguments of cell mul24_mac_replay_candidate.u832 (gen_famux).
Mapping positional arguments of cell mul24_mac_replay_candidate.u831 (gen_famux).
Mapping positional arguments of cell mul24_mac_replay_candidate.u830 (gen_famux).
Mapping positional arguments of cell mul24_mac_replay_candidate.u829 (gen_famux).
Mapping positional arguments of cell mul24_mac_replay_candidate.u828 (gen_famux).
Mapping positional arguments of cell mul24_mac_replay_candidate.u827 (gen_famux).
Mapping positional arguments of cell mul24_mac_replay_candidate.u826 (gen_famux).
Mapping positional arguments of cell mul24_mac_replay_candidate.u825 (gen_famux).
Mapping positional arguments of cell mul24_mac_replay_candidate.u824 (gen_famux).
Mapping positional arguments of cell mul24_mac_replay_candidate.u823 (gen_famux).
Mapping positional arguments of cell mul24_mac_replay_candidate.u822 (gen_famux).
Mapping positional arguments of cell mul24_mac_replay_candidate.u821 (gen_famux).
Mapping positional arguments of cell mul24_mac_replay_candidate.u820 (gen_famux).
Mapping positional arguments of cell mul24_mac_replay_candidate.u819 (gen_famux).
Mapping positional arguments of cell mul24_mac_replay_candidate.u818 (gen_famux).
Mapping positional arguments of cell mul24_mac_replay_candidate.u817 (gen_famux).
Mapping positional arguments of cell mul24_mac_replay_candidate.u816 (gen_famux).
Mapping positional arguments of cell mul24_mac_replay_candidate.u815 (gen_famux).
Mapping positional arguments of cell mul24_mac_replay_candidate.u814 (gen_famux).
Mapping positional arguments of cell mul24_mac_replay_candidate.u813 (gen_famux).
Mapping positional arguments of cell mul24_mac_replay_candidate.u812 (gen_famux).
Mapping positional arguments of cell mul24_mac_replay_candidate.u811 (gen_famux).
Mapping positional arguments of cell mul24_mac_replay_candidate.u810 (gen_famux).
Mapping positional arguments of cell mul24_mac_replay_candidate.u809 (gen_famux).
Mapping positional arguments of cell mul24_mac_replay_candidate.u808 (gen_famux).
Mapping positional arguments of cell mul24_mac_replay_candidate.u807 (gen_famux).
Mapping positional arguments of cell mul24_mac_replay_candidate.u806 (gen_famux).
Mapping positional arguments of cell mul24_mac_replay_candidate.u805 (gen_famux).
Mapping positional arguments of cell mul24_mac_replay_candidate.u804 (gen_famux).
Mapping positional arguments of cell mul24_mac_replay_candidate.u803 (gen_famux).
Mapping positional arguments of cell mul24_mac_replay_candidate.u802 (gen_famux).
Mapping positional arguments of cell mul24_mac_replay_candidate.u801 (gen_famux).
Mapping positional arguments of cell mul24_mac_replay_candidate.u800 (gen_famux).
Mapping positional arguments of cell mul24_mac_replay_candidate.u799 (gen_famux).
Mapping positional arguments of cell mul24_mac_replay_candidate.u798 (gen_famux).
Mapping positional arguments of cell mul24_mac_replay_candidate.u797 (gen_famux).
Mapping positional arguments of cell mul24_mac_replay_candidate.u796 (gen_famux).
Mapping positional arguments of cell mul24_mac_replay_candidate.u795 (gen_famux).
Mapping positional arguments of cell mul24_mac_replay_candidate.u794 (gen_famux).
Mapping positional arguments of cell mul24_mac_replay_candidate.u793 (gen_famux).
Mapping positional arguments of cell mul24_mac_replay_candidate.u792 (gen_famux).
Mapping positional arguments of cell mul24_mac_replay_candidate.u791 (gen_famux).
Mapping positional arguments of cell mul24_mac_replay_candidate.u790 (gen_famux).
Mapping positional arguments of cell mul24_mac_replay_candidate.u789 (gen_famux).
Mapping positional arguments of cell mul24_mac_replay_candidate.u788 (gen_famux).
Mapping positional arguments of cell mul24_mac_replay_candidate.u787 (gen_famux).
Mapping positional arguments of cell mul24_mac_replay_candidate.u786 (gen_famux).
Mapping positional arguments of cell mul24_mac_replay_candidate.u785 (gen_famux).
Mapping positional arguments of cell mul24_mac_replay_candidate.u784 (gen_famux).
Mapping positional arguments of cell mul24_mac_replay_candidate.u783 (gen_famux).
Mapping positional arguments of cell mul24_mac_replay_candidate.u782 (gen_famux).
Mapping positional arguments of cell mul24_mac_replay_candidate.u781 (gen_famux).
Mapping positional arguments of cell mul24_mac_replay_candidate.u780 (gen_famux).
Mapping positional arguments of cell mul24_mac_replay_candidate.u779 (gen_famux).
Mapping positional arguments of cell mul24_mac_replay_candidate.u778 (gen_famux).
Mapping positional arguments of cell mul24_mac_replay_candidate.u777 (gen_famux).
Mapping positional arguments of cell mul24_mac_replay_candidate.u776 (gen_famux).
Mapping positional arguments of cell mul24_mac_replay_candidate.u775 (gen_famux).
Mapping positional arguments of cell mul24_mac_replay_candidate.u774 (gen_famux).
Mapping positional arguments of cell mul24_mac_replay_candidate.u773 (gen_famux).
Mapping positional arguments of cell mul24_mac_replay_candidate.u772 (gen_famux).
Mapping positional arguments of cell mul24_mac_replay_candidate.u771 (gen_famux).
Mapping positional arguments of cell mul24_mac_replay_candidate.u770 (gen_famux).
Mapping positional arguments of cell mul24_mac_replay_candidate.u769 (gen_famux).
Mapping positional arguments of cell mul24_mac_replay_candidate.u768 (gen_famux).
Mapping positional arguments of cell mul24_mac_replay_candidate.u767 (gen_famux).
Mapping positional arguments of cell mul24_mac_replay_candidate.u766 (gen_famux).
Mapping positional arguments of cell mul24_mac_replay_candidate.u765 (gen_famux).
Mapping positional arguments of cell mul24_mac_replay_candidate.u764 (gen_famux).
Mapping positional arguments of cell mul24_mac_replay_candidate.u763 (gen_famux).
Mapping positional arguments of cell mul24_mac_replay_candidate.u762 (gen_famux).
Mapping positional arguments of cell mul24_mac_replay_candidate.u761 (gen_famux).
Mapping positional arguments of cell mul24_mac_replay_candidate.u760 (gen_famux).
Mapping positional arguments of cell mul24_mac_replay_candidate.u759 (gen_famux).
Mapping positional arguments of cell mul24_mac_replay_candidate.u758 (gen_famux).
Mapping positional arguments of cell mul24_mac_replay_candidate.u757 (gen_famux).
Mapping positional arguments of cell mul24_mac_replay_candidate.u756 (gen_famux).
Mapping positional arguments of cell mul24_mac_replay_candidate.u755 (gen_famux).
Mapping positional arguments of cell mul24_mac_replay_candidate.u754 (gen_famux).
Mapping positional arguments of cell mul24_mac_replay_candidate.u753 (gen_famux).
Mapping positional arguments of cell mul24_mac_replay_candidate.u752 (gen_famux).
Mapping positional arguments of cell mul24_mac_replay_candidate.u751 (gen_famux).
Mapping positional arguments of cell mul24_mac_replay_candidate.u750 (gen_famux).
Mapping positional arguments of cell mul24_mac_replay_candidate.u749 (gen_famux).
Mapping positional arguments of cell mul24_mac_replay_candidate.u748 (gen_famux).
Mapping positional arguments of cell mul24_mac_replay_candidate.u747 (gen_famux).
Mapping positional arguments of cell mul24_mac_replay_candidate.u746 (gen_famux).
Mapping positional arguments of cell mul24_mac_replay_candidate.u745 (gen_famux).
Mapping positional arguments of cell mul24_mac_replay_candidate.u744 (gen_famux).
Mapping positional arguments of cell mul24_mac_replay_candidate.u743 (gen_famux).
Mapping positional arguments of cell mul24_mac_replay_candidate.u742 (gen_famux).
Mapping positional arguments of cell mul24_mac_replay_candidate.u741 (gen_ha).
Mapping positional arguments of cell mul24_mac_replay_candidate.u740 (gen_famux).
Mapping positional arguments of cell mul24_mac_replay_candidate.u739 (gen_famux).
Mapping positional arguments of cell mul24_mac_replay_candidate.u738 (gen_famux).
Mapping positional arguments of cell mul24_mac_replay_candidate.u737 (gen_ha).
Mapping positional arguments of cell mul24_mac_replay_candidate.u736 (gen_famux).
Mapping positional arguments of cell mul24_mac_replay_candidate.u735 (gen_famux).
Mapping positional arguments of cell mul24_mac_replay_candidate.u734 (gen_ha).
Mapping positional arguments of cell mul24_mac_replay_candidate.u733 (gen_famux).
Mapping positional arguments of cell mul24_mac_replay_candidate.u732 (gen_ha).
Mapping positional arguments of cell mul24_mac_replay_candidate.u731 (gen_famux).
Mapping positional arguments of cell mul24_mac_replay_candidate.u730 (gen_famux).
Mapping positional arguments of cell mul24_mac_replay_candidate.u729 (gen_famux).
Mapping positional arguments of cell mul24_mac_replay_candidate.u728 (gen_famux).
Mapping positional arguments of cell mul24_mac_replay_candidate.u727 (gen_famux).
Mapping positional arguments of cell mul24_mac_replay_candidate.u726 (gen_famux).
Mapping positional arguments of cell mul24_mac_replay_candidate.u725 (gen_famux).
Mapping positional arguments of cell mul24_mac_replay_candidate.u724 (gen_famux).
Mapping positional arguments of cell mul24_mac_replay_candidate.u723 (gen_famux).
Mapping positional arguments of cell mul24_mac_replay_candidate.u722 (gen_famux).
Mapping positional arguments of cell mul24_mac_replay_candidate.u721 (gen_famux).
Mapping positional arguments of cell mul24_mac_replay_candidate.u720 (gen_famux).
Mapping positional arguments of cell mul24_mac_replay_candidate.u719 (gen_famux).
Mapping positional arguments of cell mul24_mac_replay_candidate.u718 (gen_famux).
Mapping positional arguments of cell mul24_mac_replay_candidate.u717 (gen_famux).
Mapping positional arguments of cell mul24_mac_replay_candidate.u716 (gen_famux).
Mapping positional arguments of cell mul24_mac_replay_candidate.u715 (gen_famux).
Mapping positional arguments of cell mul24_mac_replay_candidate.u714 (gen_famux).
Mapping positional arguments of cell mul24_mac_replay_candidate.u713 (gen_famux).
Mapping positional arguments of cell mul24_mac_replay_candidate.u712 (gen_famux).
Mapping positional arguments of cell mul24_mac_replay_candidate.u711 (gen_famux).
Mapping positional arguments of cell mul24_mac_replay_candidate.u710 (gen_famux).
Mapping positional arguments of cell mul24_mac_replay_candidate.u709 (gen_famux).
Mapping positional arguments of cell mul24_mac_replay_candidate.u708 (gen_famux).
Mapping positional arguments of cell mul24_mac_replay_candidate.u707 (gen_famux).
Mapping positional arguments of cell mul24_mac_replay_candidate.u706 (gen_famux).
Mapping positional arguments of cell mul24_mac_replay_candidate.u705 (gen_famux).
Mapping positional arguments of cell mul24_mac_replay_candidate.u704 (gen_famux).
Mapping positional arguments of cell mul24_mac_replay_candidate.u703 (gen_famux).
Mapping positional arguments of cell mul24_mac_replay_candidate.u702 (gen_famux).
Mapping positional arguments of cell mul24_mac_replay_candidate.u701 (gen_famux).
Mapping positional arguments of cell mul24_mac_replay_candidate.u700 (gen_famux).
Mapping positional arguments of cell mul24_mac_replay_candidate.u699 (gen_famux).
Mapping positional arguments of cell mul24_mac_replay_candidate.u698 (gen_famux).
Mapping positional arguments of cell mul24_mac_replay_candidate.u697 (gen_famux).
Mapping positional arguments of cell mul24_mac_replay_candidate.u696 (gen_famux).
Mapping positional arguments of cell mul24_mac_replay_candidate.u695 (gen_famux).
Mapping positional arguments of cell mul24_mac_replay_candidate.u694 (gen_famux).
Mapping positional arguments of cell mul24_mac_replay_candidate.u693 (gen_famux).
Mapping positional arguments of cell mul24_mac_replay_candidate.u692 (gen_famux).
Mapping positional arguments of cell mul24_mac_replay_candidate.u691 (gen_famux).
Mapping positional arguments of cell mul24_mac_replay_candidate.u690 (gen_famux).
Mapping positional arguments of cell mul24_mac_replay_candidate.u689 (gen_famux).
Mapping positional arguments of cell mul24_mac_replay_candidate.u688 (gen_famux).
Mapping positional arguments of cell mul24_mac_replay_candidate.u687 (gen_famux).
Mapping positional arguments of cell mul24_mac_replay_candidate.u686 (gen_famux).
Mapping positional arguments of cell mul24_mac_replay_candidate.u685 (gen_famux).
Mapping positional arguments of cell mul24_mac_replay_candidate.u684 (gen_famux).
Mapping positional arguments of cell mul24_mac_replay_candidate.u683 (gen_famux).
Mapping positional arguments of cell mul24_mac_replay_candidate.u682 (gen_famux).
Mapping positional arguments of cell mul24_mac_replay_candidate.u681 (gen_famux).
Mapping positional arguments of cell mul24_mac_replay_candidate.u680 (gen_famux).
Mapping positional arguments of cell mul24_mac_replay_candidate.u679 (gen_famux).
Mapping positional arguments of cell mul24_mac_replay_candidate.u678 (gen_famux).
Mapping positional arguments of cell mul24_mac_replay_candidate.u677 (gen_famux).
Mapping positional arguments of cell mul24_mac_replay_candidate.u676 (gen_famux).
Mapping positional arguments of cell mul24_mac_replay_candidate.u675 (gen_famux).
Mapping positional arguments of cell mul24_mac_replay_candidate.u674 (gen_famux).
Mapping positional arguments of cell mul24_mac_replay_candidate.u673 (gen_famux).
Mapping positional arguments of cell mul24_mac_replay_candidate.u672 (gen_famux).
Mapping positional arguments of cell mul24_mac_replay_candidate.u671 (gen_famux).
Mapping positional arguments of cell mul24_mac_replay_candidate.u670 (gen_famux).
Mapping positional arguments of cell mul24_mac_replay_candidate.u669 (gen_famux).
Mapping positional arguments of cell mul24_mac_replay_candidate.u668 (gen_famux).
Mapping positional arguments of cell mul24_mac_replay_candidate.u667 (gen_famux).
Mapping positional arguments of cell mul24_mac_replay_candidate.u666 (gen_famux).
Mapping positional arguments of cell mul24_mac_replay_candidate.u665 (gen_famux).
Mapping positional arguments of cell mul24_mac_replay_candidate.u664 (gen_famux).
Mapping positional arguments of cell mul24_mac_replay_candidate.u663 (gen_famux).
Mapping positional arguments of cell mul24_mac_replay_candidate.u662 (gen_famux).
Mapping positional arguments of cell mul24_mac_replay_candidate.u661 (gen_famux).
Mapping positional arguments of cell mul24_mac_replay_candidate.u660 (gen_famux).
Mapping positional arguments of cell mul24_mac_replay_candidate.u659 (gen_famux).
Mapping positional arguments of cell mul24_mac_replay_candidate.u658 (gen_famux).
Mapping positional arguments of cell mul24_mac_replay_candidate.u657 (gen_famux).
Mapping positional arguments of cell mul24_mac_replay_candidate.u656 (gen_famux).
Mapping positional arguments of cell mul24_mac_replay_candidate.u655 (gen_famux).
Mapping positional arguments of cell mul24_mac_replay_candidate.u654 (gen_famux).
Mapping positional arguments of cell mul24_mac_replay_candidate.u653 (gen_famux).
Mapping positional arguments of cell mul24_mac_replay_candidate.u652 (gen_famux).
Mapping positional arguments of cell mul24_mac_replay_candidate.u651 (gen_famux).
Mapping positional arguments of cell mul24_mac_replay_candidate.u650 (gen_famux).
Mapping positional arguments of cell mul24_mac_replay_candidate.u649 (gen_famux).
Mapping positional arguments of cell mul24_mac_replay_candidate.u648 (gen_famux).
Mapping positional arguments of cell mul24_mac_replay_candidate.u647 (gen_famux).
Mapping positional arguments of cell mul24_mac_replay_candidate.u646 (gen_famux).
Mapping positional arguments of cell mul24_mac_replay_candidate.u645 (gen_famux).
Mapping positional arguments of cell mul24_mac_replay_candidate.u644 (gen_famux).
Mapping positional arguments of cell mul24_mac_replay_candidate.u643 (gen_famux).
Mapping positional arguments of cell mul24_mac_replay_candidate.u642 (gen_famux).
Mapping positional arguments of cell mul24_mac_replay_candidate.u641 (gen_famux).
Mapping positional arguments of cell mul24_mac_replay_candidate.u640 (gen_famux).
Mapping positional arguments of cell mul24_mac_replay_candidate.u639 (gen_famux).
Mapping positional arguments of cell mul24_mac_replay_candidate.u638 (gen_ha).
Mapping positional arguments of cell mul24_mac_replay_candidate.u637 (gen_famux).
Mapping positional arguments of cell mul24_mac_replay_candidate.u636 (gen_famux).
Mapping positional arguments of cell mul24_mac_replay_candidate.u635 (gen_famux).
Mapping positional arguments of cell mul24_mac_replay_candidate.u634 (gen_famux).
Mapping positional arguments of cell mul24_mac_replay_candidate.u633 (gen_famux).
Mapping positional arguments of cell mul24_mac_replay_candidate.u632 (gen_ha).
Mapping positional arguments of cell mul24_mac_replay_candidate.u631 (gen_famux).
Mapping positional arguments of cell mul24_mac_replay_candidate.u630 (gen_famux).
Mapping positional arguments of cell mul24_mac_replay_candidate.u629 (gen_famux).
Mapping positional arguments of cell mul24_mac_replay_candidate.u628 (gen_famux).
Mapping positional arguments of cell mul24_mac_replay_candidate.u627 (gen_ha).
Mapping positional arguments of cell mul24_mac_replay_candidate.u626 (gen_famux).
Mapping positional arguments of cell mul24_mac_replay_candidate.u625 (gen_famux).
Mapping positional arguments of cell mul24_mac_replay_candidate.u624 (gen_famux).
Mapping positional arguments of cell mul24_mac_replay_candidate.u623 (gen_ha).
Mapping positional arguments of cell mul24_mac_replay_candidate.u622 (gen_famux).
Mapping positional arguments of cell mul24_mac_replay_candidate.u621 (gen_famux).
Mapping positional arguments of cell mul24_mac_replay_candidate.u620 (gen_ha).
Mapping positional arguments of cell mul24_mac_replay_candidate.u619 (gen_famux).
Mapping positional arguments of cell mul24_mac_replay_candidate.u618 (gen_ha).
Mapping positional arguments of cell mul24_mac_replay_candidate.u617 (gen_famux).
Mapping positional arguments of cell mul24_mac_replay_candidate.u616 (gen_famux).
Mapping positional arguments of cell mul24_mac_replay_candidate.u615 (gen_famux).
Mapping positional arguments of cell mul24_mac_replay_candidate.u614 (gen_famux).
Mapping positional arguments of cell mul24_mac_replay_candidate.u613 (gen_famux).
Mapping positional arguments of cell mul24_mac_replay_candidate.u612 (gen_famux).
Mapping positional arguments of cell mul24_mac_replay_candidate.u611 (gen_famux).
Mapping positional arguments of cell mul24_mac_replay_candidate.u610 (gen_famux).
Mapping positional arguments of cell mul24_mac_replay_candidate.u609 (gen_famux).
Mapping positional arguments of cell mul24_mac_replay_candidate.u608 (gen_famux).
Mapping positional arguments of cell mul24_mac_replay_candidate.u607 (gen_famux).
Mapping positional arguments of cell mul24_mac_replay_candidate.u606 (gen_famux).
Mapping positional arguments of cell mul24_mac_replay_candidate.u605 (gen_famux).
Mapping positional arguments of cell mul24_mac_replay_candidate.u604 (gen_famux).
Mapping positional arguments of cell mul24_mac_replay_candidate.u603 (gen_famux).
Mapping positional arguments of cell mul24_mac_replay_candidate.u602 (gen_ha).
Mapping positional arguments of cell mul24_mac_replay_candidate.u601 (gen_famux).
Mapping positional arguments of cell mul24_mac_replay_candidate.u600 (gen_famux).
Mapping positional arguments of cell mul24_mac_replay_candidate.u599 (gen_famux).
Mapping positional arguments of cell mul24_mac_replay_candidate.u598 (gen_famux).
Mapping positional arguments of cell mul24_mac_replay_candidate.u597 (gen_famux).
Mapping positional arguments of cell mul24_mac_replay_candidate.u596 (gen_ha).
Mapping positional arguments of cell mul24_mac_replay_candidate.u595 (gen_famux).
Mapping positional arguments of cell mul24_mac_replay_candidate.u594 (gen_famux).
Mapping positional arguments of cell mul24_mac_replay_candidate.u593 (gen_famux).
Mapping positional arguments of cell mul24_mac_replay_candidate.u592 (gen_famux).
Mapping positional arguments of cell mul24_mac_replay_candidate.u591 (gen_famux).
Mapping positional arguments of cell mul24_mac_replay_candidate.u590 (gen_ha).
Mapping positional arguments of cell mul24_mac_replay_candidate.u589 (gen_famux).
Mapping positional arguments of cell mul24_mac_replay_candidate.u588 (gen_famux).
Mapping positional arguments of cell mul24_mac_replay_candidate.u587 (gen_famux).
Mapping positional arguments of cell mul24_mac_replay_candidate.u586 (gen_famux).
Mapping positional arguments of cell mul24_mac_replay_candidate.u585 (gen_ha).
Mapping positional arguments of cell mul24_mac_replay_candidate.u584 (gen_famux).
Mapping positional arguments of cell mul24_mac_replay_candidate.u583 (gen_famux).
Mapping positional arguments of cell mul24_mac_replay_candidate.u582 (gen_famux).
Mapping positional arguments of cell mul24_mac_replay_candidate.u581 (gen_ha).
Mapping positional arguments of cell mul24_mac_replay_candidate.u580 (gen_famux).
Mapping positional arguments of cell mul24_mac_replay_candidate.u579 (gen_famux).
Mapping positional arguments of cell mul24_mac_replay_candidate.u578 (gen_ha).
Mapping positional arguments of cell mul24_mac_replay_candidate.u577 (gen_famux).
Mapping positional arguments of cell mul24_mac_replay_candidate.u576 (gen_ha).
Mapping positional arguments of cell mul24_mac_replay_candidate.u575 (gen_and2).
Mapping positional arguments of cell mul24_mac_replay_candidate.u574 (gen_and2).
Mapping positional arguments of cell mul24_mac_replay_candidate.u573 (gen_and2).
Mapping positional arguments of cell mul24_mac_replay_candidate.u572 (gen_and2).
Mapping positional arguments of cell mul24_mac_replay_candidate.u571 (gen_and2).
Mapping positional arguments of cell mul24_mac_replay_candidate.u570 (gen_and2).
Mapping positional arguments of cell mul24_mac_replay_candidate.u569 (gen_and2).
Mapping positional arguments of cell mul24_mac_replay_candidate.u568 (gen_and2).
Mapping positional arguments of cell mul24_mac_replay_candidate.u567 (gen_and2).
Mapping positional arguments of cell mul24_mac_replay_candidate.u566 (gen_and2).
Mapping positional arguments of cell mul24_mac_replay_candidate.u565 (gen_and2).
Mapping positional arguments of cell mul24_mac_replay_candidate.u564 (gen_and2).
Mapping positional arguments of cell mul24_mac_replay_candidate.u563 (gen_and2).
Mapping positional arguments of cell mul24_mac_replay_candidate.u562 (gen_and2).
Mapping positional arguments of cell mul24_mac_replay_candidate.u561 (gen_and2).
Mapping positional arguments of cell mul24_mac_replay_candidate.u560 (gen_and2).
Mapping positional arguments of cell mul24_mac_replay_candidate.u559 (gen_and2).
Mapping positional arguments of cell mul24_mac_replay_candidate.u558 (gen_and2).
Mapping positional arguments of cell mul24_mac_replay_candidate.u557 (gen_and2).
Mapping positional arguments of cell mul24_mac_replay_candidate.u556 (gen_and2).
Mapping positional arguments of cell mul24_mac_replay_candidate.u555 (gen_and2).
Mapping positional arguments of cell mul24_mac_replay_candidate.u554 (gen_and2).
Mapping positional arguments of cell mul24_mac_replay_candidate.u553 (gen_and2).
Mapping positional arguments of cell mul24_mac_replay_candidate.u552 (gen_and2).
Mapping positional arguments of cell mul24_mac_replay_candidate.u551 (gen_and2).
Mapping positional arguments of cell mul24_mac_replay_candidate.u550 (gen_and2).
Mapping positional arguments of cell mul24_mac_replay_candidate.u549 (gen_and2).
Mapping positional arguments of cell mul24_mac_replay_candidate.u548 (gen_and2).
Mapping positional arguments of cell mul24_mac_replay_candidate.u547 (gen_and2).
Mapping positional arguments of cell mul24_mac_replay_candidate.u546 (gen_and2).
Mapping positional arguments of cell mul24_mac_replay_candidate.u545 (gen_and2).
Mapping positional arguments of cell mul24_mac_replay_candidate.u544 (gen_and2).
Mapping positional arguments of cell mul24_mac_replay_candidate.u543 (gen_and2).
Mapping positional arguments of cell mul24_mac_replay_candidate.u542 (gen_and2).
Mapping positional arguments of cell mul24_mac_replay_candidate.u541 (gen_and2).
Mapping positional arguments of cell mul24_mac_replay_candidate.u540 (gen_and2).
Mapping positional arguments of cell mul24_mac_replay_candidate.u539 (gen_and2).
Mapping positional arguments of cell mul24_mac_replay_candidate.u538 (gen_and2).
Mapping positional arguments of cell mul24_mac_replay_candidate.u537 (gen_and2).
Mapping positional arguments of cell mul24_mac_replay_candidate.u536 (gen_and2).
Mapping positional arguments of cell mul24_mac_replay_candidate.u535 (gen_and2).
Mapping positional arguments of cell mul24_mac_replay_candidate.u534 (gen_and2).
Mapping positional arguments of cell mul24_mac_replay_candidate.u533 (gen_and2).
Mapping positional arguments of cell mul24_mac_replay_candidate.u532 (gen_and2).
Mapping positional arguments of cell mul24_mac_replay_candidate.u531 (gen_and2).
Mapping positional arguments of cell mul24_mac_replay_candidate.u530 (gen_and2).
Mapping positional arguments of cell mul24_mac_replay_candidate.u529 (gen_and2).
Mapping positional arguments of cell mul24_mac_replay_candidate.u528 (gen_and2).
Mapping positional arguments of cell mul24_mac_replay_candidate.u527 (gen_and2).
Mapping positional arguments of cell mul24_mac_replay_candidate.u526 (gen_and2).
Mapping positional arguments of cell mul24_mac_replay_candidate.u525 (gen_and2).
Mapping positional arguments of cell mul24_mac_replay_candidate.u524 (gen_and2).
Mapping positional arguments of cell mul24_mac_replay_candidate.u523 (gen_and2).
Mapping positional arguments of cell mul24_mac_replay_candidate.u522 (gen_and2).
Mapping positional arguments of cell mul24_mac_replay_candidate.u521 (gen_and2).
Mapping positional arguments of cell mul24_mac_replay_candidate.u520 (gen_and2).
Mapping positional arguments of cell mul24_mac_replay_candidate.u519 (gen_and2).
Mapping positional arguments of cell mul24_mac_replay_candidate.u518 (gen_and2).
Mapping positional arguments of cell mul24_mac_replay_candidate.u517 (gen_and2).
Mapping positional arguments of cell mul24_mac_replay_candidate.u516 (gen_and2).
Mapping positional arguments of cell mul24_mac_replay_candidate.u515 (gen_and2).
Mapping positional arguments of cell mul24_mac_replay_candidate.u514 (gen_and2).
Mapping positional arguments of cell mul24_mac_replay_candidate.u513 (gen_and2).
Mapping positional arguments of cell mul24_mac_replay_candidate.u512 (gen_and2).
Mapping positional arguments of cell mul24_mac_replay_candidate.u511 (gen_and2).
Mapping positional arguments of cell mul24_mac_replay_candidate.u510 (gen_and2).
Mapping positional arguments of cell mul24_mac_replay_candidate.u509 (gen_and2).
Mapping positional arguments of cell mul24_mac_replay_candidate.u508 (gen_and2).
Mapping positional arguments of cell mul24_mac_replay_candidate.u507 (gen_and2).
Mapping positional arguments of cell mul24_mac_replay_candidate.u506 (gen_and2).
Mapping positional arguments of cell mul24_mac_replay_candidate.u505 (gen_and2).
Mapping positional arguments of cell mul24_mac_replay_candidate.u504 (gen_and2).
Mapping positional arguments of cell mul24_mac_replay_candidate.u503 (gen_and2).
Mapping positional arguments of cell mul24_mac_replay_candidate.u502 (gen_and2).
Mapping positional arguments of cell mul24_mac_replay_candidate.u501 (gen_and2).
Mapping positional arguments of cell mul24_mac_replay_candidate.u500 (gen_and2).
Mapping positional arguments of cell mul24_mac_replay_candidate.u499 (gen_and2).
Mapping positional arguments of cell mul24_mac_replay_candidate.u498 (gen_and2).
Mapping positional arguments of cell mul24_mac_replay_candidate.u497 (gen_and2).
Mapping positional arguments of cell mul24_mac_replay_candidate.u496 (gen_and2).
Mapping positional arguments of cell mul24_mac_replay_candidate.u495 (gen_and2).
Mapping positional arguments of cell mul24_mac_replay_candidate.u494 (gen_and2).
Mapping positional arguments of cell mul24_mac_replay_candidate.u493 (gen_and2).
Mapping positional arguments of cell mul24_mac_replay_candidate.u492 (gen_and2).
Mapping positional arguments of cell mul24_mac_replay_candidate.u491 (gen_and2).
Mapping positional arguments of cell mul24_mac_replay_candidate.u490 (gen_and2).
Mapping positional arguments of cell mul24_mac_replay_candidate.u489 (gen_and2).
Mapping positional arguments of cell mul24_mac_replay_candidate.u488 (gen_and2).
Mapping positional arguments of cell mul24_mac_replay_candidate.u487 (gen_and2).
Mapping positional arguments of cell mul24_mac_replay_candidate.u486 (gen_and2).
Mapping positional arguments of cell mul24_mac_replay_candidate.u485 (gen_and2).
Mapping positional arguments of cell mul24_mac_replay_candidate.u484 (gen_and2).
Mapping positional arguments of cell mul24_mac_replay_candidate.u483 (gen_and2).
Mapping positional arguments of cell mul24_mac_replay_candidate.u482 (gen_and2).
Mapping positional arguments of cell mul24_mac_replay_candidate.u481 (gen_and2).
Mapping positional arguments of cell mul24_mac_replay_candidate.u480 (gen_and2).
Mapping positional arguments of cell mul24_mac_replay_candidate.u479 (gen_and2).
Mapping positional arguments of cell mul24_mac_replay_candidate.u478 (gen_and2).
Mapping positional arguments of cell mul24_mac_replay_candidate.u477 (gen_and2).
Mapping positional arguments of cell mul24_mac_replay_candidate.u476 (gen_and2).
Mapping positional arguments of cell mul24_mac_replay_candidate.u475 (gen_and2).
Mapping positional arguments of cell mul24_mac_replay_candidate.u474 (gen_and2).
Mapping positional arguments of cell mul24_mac_replay_candidate.u473 (gen_and2).
Mapping positional arguments of cell mul24_mac_replay_candidate.u472 (gen_and2).
Mapping positional arguments of cell mul24_mac_replay_candidate.u471 (gen_and2).
Mapping positional arguments of cell mul24_mac_replay_candidate.u470 (gen_and2).
Mapping positional arguments of cell mul24_mac_replay_candidate.u469 (gen_and2).
Mapping positional arguments of cell mul24_mac_replay_candidate.u468 (gen_and2).
Mapping positional arguments of cell mul24_mac_replay_candidate.u467 (gen_and2).
Mapping positional arguments of cell mul24_mac_replay_candidate.u466 (gen_and2).
Mapping positional arguments of cell mul24_mac_replay_candidate.u465 (gen_and2).
Mapping positional arguments of cell mul24_mac_replay_candidate.u464 (gen_and2).
Mapping positional arguments of cell mul24_mac_replay_candidate.u463 (gen_and2).
Mapping positional arguments of cell mul24_mac_replay_candidate.u462 (gen_and2).
Mapping positional arguments of cell mul24_mac_replay_candidate.u461 (gen_and2).
Mapping positional arguments of cell mul24_mac_replay_candidate.u460 (gen_and2).
Mapping positional arguments of cell mul24_mac_replay_candidate.u459 (gen_and2).
Mapping positional arguments of cell mul24_mac_replay_candidate.u458 (gen_and2).
Mapping positional arguments of cell mul24_mac_replay_candidate.u457 (gen_and2).
Mapping positional arguments of cell mul24_mac_replay_candidate.u456 (gen_and2).
Mapping positional arguments of cell mul24_mac_replay_candidate.u455 (gen_and2).
Mapping positional arguments of cell mul24_mac_replay_candidate.u454 (gen_and2).
Mapping positional arguments of cell mul24_mac_replay_candidate.u453 (gen_and2).
Mapping positional arguments of cell mul24_mac_replay_candidate.u452 (gen_and2).
Mapping positional arguments of cell mul24_mac_replay_candidate.u451 (gen_and2).
Mapping positional arguments of cell mul24_mac_replay_candidate.u450 (gen_and2).
Mapping positional arguments of cell mul24_mac_replay_candidate.u449 (gen_and2).
Mapping positional arguments of cell mul24_mac_replay_candidate.u448 (gen_and2).
Mapping positional arguments of cell mul24_mac_replay_candidate.u447 (gen_and2).
Mapping positional arguments of cell mul24_mac_replay_candidate.u446 (gen_and2).
Mapping positional arguments of cell mul24_mac_replay_candidate.u445 (gen_and2).
Mapping positional arguments of cell mul24_mac_replay_candidate.u444 (gen_and2).
Mapping positional arguments of cell mul24_mac_replay_candidate.u443 (gen_and2).
Mapping positional arguments of cell mul24_mac_replay_candidate.u442 (gen_and2).
Mapping positional arguments of cell mul24_mac_replay_candidate.u441 (gen_and2).
Mapping positional arguments of cell mul24_mac_replay_candidate.u440 (gen_and2).
Mapping positional arguments of cell mul24_mac_replay_candidate.u439 (gen_and2).
Mapping positional arguments of cell mul24_mac_replay_candidate.u438 (gen_and2).
Mapping positional arguments of cell mul24_mac_replay_candidate.u437 (gen_and2).
Mapping positional arguments of cell mul24_mac_replay_candidate.u436 (gen_and2).
Mapping positional arguments of cell mul24_mac_replay_candidate.u435 (gen_and2).
Mapping positional arguments of cell mul24_mac_replay_candidate.u434 (gen_and2).
Mapping positional arguments of cell mul24_mac_replay_candidate.u433 (gen_and2).
Mapping positional arguments of cell mul24_mac_replay_candidate.u432 (gen_and2).
Mapping positional arguments of cell mul24_mac_replay_candidate.u431 (gen_and2).
Mapping positional arguments of cell mul24_mac_replay_candidate.u430 (gen_and2).
Mapping positional arguments of cell mul24_mac_replay_candidate.u429 (gen_and2).
Mapping positional arguments of cell mul24_mac_replay_candidate.u428 (gen_and2).
Mapping positional arguments of cell mul24_mac_replay_candidate.u427 (gen_and2).
Mapping positional arguments of cell mul24_mac_replay_candidate.u426 (gen_and2).
Mapping positional arguments of cell mul24_mac_replay_candidate.u425 (gen_and2).
Mapping positional arguments of cell mul24_mac_replay_candidate.u424 (gen_and2).
Mapping positional arguments of cell mul24_mac_replay_candidate.u423 (gen_and2).
Mapping positional arguments of cell mul24_mac_replay_candidate.u422 (gen_and2).
Mapping positional arguments of cell mul24_mac_replay_candidate.u421 (gen_and2).
Mapping positional arguments of cell mul24_mac_replay_candidate.u420 (gen_and2).
Mapping positional arguments of cell mul24_mac_replay_candidate.u419 (gen_and2).
Mapping positional arguments of cell mul24_mac_replay_candidate.u418 (gen_and2).
Mapping positional arguments of cell mul24_mac_replay_candidate.u417 (gen_and2).
Mapping positional arguments of cell mul24_mac_replay_candidate.u416 (gen_and2).
Mapping positional arguments of cell mul24_mac_replay_candidate.u415 (gen_and2).
Mapping positional arguments of cell mul24_mac_replay_candidate.u414 (gen_and2).
Mapping positional arguments of cell mul24_mac_replay_candidate.u413 (gen_and2).
Mapping positional arguments of cell mul24_mac_replay_candidate.u412 (gen_and2).
Mapping positional arguments of cell mul24_mac_replay_candidate.u411 (gen_and2).
Mapping positional arguments of cell mul24_mac_replay_candidate.u410 (gen_and2).
Mapping positional arguments of cell mul24_mac_replay_candidate.u409 (gen_and2).
Mapping positional arguments of cell mul24_mac_replay_candidate.u408 (gen_and2).
Mapping positional arguments of cell mul24_mac_replay_candidate.u407 (gen_and2).
Mapping positional arguments of cell mul24_mac_replay_candidate.u406 (gen_and2).
Mapping positional arguments of cell mul24_mac_replay_candidate.u405 (gen_and2).
Mapping positional arguments of cell mul24_mac_replay_candidate.u404 (gen_and2).
Mapping positional arguments of cell mul24_mac_replay_candidate.u403 (gen_and2).
Mapping positional arguments of cell mul24_mac_replay_candidate.u402 (gen_and2).
Mapping positional arguments of cell mul24_mac_replay_candidate.u401 (gen_and2).
Mapping positional arguments of cell mul24_mac_replay_candidate.u400 (gen_and2).
Mapping positional arguments of cell mul24_mac_replay_candidate.u399 (gen_and2).
Mapping positional arguments of cell mul24_mac_replay_candidate.u398 (gen_and2).
Mapping positional arguments of cell mul24_mac_replay_candidate.u397 (gen_and2).
Mapping positional arguments of cell mul24_mac_replay_candidate.u396 (gen_and2).
Mapping positional arguments of cell mul24_mac_replay_candidate.u395 (gen_and2).
Mapping positional arguments of cell mul24_mac_replay_candidate.u394 (gen_and2).
Mapping positional arguments of cell mul24_mac_replay_candidate.u393 (gen_and2).
Mapping positional arguments of cell mul24_mac_replay_candidate.u392 (gen_and2).
Mapping positional arguments of cell mul24_mac_replay_candidate.u391 (gen_and2).
Mapping positional arguments of cell mul24_mac_replay_candidate.u390 (gen_and2).
Mapping positional arguments of cell mul24_mac_replay_candidate.u389 (gen_and2).
Mapping positional arguments of cell mul24_mac_replay_candidate.u388 (gen_and2).
Mapping positional arguments of cell mul24_mac_replay_candidate.u387 (gen_and2).
Mapping positional arguments of cell mul24_mac_replay_candidate.u386 (gen_and2).
Mapping positional arguments of cell mul24_mac_replay_candidate.u385 (gen_and2).
Mapping positional arguments of cell mul24_mac_replay_candidate.u384 (gen_and2).
Mapping positional arguments of cell mul24_mac_replay_candidate.u383 (gen_and2).
Mapping positional arguments of cell mul24_mac_replay_candidate.u382 (gen_and2).
Mapping positional arguments of cell mul24_mac_replay_candidate.u381 (gen_and2).
Mapping positional arguments of cell mul24_mac_replay_candidate.u380 (gen_and2).
Mapping positional arguments of cell mul24_mac_replay_candidate.u379 (gen_and2).
Mapping positional arguments of cell mul24_mac_replay_candidate.u378 (gen_and2).
Mapping positional arguments of cell mul24_mac_replay_candidate.u377 (gen_and2).
Mapping positional arguments of cell mul24_mac_replay_candidate.u376 (gen_and2).
Mapping positional arguments of cell mul24_mac_replay_candidate.u375 (gen_and2).
Mapping positional arguments of cell mul24_mac_replay_candidate.u374 (gen_and2).
Mapping positional arguments of cell mul24_mac_replay_candidate.u373 (gen_and2).
Mapping positional arguments of cell mul24_mac_replay_candidate.u372 (gen_and2).
Mapping positional arguments of cell mul24_mac_replay_candidate.u371 (gen_and2).
Mapping positional arguments of cell mul24_mac_replay_candidate.u370 (gen_and2).
Mapping positional arguments of cell mul24_mac_replay_candidate.u369 (gen_and2).
Mapping positional arguments of cell mul24_mac_replay_candidate.u368 (gen_and2).
Mapping positional arguments of cell mul24_mac_replay_candidate.u367 (gen_and2).
Mapping positional arguments of cell mul24_mac_replay_candidate.u366 (gen_and2).
Mapping positional arguments of cell mul24_mac_replay_candidate.u365 (gen_and2).
Mapping positional arguments of cell mul24_mac_replay_candidate.u364 (gen_and2).
Mapping positional arguments of cell mul24_mac_replay_candidate.u363 (gen_and2).
Mapping positional arguments of cell mul24_mac_replay_candidate.u362 (gen_and2).
Mapping positional arguments of cell mul24_mac_replay_candidate.u361 (gen_and2).
Mapping positional arguments of cell mul24_mac_replay_candidate.u360 (gen_and2).
Mapping positional arguments of cell mul24_mac_replay_candidate.u359 (gen_and2).
Mapping positional arguments of cell mul24_mac_replay_candidate.u358 (gen_and2).
Mapping positional arguments of cell mul24_mac_replay_candidate.u357 (gen_and2).
Mapping positional arguments of cell mul24_mac_replay_candidate.u356 (gen_and2).
Mapping positional arguments of cell mul24_mac_replay_candidate.u355 (gen_and2).
Mapping positional arguments of cell mul24_mac_replay_candidate.u354 (gen_and2).
Mapping positional arguments of cell mul24_mac_replay_candidate.u353 (gen_and2).
Mapping positional arguments of cell mul24_mac_replay_candidate.u352 (gen_and2).
Mapping positional arguments of cell mul24_mac_replay_candidate.u351 (gen_and2).
Mapping positional arguments of cell mul24_mac_replay_candidate.u350 (gen_and2).
Mapping positional arguments of cell mul24_mac_replay_candidate.u349 (gen_and2).
Mapping positional arguments of cell mul24_mac_replay_candidate.u348 (gen_and2).
Mapping positional arguments of cell mul24_mac_replay_candidate.u347 (gen_and2).
Mapping positional arguments of cell mul24_mac_replay_candidate.u346 (gen_and2).
Mapping positional arguments of cell mul24_mac_replay_candidate.u345 (gen_and2).
Mapping positional arguments of cell mul24_mac_replay_candidate.u344 (gen_and2).
Mapping positional arguments of cell mul24_mac_replay_candidate.u343 (gen_and2).
Mapping positional arguments of cell mul24_mac_replay_candidate.u342 (gen_and2).
Mapping positional arguments of cell mul24_mac_replay_candidate.u341 (gen_and2).
Mapping positional arguments of cell mul24_mac_replay_candidate.u340 (gen_and2).
Mapping positional arguments of cell mul24_mac_replay_candidate.u339 (gen_and2).
Mapping positional arguments of cell mul24_mac_replay_candidate.u338 (gen_and2).
Mapping positional arguments of cell mul24_mac_replay_candidate.u337 (gen_and2).
Mapping positional arguments of cell mul24_mac_replay_candidate.u336 (gen_and2).
Mapping positional arguments of cell mul24_mac_replay_candidate.u335 (gen_and2).
Mapping positional arguments of cell mul24_mac_replay_candidate.u334 (gen_and2).
Mapping positional arguments of cell mul24_mac_replay_candidate.u333 (gen_and2).
Mapping positional arguments of cell mul24_mac_replay_candidate.u332 (gen_and2).
Mapping positional arguments of cell mul24_mac_replay_candidate.u331 (gen_and2).
Mapping positional arguments of cell mul24_mac_replay_candidate.u330 (gen_and2).
Mapping positional arguments of cell mul24_mac_replay_candidate.u329 (gen_and2).
Mapping positional arguments of cell mul24_mac_replay_candidate.u328 (gen_and2).
Mapping positional arguments of cell mul24_mac_replay_candidate.u327 (gen_and2).
Mapping positional arguments of cell mul24_mac_replay_candidate.u326 (gen_and2).
Mapping positional arguments of cell mul24_mac_replay_candidate.u325 (gen_and2).
Mapping positional arguments of cell mul24_mac_replay_candidate.u324 (gen_and2).
Mapping positional arguments of cell mul24_mac_replay_candidate.u323 (gen_and2).
Mapping positional arguments of cell mul24_mac_replay_candidate.u322 (gen_and2).
Mapping positional arguments of cell mul24_mac_replay_candidate.u321 (gen_and2).
Mapping positional arguments of cell mul24_mac_replay_candidate.u320 (gen_and2).
Mapping positional arguments of cell mul24_mac_replay_candidate.u319 (gen_and2).
Mapping positional arguments of cell mul24_mac_replay_candidate.u318 (gen_and2).
Mapping positional arguments of cell mul24_mac_replay_candidate.u317 (gen_and2).
Mapping positional arguments of cell mul24_mac_replay_candidate.u316 (gen_and2).
Mapping positional arguments of cell mul24_mac_replay_candidate.u315 (gen_and2).
Mapping positional arguments of cell mul24_mac_replay_candidate.u314 (gen_and2).
Mapping positional arguments of cell mul24_mac_replay_candidate.u313 (gen_and2).
Mapping positional arguments of cell mul24_mac_replay_candidate.u312 (gen_and2).
Mapping positional arguments of cell mul24_mac_replay_candidate.u311 (gen_and2).
Mapping positional arguments of cell mul24_mac_replay_candidate.u310 (gen_and2).
Mapping positional arguments of cell mul24_mac_replay_candidate.u309 (gen_and2).
Mapping positional arguments of cell mul24_mac_replay_candidate.u308 (gen_and2).
Mapping positional arguments of cell mul24_mac_replay_candidate.u307 (gen_and2).
Mapping positional arguments of cell mul24_mac_replay_candidate.u306 (gen_and2).
Mapping positional arguments of cell mul24_mac_replay_candidate.u305 (gen_and2).
Mapping positional arguments of cell mul24_mac_replay_candidate.u304 (gen_and2).
Mapping positional arguments of cell mul24_mac_replay_candidate.u303 (gen_and2).
Mapping positional arguments of cell mul24_mac_replay_candidate.u302 (gen_and2).
Mapping positional arguments of cell mul24_mac_replay_candidate.u301 (gen_and2).
Mapping positional arguments of cell mul24_mac_replay_candidate.u300 (gen_and2).
Mapping positional arguments of cell mul24_mac_replay_candidate.u299 (gen_and2).
Mapping positional arguments of cell mul24_mac_replay_candidate.u298 (gen_and2).
Mapping positional arguments of cell mul24_mac_replay_candidate.u297 (gen_and2).
Mapping positional arguments of cell mul24_mac_replay_candidate.u296 (gen_and2).
Mapping positional arguments of cell mul24_mac_replay_candidate.u295 (gen_and2).
Mapping positional arguments of cell mul24_mac_replay_candidate.u294 (gen_and2).
Mapping positional arguments of cell mul24_mac_replay_candidate.u293 (gen_and2).
Mapping positional arguments of cell mul24_mac_replay_candidate.u292 (gen_and2).
Mapping positional arguments of cell mul24_mac_replay_candidate.u291 (gen_and2).
Mapping positional arguments of cell mul24_mac_replay_candidate.u290 (gen_and2).
Mapping positional arguments of cell mul24_mac_replay_candidate.u289 (gen_and2).
Mapping positional arguments of cell mul24_mac_replay_candidate.u288 (gen_and2).
Mapping positional arguments of cell mul24_mac_replay_candidate.u287 (gen_and2).
Mapping positional arguments of cell mul24_mac_replay_candidate.u286 (gen_and2).
Mapping positional arguments of cell mul24_mac_replay_candidate.u285 (gen_and2).
Mapping positional arguments of cell mul24_mac_replay_candidate.u284 (gen_and2).
Mapping positional arguments of cell mul24_mac_replay_candidate.u283 (gen_and2).
Mapping positional arguments of cell mul24_mac_replay_candidate.u282 (gen_and2).
Mapping positional arguments of cell mul24_mac_replay_candidate.u281 (gen_and2).
Mapping positional arguments of cell mul24_mac_replay_candidate.u280 (gen_and2).
Mapping positional arguments of cell mul24_mac_replay_candidate.u279 (gen_and2).
Mapping positional arguments of cell mul24_mac_replay_candidate.u278 (gen_and2).
Mapping positional arguments of cell mul24_mac_replay_candidate.u277 (gen_and2).
Mapping positional arguments of cell mul24_mac_replay_candidate.u276 (gen_and2).
Mapping positional arguments of cell mul24_mac_replay_candidate.u275 (gen_and2).
Mapping positional arguments of cell mul24_mac_replay_candidate.u274 (gen_and2).
Mapping positional arguments of cell mul24_mac_replay_candidate.u273 (gen_and2).
Mapping positional arguments of cell mul24_mac_replay_candidate.u272 (gen_and2).
Mapping positional arguments of cell mul24_mac_replay_candidate.u271 (gen_and2).
Mapping positional arguments of cell mul24_mac_replay_candidate.u270 (gen_and2).
Mapping positional arguments of cell mul24_mac_replay_candidate.u269 (gen_and2).
Mapping positional arguments of cell mul24_mac_replay_candidate.u268 (gen_and2).
Mapping positional arguments of cell mul24_mac_replay_candidate.u267 (gen_and2).
Mapping positional arguments of cell mul24_mac_replay_candidate.u266 (gen_and2).
Mapping positional arguments of cell mul24_mac_replay_candidate.u265 (gen_and2).
Mapping positional arguments of cell mul24_mac_replay_candidate.u264 (gen_and2).
Mapping positional arguments of cell mul24_mac_replay_candidate.u263 (gen_and2).
Mapping positional arguments of cell mul24_mac_replay_candidate.u262 (gen_and2).
Mapping positional arguments of cell mul24_mac_replay_candidate.u261 (gen_and2).
Mapping positional arguments of cell mul24_mac_replay_candidate.u260 (gen_and2).
Mapping positional arguments of cell mul24_mac_replay_candidate.u259 (gen_and2).
Mapping positional arguments of cell mul24_mac_replay_candidate.u258 (gen_and2).
Mapping positional arguments of cell mul24_mac_replay_candidate.u257 (gen_and2).
Mapping positional arguments of cell mul24_mac_replay_candidate.u256 (gen_and2).
Mapping positional arguments of cell mul24_mac_replay_candidate.u255 (gen_and2).
Mapping positional arguments of cell mul24_mac_replay_candidate.u254 (gen_and2).
Mapping positional arguments of cell mul24_mac_replay_candidate.u253 (gen_and2).
Mapping positional arguments of cell mul24_mac_replay_candidate.u252 (gen_and2).
Mapping positional arguments of cell mul24_mac_replay_candidate.u251 (gen_and2).
Mapping positional arguments of cell mul24_mac_replay_candidate.u250 (gen_and2).
Mapping positional arguments of cell mul24_mac_replay_candidate.u249 (gen_and2).
Mapping positional arguments of cell mul24_mac_replay_candidate.u248 (gen_and2).
Mapping positional arguments of cell mul24_mac_replay_candidate.u247 (gen_and2).
Mapping positional arguments of cell mul24_mac_replay_candidate.u246 (gen_and2).
Mapping positional arguments of cell mul24_mac_replay_candidate.u245 (gen_and2).
Mapping positional arguments of cell mul24_mac_replay_candidate.u244 (gen_and2).
Mapping positional arguments of cell mul24_mac_replay_candidate.u243 (gen_and2).
Mapping positional arguments of cell mul24_mac_replay_candidate.u242 (gen_and2).
Mapping positional arguments of cell mul24_mac_replay_candidate.u241 (gen_and2).
Mapping positional arguments of cell mul24_mac_replay_candidate.u240 (gen_and2).
Mapping positional arguments of cell mul24_mac_replay_candidate.u239 (gen_and2).
Mapping positional arguments of cell mul24_mac_replay_candidate.u238 (gen_and2).
Mapping positional arguments of cell mul24_mac_replay_candidate.u237 (gen_and2).
Mapping positional arguments of cell mul24_mac_replay_candidate.u236 (gen_and2).
Mapping positional arguments of cell mul24_mac_replay_candidate.u235 (gen_and2).
Mapping positional arguments of cell mul24_mac_replay_candidate.u234 (gen_and2).
Mapping positional arguments of cell mul24_mac_replay_candidate.u233 (gen_and2).
Mapping positional arguments of cell mul24_mac_replay_candidate.u232 (gen_and2).
Mapping positional arguments of cell mul24_mac_replay_candidate.u231 (gen_and2).
Mapping positional arguments of cell mul24_mac_replay_candidate.u230 (gen_and2).
Mapping positional arguments of cell mul24_mac_replay_candidate.u229 (gen_and2).
Mapping positional arguments of cell mul24_mac_replay_candidate.u228 (gen_and2).
Mapping positional arguments of cell mul24_mac_replay_candidate.u227 (gen_and2).
Mapping positional arguments of cell mul24_mac_replay_candidate.u226 (gen_and2).
Mapping positional arguments of cell mul24_mac_replay_candidate.u225 (gen_and2).
Mapping positional arguments of cell mul24_mac_replay_candidate.u224 (gen_and2).
Mapping positional arguments of cell mul24_mac_replay_candidate.u223 (gen_and2).
Mapping positional arguments of cell mul24_mac_replay_candidate.u222 (gen_and2).
Mapping positional arguments of cell mul24_mac_replay_candidate.u221 (gen_and2).
Mapping positional arguments of cell mul24_mac_replay_candidate.u220 (gen_and2).
Mapping positional arguments of cell mul24_mac_replay_candidate.u219 (gen_and2).
Mapping positional arguments of cell mul24_mac_replay_candidate.u218 (gen_and2).
Mapping positional arguments of cell mul24_mac_replay_candidate.u217 (gen_and2).
Mapping positional arguments of cell mul24_mac_replay_candidate.u216 (gen_and2).
Mapping positional arguments of cell mul24_mac_replay_candidate.u215 (gen_and2).
Mapping positional arguments of cell mul24_mac_replay_candidate.u214 (gen_and2).
Mapping positional arguments of cell mul24_mac_replay_candidate.u213 (gen_and2).
Mapping positional arguments of cell mul24_mac_replay_candidate.u212 (gen_and2).
Mapping positional arguments of cell mul24_mac_replay_candidate.u211 (gen_and2).
Mapping positional arguments of cell mul24_mac_replay_candidate.u210 (gen_and2).
Mapping positional arguments of cell mul24_mac_replay_candidate.u209 (gen_and2).
Mapping positional arguments of cell mul24_mac_replay_candidate.u208 (gen_and2).
Mapping positional arguments of cell mul24_mac_replay_candidate.u207 (gen_and2).
Mapping positional arguments of cell mul24_mac_replay_candidate.u206 (gen_and2).
Mapping positional arguments of cell mul24_mac_replay_candidate.u205 (gen_and2).
Mapping positional arguments of cell mul24_mac_replay_candidate.u204 (gen_and2).
Mapping positional arguments of cell mul24_mac_replay_candidate.u203 (gen_and2).
Mapping positional arguments of cell mul24_mac_replay_candidate.u202 (gen_and2).
Mapping positional arguments of cell mul24_mac_replay_candidate.u201 (gen_and2).
Mapping positional arguments of cell mul24_mac_replay_candidate.u200 (gen_and2).
Mapping positional arguments of cell mul24_mac_replay_candidate.u199 (gen_and2).
Mapping positional arguments of cell mul24_mac_replay_candidate.u198 (gen_and2).
Mapping positional arguments of cell mul24_mac_replay_candidate.u197 (gen_and2).
Mapping positional arguments of cell mul24_mac_replay_candidate.u196 (gen_and2).
Mapping positional arguments of cell mul24_mac_replay_candidate.u195 (gen_and2).
Mapping positional arguments of cell mul24_mac_replay_candidate.u194 (gen_and2).
Mapping positional arguments of cell mul24_mac_replay_candidate.u193 (gen_and2).
Mapping positional arguments of cell mul24_mac_replay_candidate.u192 (gen_and2).
Mapping positional arguments of cell mul24_mac_replay_candidate.u191 (gen_and2).
Mapping positional arguments of cell mul24_mac_replay_candidate.u190 (gen_and2).
Mapping positional arguments of cell mul24_mac_replay_candidate.u189 (gen_and2).
Mapping positional arguments of cell mul24_mac_replay_candidate.u188 (gen_and2).
Mapping positional arguments of cell mul24_mac_replay_candidate.u187 (gen_and2).
Mapping positional arguments of cell mul24_mac_replay_candidate.u186 (gen_and2).
Mapping positional arguments of cell mul24_mac_replay_candidate.u185 (gen_and2).
Mapping positional arguments of cell mul24_mac_replay_candidate.u184 (gen_and2).
Mapping positional arguments of cell mul24_mac_replay_candidate.u183 (gen_and2).
Mapping positional arguments of cell mul24_mac_replay_candidate.u182 (gen_and2).
Mapping positional arguments of cell mul24_mac_replay_candidate.u181 (gen_and2).
Mapping positional arguments of cell mul24_mac_replay_candidate.u180 (gen_and2).
Mapping positional arguments of cell mul24_mac_replay_candidate.u179 (gen_and2).
Mapping positional arguments of cell mul24_mac_replay_candidate.u178 (gen_and2).
Mapping positional arguments of cell mul24_mac_replay_candidate.u177 (gen_and2).
Mapping positional arguments of cell mul24_mac_replay_candidate.u176 (gen_and2).
Mapping positional arguments of cell mul24_mac_replay_candidate.u175 (gen_and2).
Mapping positional arguments of cell mul24_mac_replay_candidate.u174 (gen_and2).
Mapping positional arguments of cell mul24_mac_replay_candidate.u173 (gen_and2).
Mapping positional arguments of cell mul24_mac_replay_candidate.u172 (gen_and2).
Mapping positional arguments of cell mul24_mac_replay_candidate.u171 (gen_and2).
Mapping positional arguments of cell mul24_mac_replay_candidate.u170 (gen_and2).
Mapping positional arguments of cell mul24_mac_replay_candidate.u169 (gen_and2).
Mapping positional arguments of cell mul24_mac_replay_candidate.u168 (gen_and2).
Mapping positional arguments of cell mul24_mac_replay_candidate.u167 (gen_and2).
Mapping positional arguments of cell mul24_mac_replay_candidate.u166 (gen_and2).
Mapping positional arguments of cell mul24_mac_replay_candidate.u165 (gen_and2).
Mapping positional arguments of cell mul24_mac_replay_candidate.u164 (gen_and2).
Mapping positional arguments of cell mul24_mac_replay_candidate.u163 (gen_and2).
Mapping positional arguments of cell mul24_mac_replay_candidate.u162 (gen_and2).
Mapping positional arguments of cell mul24_mac_replay_candidate.u161 (gen_and2).
Mapping positional arguments of cell mul24_mac_replay_candidate.u160 (gen_and2).
Mapping positional arguments of cell mul24_mac_replay_candidate.u159 (gen_and2).
Mapping positional arguments of cell mul24_mac_replay_candidate.u158 (gen_and2).
Mapping positional arguments of cell mul24_mac_replay_candidate.u157 (gen_and2).
Mapping positional arguments of cell mul24_mac_replay_candidate.u156 (gen_and2).
Mapping positional arguments of cell mul24_mac_replay_candidate.u155 (gen_and2).
Mapping positional arguments of cell mul24_mac_replay_candidate.u154 (gen_and2).
Mapping positional arguments of cell mul24_mac_replay_candidate.u153 (gen_and2).
Mapping positional arguments of cell mul24_mac_replay_candidate.u152 (gen_and2).
Mapping positional arguments of cell mul24_mac_replay_candidate.u151 (gen_and2).
Mapping positional arguments of cell mul24_mac_replay_candidate.u150 (gen_and2).
Mapping positional arguments of cell mul24_mac_replay_candidate.u149 (gen_and2).
Mapping positional arguments of cell mul24_mac_replay_candidate.u148 (gen_and2).
Mapping positional arguments of cell mul24_mac_replay_candidate.u147 (gen_and2).
Mapping positional arguments of cell mul24_mac_replay_candidate.u146 (gen_and2).
Mapping positional arguments of cell mul24_mac_replay_candidate.u145 (gen_and2).
Mapping positional arguments of cell mul24_mac_replay_candidate.u144 (gen_and2).
Mapping positional arguments of cell mul24_mac_replay_candidate.u143 (gen_and2).
Mapping positional arguments of cell mul24_mac_replay_candidate.u142 (gen_and2).
Mapping positional arguments of cell mul24_mac_replay_candidate.u141 (gen_and2).
Mapping positional arguments of cell mul24_mac_replay_candidate.u140 (gen_and2).
Mapping positional arguments of cell mul24_mac_replay_candidate.u139 (gen_and2).
Mapping positional arguments of cell mul24_mac_replay_candidate.u138 (gen_and2).
Mapping positional arguments of cell mul24_mac_replay_candidate.u137 (gen_and2).
Mapping positional arguments of cell mul24_mac_replay_candidate.u136 (gen_and2).
Mapping positional arguments of cell mul24_mac_replay_candidate.u135 (gen_and2).
Mapping positional arguments of cell mul24_mac_replay_candidate.u134 (gen_and2).
Mapping positional arguments of cell mul24_mac_replay_candidate.u133 (gen_and2).
Mapping positional arguments of cell mul24_mac_replay_candidate.u132 (gen_and2).
Mapping positional arguments of cell mul24_mac_replay_candidate.u131 (gen_and2).
Mapping positional arguments of cell mul24_mac_replay_candidate.u130 (gen_and2).
Mapping positional arguments of cell mul24_mac_replay_candidate.u129 (gen_and2).
Mapping positional arguments of cell mul24_mac_replay_candidate.u128 (gen_and2).
Mapping positional arguments of cell mul24_mac_replay_candidate.u127 (gen_and2).
Mapping positional arguments of cell mul24_mac_replay_candidate.u126 (gen_and2).
Mapping positional arguments of cell mul24_mac_replay_candidate.u125 (gen_and2).
Mapping positional arguments of cell mul24_mac_replay_candidate.u124 (gen_and2).
Mapping positional arguments of cell mul24_mac_replay_candidate.u123 (gen_and2).
Mapping positional arguments of cell mul24_mac_replay_candidate.u122 (gen_and2).
Mapping positional arguments of cell mul24_mac_replay_candidate.u121 (gen_and2).
Mapping positional arguments of cell mul24_mac_replay_candidate.u120 (gen_and2).
Mapping positional arguments of cell mul24_mac_replay_candidate.u119 (gen_and2).
Mapping positional arguments of cell mul24_mac_replay_candidate.u118 (gen_and2).
Mapping positional arguments of cell mul24_mac_replay_candidate.u117 (gen_and2).
Mapping positional arguments of cell mul24_mac_replay_candidate.u116 (gen_and2).
Mapping positional arguments of cell mul24_mac_replay_candidate.u115 (gen_and2).
Mapping positional arguments of cell mul24_mac_replay_candidate.u114 (gen_and2).
Mapping positional arguments of cell mul24_mac_replay_candidate.u113 (gen_and2).
Mapping positional arguments of cell mul24_mac_replay_candidate.u112 (gen_and2).
Mapping positional arguments of cell mul24_mac_replay_candidate.u111 (gen_and2).
Mapping positional arguments of cell mul24_mac_replay_candidate.u110 (gen_and2).
Mapping positional arguments of cell mul24_mac_replay_candidate.u109 (gen_and2).
Mapping positional arguments of cell mul24_mac_replay_candidate.u108 (gen_and2).
Mapping positional arguments of cell mul24_mac_replay_candidate.u107 (gen_and2).
Mapping positional arguments of cell mul24_mac_replay_candidate.u106 (gen_and2).
Mapping positional arguments of cell mul24_mac_replay_candidate.u105 (gen_and2).
Mapping positional arguments of cell mul24_mac_replay_candidate.u104 (gen_and2).
Mapping positional arguments of cell mul24_mac_replay_candidate.u103 (gen_and2).
Mapping positional arguments of cell mul24_mac_replay_candidate.u102 (gen_and2).
Mapping positional arguments of cell mul24_mac_replay_candidate.u101 (gen_and2).
Mapping positional arguments of cell mul24_mac_replay_candidate.u100 (gen_and2).
Mapping positional arguments of cell mul24_mac_replay_candidate.u99 (gen_and2).
Mapping positional arguments of cell mul24_mac_replay_candidate.u98 (gen_and2).
Mapping positional arguments of cell mul24_mac_replay_candidate.u97 (gen_and2).
Mapping positional arguments of cell mul24_mac_replay_candidate.u96 (gen_and2).
Mapping positional arguments of cell mul24_mac_replay_candidate.u95 (gen_and2).
Mapping positional arguments of cell mul24_mac_replay_candidate.u94 (gen_and2).
Mapping positional arguments of cell mul24_mac_replay_candidate.u93 (gen_and2).
Mapping positional arguments of cell mul24_mac_replay_candidate.u92 (gen_and2).
Mapping positional arguments of cell mul24_mac_replay_candidate.u91 (gen_and2).
Mapping positional arguments of cell mul24_mac_replay_candidate.u90 (gen_and2).
Mapping positional arguments of cell mul24_mac_replay_candidate.u89 (gen_and2).
Mapping positional arguments of cell mul24_mac_replay_candidate.u88 (gen_and2).
Mapping positional arguments of cell mul24_mac_replay_candidate.u87 (gen_and2).
Mapping positional arguments of cell mul24_mac_replay_candidate.u86 (gen_and2).
Mapping positional arguments of cell mul24_mac_replay_candidate.u85 (gen_and2).
Mapping positional arguments of cell mul24_mac_replay_candidate.u84 (gen_and2).
Mapping positional arguments of cell mul24_mac_replay_candidate.u83 (gen_and2).
Mapping positional arguments of cell mul24_mac_replay_candidate.u82 (gen_and2).
Mapping positional arguments of cell mul24_mac_replay_candidate.u81 (gen_and2).
Mapping positional arguments of cell mul24_mac_replay_candidate.u80 (gen_and2).
Mapping positional arguments of cell mul24_mac_replay_candidate.u79 (gen_and2).
Mapping positional arguments of cell mul24_mac_replay_candidate.u78 (gen_and2).
Mapping positional arguments of cell mul24_mac_replay_candidate.u77 (gen_and2).
Mapping positional arguments of cell mul24_mac_replay_candidate.u76 (gen_and2).
Mapping positional arguments of cell mul24_mac_replay_candidate.u75 (gen_and2).
Mapping positional arguments of cell mul24_mac_replay_candidate.u74 (gen_and2).
Mapping positional arguments of cell mul24_mac_replay_candidate.u73 (gen_and2).
Mapping positional arguments of cell mul24_mac_replay_candidate.u72 (gen_and2).
Mapping positional arguments of cell mul24_mac_replay_candidate.u71 (gen_and2).
Mapping positional arguments of cell mul24_mac_replay_candidate.u70 (gen_and2).
Mapping positional arguments of cell mul24_mac_replay_candidate.u69 (gen_and2).
Mapping positional arguments of cell mul24_mac_replay_candidate.u68 (gen_and2).
Mapping positional arguments of cell mul24_mac_replay_candidate.u67 (gen_and2).
Mapping positional arguments of cell mul24_mac_replay_candidate.u66 (gen_and2).
Mapping positional arguments of cell mul24_mac_replay_candidate.u65 (gen_and2).
Mapping positional arguments of cell mul24_mac_replay_candidate.u64 (gen_and2).
Mapping positional arguments of cell mul24_mac_replay_candidate.u63 (gen_and2).
Mapping positional arguments of cell mul24_mac_replay_candidate.u62 (gen_and2).
Mapping positional arguments of cell mul24_mac_replay_candidate.u61 (gen_and2).
Mapping positional arguments of cell mul24_mac_replay_candidate.u60 (gen_and2).
Mapping positional arguments of cell mul24_mac_replay_candidate.u59 (gen_and2).
Mapping positional arguments of cell mul24_mac_replay_candidate.u58 (gen_and2).
Mapping positional arguments of cell mul24_mac_replay_candidate.u57 (gen_and2).
Mapping positional arguments of cell mul24_mac_replay_candidate.u56 (gen_and2).
Mapping positional arguments of cell mul24_mac_replay_candidate.u55 (gen_and2).
Mapping positional arguments of cell mul24_mac_replay_candidate.u54 (gen_and2).
Mapping positional arguments of cell mul24_mac_replay_candidate.u53 (gen_and2).
Mapping positional arguments of cell mul24_mac_replay_candidate.u52 (gen_and2).
Mapping positional arguments of cell mul24_mac_replay_candidate.u51 (gen_and2).
Mapping positional arguments of cell mul24_mac_replay_candidate.u50 (gen_and2).
Mapping positional arguments of cell mul24_mac_replay_candidate.u49 (gen_and2).
Mapping positional arguments of cell mul24_mac_replay_candidate.u48 (gen_and2).
Mapping positional arguments of cell mul24_mac_replay_candidate.u47 (gen_and2).
Mapping positional arguments of cell mul24_mac_replay_candidate.u46 (gen_and2).
Mapping positional arguments of cell mul24_mac_replay_candidate.u45 (gen_and2).
Mapping positional arguments of cell mul24_mac_replay_candidate.u44 (gen_and2).
Mapping positional arguments of cell mul24_mac_replay_candidate.u43 (gen_and2).
Mapping positional arguments of cell mul24_mac_replay_candidate.u42 (gen_and2).
Mapping positional arguments of cell mul24_mac_replay_candidate.u41 (gen_and2).
Mapping positional arguments of cell mul24_mac_replay_candidate.u40 (gen_and2).
Mapping positional arguments of cell mul24_mac_replay_candidate.u39 (gen_and2).
Mapping positional arguments of cell mul24_mac_replay_candidate.u38 (gen_and2).
Mapping positional arguments of cell mul24_mac_replay_candidate.u37 (gen_and2).
Mapping positional arguments of cell mul24_mac_replay_candidate.u36 (gen_and2).
Mapping positional arguments of cell mul24_mac_replay_candidate.u35 (gen_and2).
Mapping positional arguments of cell mul24_mac_replay_candidate.u34 (gen_and2).
Mapping positional arguments of cell mul24_mac_replay_candidate.u33 (gen_and2).
Mapping positional arguments of cell mul24_mac_replay_candidate.u32 (gen_and2).
Mapping positional arguments of cell mul24_mac_replay_candidate.u31 (gen_and2).
Mapping positional arguments of cell mul24_mac_replay_candidate.u30 (gen_and2).
Mapping positional arguments of cell mul24_mac_replay_candidate.u29 (gen_and2).
Mapping positional arguments of cell mul24_mac_replay_candidate.u28 (gen_and2).
Mapping positional arguments of cell mul24_mac_replay_candidate.u27 (gen_and2).
Mapping positional arguments of cell mul24_mac_replay_candidate.u26 (gen_and2).
Mapping positional arguments of cell mul24_mac_replay_candidate.u25 (gen_and2).
Mapping positional arguments of cell mul24_mac_replay_candidate.u24 (gen_and2).
Mapping positional arguments of cell mul24_mac_replay_candidate.u23 (gen_and2).
Mapping positional arguments of cell mul24_mac_replay_candidate.u22 (gen_and2).
Mapping positional arguments of cell mul24_mac_replay_candidate.u21 (gen_and2).
Mapping positional arguments of cell mul24_mac_replay_candidate.u20 (gen_and2).
Mapping positional arguments of cell mul24_mac_replay_candidate.u19 (gen_and2).
Mapping positional arguments of cell mul24_mac_replay_candidate.u18 (gen_and2).
Mapping positional arguments of cell mul24_mac_replay_candidate.u17 (gen_and2).
Mapping positional arguments of cell mul24_mac_replay_candidate.u16 (gen_and2).
Mapping positional arguments of cell mul24_mac_replay_candidate.u15 (gen_and2).
Mapping positional arguments of cell mul24_mac_replay_candidate.u14 (gen_and2).
Mapping positional arguments of cell mul24_mac_replay_candidate.u13 (gen_and2).
Mapping positional arguments of cell mul24_mac_replay_candidate.u12 (gen_and2).
Mapping positional arguments of cell mul24_mac_replay_candidate.u11 (gen_and2).
Mapping positional arguments of cell mul24_mac_replay_candidate.u10 (gen_and2).
Mapping positional arguments of cell mul24_mac_replay_candidate.u9 (gen_and2).
Mapping positional arguments of cell mul24_mac_replay_candidate.u8 (gen_and2).
Mapping positional arguments of cell mul24_mac_replay_candidate.u7 (gen_and2).
Mapping positional arguments of cell mul24_mac_replay_candidate.u6 (gen_and2).
Mapping positional arguments of cell mul24_mac_replay_candidate.u5 (gen_and2).
Mapping positional arguments of cell mul24_mac_replay_candidate.u4 (gen_and2).
Mapping positional arguments of cell mul24_mac_replay_candidate.u3 (gen_and2).
Mapping positional arguments of cell mul24_mac_replay_candidate.u2 (gen_and2).
Mapping positional arguments of cell mul24_mac_replay_candidate.u1 (gen_and2).
Mapping positional arguments of cell mul24_mac_replay_candidate.u0 (gen_and2).

5. Executing PROC pass (convert processes to netlists).

5.1. Executing PROC_CLEAN pass (remove empty switches from decision trees).
Cleaned up 0 empty switches.

5.2. Executing PROC_RMDEAD pass (remove dead branches from decision trees).
Removed a total of 0 dead cases.

5.3. Executing PROC_PRUNE pass (remove redundant assignments in processes).
Removed 0 redundant assignments.
Promoted 0 assignments to connections.

5.4. Executing PROC_INIT pass (extract init attributes).

5.5. Executing PROC_ARST pass (detect async resets in processes).

5.6. Executing PROC_ROM pass (convert switches to ROMs).
Converted 0 switches.

5.7. Executing PROC_MUX pass (convert decision trees to multiplexers).

5.8. Executing PROC_DLATCH pass (convert process syncs to latches).

5.9. Executing PROC_DFF pass (convert process syncs to FFs).

5.10. Executing PROC_MEMWR pass (convert process memory writes to cells).

5.11. Executing PROC_CLEAN pass (remove empty switches from decision trees).
Cleaned up 0 empty switches.

5.12. Executing OPT_EXPR pass (perform const folding).
Optimizing module gen_pg.
Optimizing module gen_famux.
Optimizing module mul24_mac_replay_candidate.
Optimizing module gen_ha.
Optimizing module gen_gray.
Optimizing module gen_xor2.
Optimizing module gen_black.
Optimizing module gen_or2.
Optimizing module gen_and2.

6. Executing FLATTEN pass (flatten design).
Deleting now unused module gen_pg.
Deleting now unused module gen_famux.
Deleting now unused module gen_ha.
Deleting now unused module gen_gray.
Deleting now unused module gen_xor2.
Deleting now unused module gen_black.
Deleting now unused module gen_or2.
Deleting now unused module gen_and2.
<suppressed ~1605 debug messages>

7. Executing OPT pass (performing simple optimizations).

7.1. Executing OPT_EXPR pass (perform const folding).
Optimizing module mul24_mac_replay_candidate.

7.2. Executing OPT_MERGE pass (detect identical cells).
Finding identical cells in module `\mul24_mac_replay_candidate'.
Computing hashes of 4554 cells of `\mul24_mac_replay_candidate'.
Finding duplicate cells in `\mul24_mac_replay_candidate'.
Removed a total of 0 cells.

7.3. Executing OPT_MUXTREE pass (detect dead branches in mux trees).
Running muxtree optimizer on module \mul24_mac_replay_candidate..
  Creating internal representation of mux trees.
  Evaluating internal representation of mux trees.
  Analyzing evaluation results.
Removed 0 multiplexer ports.
<suppressed ~1054 debug messages>

7.4. Executing OPT_REDUCE pass (consolidate $*mux and $reduce_* inputs).
  Optimizing cells in module \mul24_mac_replay_candidate.
Performed a total of 0 changes.

7.5. Executing OPT_MERGE pass (detect identical cells).
Finding identical cells in module `\mul24_mac_replay_candidate'.
Computing hashes of 4554 cells of `\mul24_mac_replay_candidate'.
Finding duplicate cells in `\mul24_mac_replay_candidate'.
Removed a total of 0 cells.

7.6. Executing OPT_DFF pass (perform DFF optimizations).

7.7. Executing OPT_CLEAN pass (remove unused cells and wires).
Finding unused cells or wires in module \mul24_mac_replay_candidate..
Removed 0 unused cells and 2821 unused wires.
<suppressed ~1 debug messages>

7.8. Executing OPT_EXPR pass (perform const folding).
Optimizing module mul24_mac_replay_candidate.

7.9. Rerunning OPT passes. (Maybe there is more to do..)

7.10. Executing OPT_MUXTREE pass (detect dead branches in mux trees).
Running muxtree optimizer on module \mul24_mac_replay_candidate..
  Creating internal representation of mux trees.
  Evaluating internal representation of mux trees.
  Analyzing evaluation results.
Removed 0 multiplexer ports.
<suppressed ~1054 debug messages>

7.11. Executing OPT_REDUCE pass (consolidate $*mux and $reduce_* inputs).
  Optimizing cells in module \mul24_mac_replay_candidate.
Performed a total of 0 changes.

7.12. Executing OPT_MERGE pass (detect identical cells).
Finding identical cells in module `\mul24_mac_replay_candidate'.
Computing hashes of 4554 cells of `\mul24_mac_replay_candidate'.
Finding duplicate cells in `\mul24_mac_replay_candidate'.
Removed a total of 0 cells.

7.13. Executing OPT_DFF pass (perform DFF optimizations).

7.14. Executing OPT_CLEAN pass (remove unused cells and wires).
Finding unused cells or wires in module \mul24_mac_replay_candidate..

7.15. Executing OPT_EXPR pass (perform const folding).
Optimizing module mul24_mac_replay_candidate.

7.16. Finished fast OPT passes. (There is nothing left to do.)

8. Executing TECHMAP pass (map to technology primitives).

8.1. Executing Verilog-2005 frontend: /opt/homebrew/bin/../share/yosys/techmap.v
Parsing Verilog input from `/opt/homebrew/bin/../share/yosys/techmap.v' to AST representation.
Generating RTLIL representation for module `\_90_simplemap_bool_ops'.
Generating RTLIL representation for module `\_90_simplemap_reduce_ops'.
Generating RTLIL representation for module `\_90_simplemap_logic_ops'.
Generating RTLIL representation for module `\_90_simplemap_compare_ops'.
Generating RTLIL representation for module `\_90_simplemap_various'.
Generating RTLIL representation for module `\_90_simplemap_registers'.
Generating RTLIL representation for module `\_90_shift_ops_shr_shl_sshl_sshr'.
Generating RTLIL representation for module `\_90_shift_shiftx'.
Generating RTLIL representation for module `\_90_fa'.
Generating RTLIL representation for module `\_90_lcu_brent_kung'.
Generating RTLIL representation for module `\_90_alu'.
Generating RTLIL representation for module `\_90_macc'.
Generating RTLIL representation for module `\_90_alumacc'.
Generating RTLIL representation for module `$__div_mod_u'.
Generating RTLIL representation for module `$__div_mod_trunc'.
Generating RTLIL representation for module `\_90_div'.
Generating RTLIL representation for module `\_90_mod'.
Generating RTLIL representation for module `$__div_mod_floor'.
Generating RTLIL representation for module `\_90_divfloor'.
Generating RTLIL representation for module `\_90_modfloor'.
Generating RTLIL representation for module `\_90_pow'.
Generating RTLIL representation for module `\_90_demux'.
Generating RTLIL representation for module `\_90_lut'.
Generating RTLIL representation for module `$connect'.
Generating RTLIL representation for module `$input_port'.
Successfully finished Verilog frontend.

8.2. Continuing TECHMAP pass.
Using extmapper simplemap for cells of type $and.
Using extmapper simplemap for cells of type $xor.
Using extmapper simplemap for cells of type $mux.
Using extmapper simplemap for cells of type $or.
No more expansions possible.
<suppressed ~3026 debug messages>

9. Executing OPT pass (performing simple optimizations).

9.1. Executing OPT_EXPR pass (perform const folding).
Optimizing module mul24_mac_replay_candidate.

9.2. Executing OPT_MERGE pass (detect identical cells).
Finding identical cells in module `\mul24_mac_replay_candidate'.
Computing hashes of 4554 cells of `\mul24_mac_replay_candidate'.
Finding duplicate cells in `\mul24_mac_replay_candidate'.
Removed a total of 0 cells.

9.3. Executing OPT_MUXTREE pass (detect dead branches in mux trees).
Running muxtree optimizer on module \mul24_mac_replay_candidate..
  Creating internal representation of mux trees.
  No muxes found in this module.
Removed 0 multiplexer ports.

9.4. Executing OPT_REDUCE pass (consolidate $*mux and $reduce_* inputs).
  Optimizing cells in module \mul24_mac_replay_candidate.
Performed a total of 0 changes.

9.5. Executing OPT_MERGE pass (detect identical cells).
Finding identical cells in module `\mul24_mac_replay_candidate'.
Computing hashes of 4554 cells of `\mul24_mac_replay_candidate'.
Finding duplicate cells in `\mul24_mac_replay_candidate'.
Removed a total of 0 cells.

9.6. Executing OPT_DFF pass (perform DFF optimizations).

9.7. Executing OPT_CLEAN pass (remove unused cells and wires).
Finding unused cells or wires in module \mul24_mac_replay_candidate..

9.8. Executing OPT_EXPR pass (perform const folding).
Optimizing module mul24_mac_replay_candidate.

9.9. Finished fast OPT passes. (There is nothing left to do.)

10. Executing ABC pass (technology mapping using ABC).

10.1. Extracting gate netlist of module `\mul24_mac_replay_candidate' to `<abc-temp-dir>/input.blif'..
ABC: using cached merged SCL: /var/folders/hy/_ylqg90n5lz20fd6tsrwg0cw0000gn/T/yosys-liberty-scl-cache/yosys_merged_8c8a9dd1.scl (1 files)

10.1.1. Executed ABC.
Extracted 2949 gates and 3045 wires to a netlist network with 96 inputs and 75 outputs.
Running ABC script: <abc-temp-dir>/abc.script
ABC: ======== ABC command line "source <abc-temp-dir>/abc.script"
ABC: + read_blif <abc-temp-dir>/input.blif 
ABC: + read_scl /var/folders/hy/_ylqg90n5lz20fd6tsrwg0cw0000gn/T/yosys-liberty-scl-cache/yosys_merged_8c8a9dd1.scl 
ABC: Warning: Detected 9 multi-output cells (for example, "sky130_fd_sc_hd__fa_1").
ABC: + source /Users/andrewhendel/CascadeProjects/tinytapeout2/scripts/abc/classic.script 
ABC: + write_blif <abc-temp-dir>/output.blif 

10.1.2. Re-integrating ABC results.
ABC RESULTS:   sky130_fd_sc_hd__a211o_2 cells:        4
ABC RESULTS:   sky130_fd_sc_hd__a211oi_1 cells:        8
ABC RESULTS:   sky130_fd_sc_hd__a21boi_0 cells:       77
ABC RESULTS:   sky130_fd_sc_hd__a21o_2 cells:       43
ABC RESULTS:   sky130_fd_sc_hd__a21oi_1 cells:      277
ABC RESULTS:   sky130_fd_sc_hd__a22o_2 cells:       16
ABC RESULTS:   sky130_fd_sc_hd__a22oi_1 cells:      110
ABC RESULTS:   sky130_fd_sc_hd__a2bb2oi_1 cells:        3
ABC RESULTS:   sky130_fd_sc_hd__a311oi_1 cells:        3
ABC RESULTS:   sky130_fd_sc_hd__a31o_2 cells:        1
ABC RESULTS:   sky130_fd_sc_hd__a31oi_1 cells:       12
ABC RESULTS:   sky130_fd_sc_hd__a41oi_1 cells:        4
ABC RESULTS:   sky130_fd_sc_hd__and2_2 cells:       47
ABC RESULTS:   sky130_fd_sc_hd__and3_2 cells:        4
ABC RESULTS:   sky130_fd_sc_hd__clkinv_1 cells:      380
ABC RESULTS:   sky130_fd_sc_hd__lpflow_inputiso0p_1 cells:        7
ABC RESULTS:   sky130_fd_sc_hd__maj3_1 cells:        1
ABC RESULTS:   sky130_fd_sc_hd__nand2_1 cells:     2017
ABC RESULTS:   sky130_fd_sc_hd__nand3_1 cells:     1540
ABC RESULTS:   sky130_fd_sc_hd__nand3b_1 cells:       46
ABC RESULTS:   sky130_fd_sc_hd__nand4_1 cells:      697
ABC RESULTS:   sky130_fd_sc_hd__nor2_1 cells:      163
ABC RESULTS:   sky130_fd_sc_hd__nor3_1 cells:       19
ABC RESULTS:   sky130_fd_sc_hd__nor4_1 cells:        5
ABC RESULTS:   sky130_fd_sc_hd__o2111a_1 cells:        2
ABC RESULTS:   sky130_fd_sc_hd__o2111ai_1 cells:       16
ABC RESULTS:   sky130_fd_sc_hd__o211a_1 cells:        4
ABC RESULTS:   sky130_fd_sc_hd__o211ai_1 cells:       74
ABC RESULTS:   sky130_fd_sc_hd__o21a_1 cells:       25
ABC RESULTS:   sky130_fd_sc_hd__o21ai_0 cells:      185
ABC RESULTS:   sky130_fd_sc_hd__o21bai_1 cells:       11
ABC RESULTS:   sky130_fd_sc_hd__o22ai_1 cells:       23
ABC RESULTS:   sky130_fd_sc_hd__o2bb2ai_1 cells:       66
ABC RESULTS:   sky130_fd_sc_hd__o31ai_1 cells:        2
ABC RESULTS:   sky130_fd_sc_hd__or2_2 cells:       20
ABC RESULTS:   sky130_fd_sc_hd__or2b_2 cells:        4
ABC RESULTS:   sky130_fd_sc_hd__xnor2_1 cells:       35
ABC RESULTS:   sky130_fd_sc_hd__xnor3_4 cells:       21
ABC RESULTS:   sky130_fd_sc_hd__xor2_1 cells:       46
ABC RESULTS:   sky130_fd_sc_hd__xor3_4 cells:        4
ABC RESULTS:        internal signals:     2874
ABC RESULTS:           input signals:       96
ABC RESULTS:          output signals:       75
Removing temp directory.
Removing global temp directory.

11. Executing OPT_CLEAN pass (remove unused cells and wires).
Finding unused cells or wires in module \mul24_mac_replay_candidate..
Removed 0 unused cells and 826 unused wires.
<suppressed ~528 debug messages>
Renaming module \mul24_mac_replay_candidate to \mul24_mac_replay_candidate_classic.

12. Executing Verilog backend.
Dumping module `\mul24_mac_replay_candidate_classic'.

End of script. Logfile hash: 0cccc73357, time: 3.80s, user: 0.61s, system: 0.03s, MEM: 65.59 MB peak
Yosys 0.68+post (git sha1 c12172fbae8af5e20f6fb52e3d4e92d56ed587b6, Release, AppleClang clang++ 21.0.0.21000101)
Time spent: 84% 1x abc (3 sec), 3% 4x read_verilog (0 sec), ...
